user_email,creation_date,product_code,quantity,price_when_added
lsbfmtp@gmail.com,2012-12-03 15:12:33,PROD-63923,1,120.15
lsbfmtp@gmail.com,2012-12-03 15:12:33,PROD-98770,1,2189.16
lsbfmtp@gmail.com,2012-12-03 15:12:33,PROD-68182,1,3733.64
lsbfmtp@gmail.com,2012-06-08 11:24:38,PROD-47908,2,3040.72
lsbfmtp@gmail.com,2012-06-08 11:24:38,PROD-14220,5,3316.93
lsbfmtp@gmail.com,2012-06-08 11:24:38,PROD-50592,5,4060.89
phlpkji@mail.com,2014-08-23 15:58:37,PROD-69771,1,900.53
phlpkji@mail.com,2014-10-16 06:27:22,PROD-92500,3,2932.91
phlpkji@mail.com,2014-10-16 06:27:22,PROD-29979,4,1573.17
vcxgdgf@outlook.com,2018-06-23 17:32:16,PROD-96932,1,1240.92
vcxgdgf@outlook.com,2018-06-23 17:32:16,PROD-82902,4,739.39
vcxgdgf@outlook.com,2018-06-23 17:32:16,PROD-93524,5,695.31
vcxgdgf@outlook.com,2016-03-19 21:39:31,PROD-93870,2,3185.88
vcxgdgf@outlook.com,2016-03-19 21:39:31,PROD-36226,4,3096.15
lxogysg@outlook.com,2018-01-22 23:38:45,PROD-60598,3,3410.25
lxogysg@outlook.com,2018-01-22 23:38:45,PROD-65425,1,1467.21
gearbut@mail.com,2019-09-28 17:05:33,PROD-80127,3,3205.98
gearbut@mail.com,2019-09-28 17:05:33,PROD-44826,1,2275.65
gearbut@mail.com,2019-09-28 17:05:33,PROD-69045,5,2637.09
ztvsngx@mail.com,2021-04-07 21:05:21,PROD-64243,1,3108.83
ztvsngx@mail.com,2015-06-20 08:54:36,PROD-91790,4,2942.37
mzwetgm@gmail.com,2016-12-17 18:17:09,PROD-27088,2,2703.7
mzwetgm@gmail.com,2016-12-17 18:17:09,PROD-68297,5,4947.94
yccxwli@mail.com,2017-11-25 03:34:25,PROD-27835,3,1034.98
yccxwli@mail.com,2017-11-25 03:34:25,PROD-66307,2,435.72
ymgxzsh@yahoo.com,2018-04-19 03:56:05,PROD-89058,3,3911.49
ymgxzsh@yahoo.com,2018-04-19 03:56:05,PROD-27278,1,3620.12
ymgxzsh@yahoo.com,2018-04-19 03:56:05,PROD-93420,4,642.33
ymgxzsh@yahoo.com,2018-04-19 03:56:05,PROD-40564,3,4525.84
ymgxzsh@yahoo.com,2020-11-21 09:13:56,PROD-66534,3,1073.38
ymgxzsh@yahoo.com,2020-11-21 09:13:56,PROD-55140,5,2278.27
ymgxzsh@yahoo.com,2020-11-21 09:13:56,PROD-81088,5,4825.26
kcgviub@yahoo.com,2013-10-31 03:10:54,PROD-11573,4,4833.64
kcgviub@yahoo.com,2013-10-31 03:10:54,PROD-69045,1,1468.14
kcgviub@yahoo.com,2013-10-31 03:10:54,PROD-88547,3,2824.37
kcgviub@yahoo.com,2013-07-21 18:55:53,PROD-91829,2,984.98
decebls@gmail.com,2019-01-22 13:08:57,PROD-98376,3,2466.47
decebls@gmail.com,2019-01-22 13:08:57,PROD-38998,5,1331.27
decebls@gmail.com,2019-01-22 13:08:57,PROD-66706,5,4153.67
decebls@gmail.com,2019-01-22 13:08:57,PROD-59328,5,2149.39
decebls@gmail.com,2023-12-01 11:10:23,PROD-27030,2,1314.93
decebls@gmail.com,2023-12-01 11:10:23,PROD-51621,1,2488.04
qfzuzgt@yahoo.com,2020-03-09 11:51:41,PROD-99676,2,2106.23
qfzuzgt@yahoo.com,2020-03-09 11:51:41,PROD-47829,3,4435.54
qfzuzgt@yahoo.com,2020-03-09 11:51:41,PROD-80320,5,2483.64
urfugdd@outlook.com,2022-01-07 08:36:39,PROD-83621,3,639.75
urfugdd@outlook.com,2022-01-07 08:36:39,PROD-42251,3,1591.33
urfugdd@outlook.com,2022-01-07 08:36:39,PROD-48579,4,4451.29
urfugdd@outlook.com,2022-01-07 08:36:39,PROD-38153,5,1714.98
urfugdd@outlook.com,2025-12-15 22:04:06,PROD-11427,4,2331.86
fepctht@gmail.com,2019-07-06 05:03:28,PROD-92899,5,1648.08
fepctht@gmail.com,2019-07-06 05:03:28,PROD-10909,5,2065.55
fepctht@gmail.com,2023-11-12 08:01:53,PROD-22323,1,3799.46
feaohwv@yahoo.com,2019-04-12 16:40:30,PROD-84656,5,286.4
feaohwv@yahoo.com,2019-04-12 16:40:30,PROD-98354,5,2159.6
feaohwv@yahoo.com,2019-04-12 16:40:30,PROD-29979,2,4304.88
feaohwv@yahoo.com,2019-04-12 16:40:30,PROD-36412,5,1743.17
feaohwv@yahoo.com,2012-01-27 16:10:59,PROD-59001,2,4029.55
snsixqj@mail.com,2019-04-12 03:25:25,PROD-38862,5,999.31
snsixqj@mail.com,2019-04-12 03:25:25,PROD-51621,4,1761.44
snsixqj@mail.com,2019-04-12 03:25:25,PROD-82902,1,4425.58
snsixqj@mail.com,2023-03-23 21:40:02,PROD-22323,3,4349.46
snsixqj@mail.com,2023-03-23 21:40:02,PROD-60510,1,3276.98
snsixqj@mail.com,2023-03-23 21:40:02,PROD-83640,5,4212.41
phookky@outlook.com,2025-02-01 06:54:24,PROD-63814,2,2650.07
phookky@outlook.com,2025-02-01 06:54:24,PROD-56632,2,3137.68
phookky@outlook.com,2025-02-01 06:54:24,PROD-20834,4,1772.44
phookky@outlook.com,2025-02-01 06:54:24,PROD-67993,2,1169.4
sdxanyp@mail.com,2020-04-10 02:25:13,PROD-57745,5,1114.76
willzwq@gmail.com,2017-08-14 18:26:21,PROD-13838,3,339.27
willzwq@gmail.com,2017-08-14 18:26:21,PROD-25342,3,2396.57
willzwq@gmail.com,2017-08-14 18:26:21,PROD-97885,1,2987.5
willzwq@gmail.com,2017-08-14 18:26:21,PROD-41834,2,4908.94
qyvbqgx@gmail.com,2023-04-02 20:05:44,PROD-69694,5,2799.0
qyvbqgx@gmail.com,2023-04-02 20:05:44,PROD-67543,1,3653.25
qyvbqgx@gmail.com,2023-04-02 20:05:44,PROD-32197,4,3363.52
eiqnuit@outlook.com,2016-10-15 04:02:03,PROD-13657,1,1714.64
eiqnuit@outlook.com,2016-10-15 04:02:03,PROD-97492,1,1536.18
eiqnuit@outlook.com,2016-10-15 04:02:03,PROD-60598,2,3094.9
eiqnuit@outlook.com,2017-04-09 01:56:38,PROD-80679,4,1008.98
eiqnuit@outlook.com,2017-04-09 01:56:38,PROD-82732,4,1405.94
eiqnuit@outlook.com,2017-04-09 01:56:38,PROD-60374,2,4192.62
dgsvqou@mail.com,2015-11-01 04:43:31,PROD-74375,3,4450.63
wehqurn@yahoo.com,2018-01-31 08:53:55,PROD-37394,5,1295.2
wehqurn@yahoo.com,2018-01-31 08:53:55,PROD-27835,4,4294.04
fwlmarx@mail.com,2012-06-17 23:16:55,PROD-27964,2,3019.4
fwlmarx@mail.com,2012-06-17 23:16:55,PROD-68297,3,2234.72
fwlmarx@mail.com,2013-12-26 20:34:20,PROD-30172,2,2417.25
fwlmarx@mail.com,2013-12-26 20:34:20,PROD-84057,4,1591.81
fwlmarx@mail.com,2013-12-26 20:34:20,PROD-75899,2,4582.93
bwuzxqa@yahoo.com,2017-01-28 12:04:20,PROD-70092,5,945.23
ygbzaze@outlook.com,2014-12-11 12:19:09,PROD-97885,2,2446.99
ygbzaze@outlook.com,2014-12-11 12:19:09,PROD-15629,1,2647.86
ygbzaze@outlook.com,2014-12-11 12:19:09,PROD-69771,4,4669.68
ygbzaze@outlook.com,2014-12-11 12:19:09,PROD-29059,1,727.91
ygbzaze@outlook.com,2013-07-08 08:09:22,PROD-60510,2,4442.0
ygbzaze@outlook.com,2013-07-08 08:09:22,PROD-24497,1,324.69
pihpaml@yahoo.com,2025-01-25 01:33:09,PROD-60677,1,2154.7
pihpaml@yahoo.com,2025-01-25 01:33:09,PROD-29674,5,4385.26
pihpaml@yahoo.com,2025-01-25 01:33:09,PROD-15466,5,3247.0
fbjjuab@gmail.com,2019-06-09 22:53:06,PROD-89078,2,3993.11
fbjjuab@gmail.com,2019-06-09 22:53:06,PROD-63237,2,1375.37
fbjjuab@gmail.com,2018-01-30 20:36:15,PROD-57745,1,3674.83
fbjjuab@gmail.com,2018-01-30 20:36:15,PROD-42251,2,2400.22
stnlslh@yahoo.com,2015-09-25 03:10:38,PROD-60556,1,677.78
stnlslh@yahoo.com,2015-09-25 03:10:38,PROD-32359,5,2358.21
stnlslh@yahoo.com,2015-09-25 03:10:38,PROD-50708,5,899.59
stnlslh@yahoo.com,2015-09-25 03:10:38,PROD-15361,5,228.62
stnlslh@yahoo.com,2018-10-12 21:36:27,PROD-64788,3,708.77
stnlslh@yahoo.com,2018-10-12 21:36:27,PROD-70859,4,4448.99
stnlslh@yahoo.com,2018-10-12 21:36:27,PROD-90934,2,3747.73
pvrplmu@mail.com,2016-08-21 10:00:28,PROD-93864,5,819.8
pvrplmu@mail.com,2016-08-21 10:00:28,PROD-19190,1,4668.48
pvrplmu@mail.com,2016-08-21 10:00:28,PROD-21103,1,967.56
pvrplmu@mail.com,2016-08-21 10:00:28,PROD-48579,1,2142.25
dgokmzw@gmail.com,2019-06-28 19:44:15,PROD-17050,1,1309.99
vluxjqv@gmail.com,2019-12-26 13:52:30,PROD-84057,3,928.82
vluxjqv@gmail.com,2019-12-26 13:52:30,PROD-67127,3,1679.02
vluxjqv@gmail.com,2019-12-26 13:52:30,PROD-31664,1,4442.69
vluxjqv@gmail.com,2019-12-26 13:52:30,PROD-11074,5,3611.43
lmdxxxk@gmail.com,2014-11-26 12:46:27,PROD-36226,3,2412.91
lmdxxxk@gmail.com,2014-11-26 12:46:27,PROD-95093,1,2205.81
lmdxxxk@gmail.com,2014-11-26 12:46:27,PROD-71348,5,3731.31
sohjyvk@gmail.com,2014-03-31 20:30:09,PROD-22940,1,815.21
sohjyvk@gmail.com,2021-07-14 07:59:06,PROD-89058,2,2466.6
sohjyvk@gmail.com,2021-07-14 07:59:06,PROD-29410,5,2648.74
sohjyvk@gmail.com,2021-07-14 07:59:06,PROD-13838,2,1778.98
sohjyvk@gmail.com,2021-07-14 07:59:06,PROD-59860,4,1237.79
ugwgseq@outlook.com,2022-01-01 15:12:30,PROD-15599,5,632.82
ugwgseq@outlook.com,2022-01-01 15:12:30,PROD-49710,2,1771.61
ugwgseq@outlook.com,2022-01-01 15:12:30,PROD-84790,1,4097.81
lcuugfk@yahoo.com,2024-05-06 21:31:34,PROD-89058,4,4427.38
lcuugfk@yahoo.com,2024-05-06 21:31:34,PROD-70945,3,2538.35
lcuugfk@yahoo.com,2024-05-06 21:31:34,PROD-84065,5,1849.18
mvkyofu@yahoo.com,2018-08-23 03:45:58,PROD-52621,4,1861.63
mvkyofu@yahoo.com,2018-08-23 03:45:58,PROD-32359,4,2193.46
mvkyofu@yahoo.com,2018-08-23 03:45:58,PROD-32407,1,2835.12
mvkyofu@yahoo.com,2022-07-02 03:20:56,PROD-34924,1,3180.87
mvkyofu@yahoo.com,2022-07-02 03:20:56,PROD-20866,2,3573.53
mvkyofu@yahoo.com,2022-07-02 03:20:56,PROD-48225,5,4256.78
mvkyofu@yahoo.com,2022-07-02 03:20:56,PROD-96932,5,4266.83
scgufhd@gmail.com,2012-12-20 11:44:30,PROD-70633,4,270.65
scgufhd@gmail.com,2012-12-20 11:44:30,PROD-33749,1,100.96
scgufhd@gmail.com,2017-10-02 08:34:13,PROD-47798,2,2824.45
scgufhd@gmail.com,2017-10-02 08:34:13,PROD-63244,4,1501.85
scgufhd@gmail.com,2017-10-02 08:34:13,PROD-35301,4,558.76
scgufhd@gmail.com,2017-10-02 08:34:13,PROD-27816,4,1848.46
gujhoay@yahoo.com,2012-09-06 00:25:15,PROD-85677,4,2181.07
gujhoay@yahoo.com,2012-09-06 00:25:15,PROD-98375,1,1628.43
gujhoay@yahoo.com,2012-09-06 00:25:15,PROD-14423,4,2646.07
jgbgbwv@gmail.com,2015-05-22 22:04:43,PROD-93870,2,1974.79
jgbgbwv@gmail.com,2015-05-22 22:04:43,PROD-21600,5,4418.01
jgbgbwv@gmail.com,2015-05-22 22:04:43,PROD-27835,5,2382.11
jgbgbwv@gmail.com,2015-05-22 22:04:43,PROD-82732,5,662.39
jgbgbwv@gmail.com,2014-05-05 00:50:07,PROD-59767,4,276.02
jgbgbwv@gmail.com,2014-05-05 00:50:07,PROD-36412,2,4015.41
jgbgbwv@gmail.com,2014-05-05 00:50:07,PROD-66863,1,2856.32
amvmhae@mail.com,2021-08-22 14:38:41,PROD-57151,4,1256.06
amvmhae@mail.com,2021-08-22 14:38:41,PROD-34019,3,280.19
amvmhae@mail.com,2013-08-29 01:28:50,PROD-59365,3,2454.65
amvmhae@mail.com,2013-08-29 01:28:50,PROD-97645,5,4296.57
amvmhae@mail.com,2013-08-29 01:28:50,PROD-27088,4,4258.4
sbuyjji@outlook.com,2019-02-24 02:58:24,PROD-48879,1,2402.34
sbuyjji@outlook.com,2019-02-24 02:58:24,PROD-20489,5,542.49
sbuyjji@outlook.com,2019-02-24 02:58:24,PROD-22323,5,1332.45
sbuyjji@outlook.com,2019-02-24 02:58:24,PROD-29979,2,2512.24
sbuyjji@outlook.com,2016-06-18 11:38:14,PROD-35839,1,4003.42
njluyyo@outlook.com,2025-11-27 22:31:53,PROD-38862,5,2679.84
njluyyo@outlook.com,2025-11-27 22:31:53,PROD-48757,3,555.31
njluyyo@outlook.com,2025-11-27 22:31:53,PROD-74375,1,2785.44
njluyyo@outlook.com,2025-11-27 22:31:53,PROD-93798,1,1092.91
njluyyo@outlook.com,2015-04-09 21:59:43,PROD-99676,2,4399.37
njluyyo@outlook.com,2015-04-09 21:59:43,PROD-18902,2,2850.75
xplhobc@mail.com,2015-04-16 04:26:07,PROD-59959,5,2553.01
xplhobc@mail.com,2015-04-16 04:26:07,PROD-84057,2,3771.17
xplhobc@mail.com,2015-04-16 04:26:07,PROD-85677,5,3593.18
xplhobc@mail.com,2015-04-16 04:26:07,PROD-44918,4,2797.3
skxlqgx@gmail.com,2013-12-27 01:45:41,PROD-15361,1,4724.45
skxlqgx@gmail.com,2013-12-27 01:45:41,PROD-94246,5,2257.24
iibgacr@yahoo.com,2022-12-09 17:09:14,PROD-95093,4,2285.25
iibgacr@yahoo.com,2023-03-05 22:52:53,PROD-41155,1,3426.11
iibgacr@yahoo.com,2023-03-05 22:52:53,PROD-73372,3,1334.39
iibgacr@yahoo.com,2023-03-05 22:52:53,PROD-36338,3,2589.77
iibgacr@yahoo.com,2023-03-05 22:52:53,PROD-31330,2,4945.99
dsweknj@gmail.com,2012-03-26 12:26:27,PROD-89078,2,2208.28
dsweknj@gmail.com,2012-03-26 12:26:27,PROD-86204,3,296.07
othywro@mail.com,2022-09-06 12:23:21,PROD-50708,2,1159.35
othywro@mail.com,2022-09-06 12:23:21,PROD-12988,3,3972.39
othywro@mail.com,2022-09-06 12:23:21,PROD-69169,3,3279.44
vvoplxf@gmail.com,2025-01-25 22:03:16,PROD-63814,3,2784.45
vvoplxf@gmail.com,2012-10-22 20:09:23,PROD-73827,5,4863.44
vvoplxf@gmail.com,2012-10-22 20:09:23,PROD-93725,2,3149.71
vvoplxf@gmail.com,2012-10-22 20:09:23,PROD-63814,5,4468.68
vvoplxf@gmail.com,2012-10-22 20:09:23,PROD-21354,4,4421.22
ofhotnq@gmail.com,2015-02-16 23:39:33,PROD-91790,2,4611.08
ofhotnq@gmail.com,2015-02-16 23:39:33,PROD-26605,5,3720.69
ofhotnq@gmail.com,2015-02-16 23:39:33,PROD-27964,1,3963.26
ofhotnq@gmail.com,2015-02-16 23:39:33,PROD-34289,5,1588.64
ofhotnq@gmail.com,2020-02-07 05:43:25,PROD-98354,3,567.13
ofhotnq@gmail.com,2020-02-07 05:43:25,PROD-79135,2,809.34
ofhotnq@gmail.com,2020-02-07 05:43:25,PROD-26605,2,2435.35
ofhotnq@gmail.com,2020-02-07 05:43:25,PROD-74291,2,3055.71
pztmwvt@outlook.com,2020-04-05 11:22:05,PROD-86150,2,1630.41
hpyorlj@outlook.com,2020-08-19 06:51:55,PROD-81088,1,4308.24
otcyjii@gmail.com,2017-01-15 08:19:53,PROD-89883,5,2424.01
otcyjii@gmail.com,2017-01-15 08:19:53,PROD-84595,2,1449.58
otcyjii@gmail.com,2016-04-17 06:40:18,PROD-60764,4,3276.82
otcyjii@gmail.com,2016-04-17 06:40:18,PROD-70081,2,4110.14
jsodkhk@gmail.com,2024-04-09 16:25:11,PROD-22940,4,4642.93
jsodkhk@gmail.com,2024-04-09 16:25:11,PROD-40209,2,3540.68
zotpnui@outlook.com,2021-10-20 21:58:19,PROD-16885,5,213.58
zotpnui@outlook.com,2021-10-20 21:58:19,PROD-86204,5,4216.43
zotpnui@outlook.com,2021-10-20 21:58:19,PROD-44573,3,2814.04
zotpnui@outlook.com,2021-10-20 21:58:19,PROD-86437,4,762.85
zotpnui@outlook.com,2020-01-21 13:50:29,PROD-67099,1,2814.08
zgvhpyn@gmail.com,2016-04-17 08:15:41,PROD-31640,4,3047.71
zgvhpyn@gmail.com,2016-04-17 08:15:41,PROD-44573,3,195.52
zgvhpyn@gmail.com,2016-04-17 08:15:41,PROD-22828,5,3714.74
hundezb@mail.com,2018-01-02 04:04:02,PROD-80305,4,2654.63
hundezb@mail.com,2018-01-02 04:04:02,PROD-84595,5,3915.19
hundezb@mail.com,2018-01-02 04:04:02,PROD-45611,2,2176.02
hundezb@mail.com,2018-01-02 04:04:02,PROD-85677,5,3978.69
hundezb@mail.com,2013-12-29 13:25:53,PROD-75684,3,3095.59
hundezb@mail.com,2013-12-29 13:25:53,PROD-93420,2,1330.07
hundezb@mail.com,2013-12-29 13:25:53,PROD-22841,4,816.85
hundezb@mail.com,2013-12-29 13:25:53,PROD-70081,3,4570.54
vyysqna@yahoo.com,2023-02-08 00:19:21,PROD-70633,2,1355.05
vyysqna@yahoo.com,2023-02-08 00:19:21,PROD-93725,1,4696.46
vyysqna@yahoo.com,2023-02-08 00:19:21,PROD-52621,5,2778.25
vyysqna@yahoo.com,2015-01-23 17:06:13,PROD-83868,4,4821.45
vyysqna@yahoo.com,2015-01-23 17:06:13,PROD-42251,4,2482.15
blxdfwt@yahoo.com,2018-10-27 19:19:54,PROD-96029,4,472.07
blxdfwt@yahoo.com,2024-07-25 15:41:01,PROD-70400,5,2904.68
blxdfwt@yahoo.com,2024-07-25 15:41:01,PROD-31968,2,1199.56
jznzhcj@mail.com,2023-02-22 15:52:03,PROD-20489,4,3969.02
jznzhcj@mail.com,2023-02-22 15:52:03,PROD-96866,5,1756.9
lgdopvh@yahoo.com,2018-12-26 19:27:39,PROD-91824,3,4723.92
htiwgqy@outlook.com,2021-09-11 15:28:55,PROD-38367,2,253.94
htiwgqy@outlook.com,2021-09-11 15:28:55,PROD-51621,2,2148.19
htiwgqy@outlook.com,2021-09-11 15:28:55,PROD-66997,3,3951.44
htiwgqy@outlook.com,2013-11-11 10:36:10,PROD-12988,4,579.55
htiwgqy@outlook.com,2013-11-11 10:36:10,PROD-75055,4,240.63
htiwgqy@outlook.com,2013-11-11 10:36:10,PROD-34204,4,4215.09
htiwgqy@outlook.com,2013-11-11 10:36:10,PROD-73929,5,3989.39
ohbzler@mail.com,2024-01-01 00:11:25,PROD-84057,1,2491.91
ohbzler@mail.com,2024-01-01 00:11:25,PROD-32366,4,1537.08
ohbzler@mail.com,2024-01-01 00:11:25,PROD-68182,2,633.81
ohbzler@mail.com,2024-01-01 00:11:25,PROD-87437,3,3109.7
ohbzler@mail.com,2023-06-24 11:24:30,PROD-21600,3,1345.53
txgiitf@outlook.com,2025-07-04 09:14:32,PROD-66428,2,4984.19
txgiitf@outlook.com,2025-07-04 09:14:32,PROD-26625,4,1288.36
txgiitf@outlook.com,2014-05-24 18:31:24,PROD-96932,1,1057.18
txgiitf@outlook.com,2014-05-24 18:31:24,PROD-94685,2,2425.93
txgiitf@outlook.com,2014-05-24 18:31:24,PROD-37095,1,2234.36
txgiitf@outlook.com,2014-05-24 18:31:24,PROD-66706,3,2379.63
abumozu@yahoo.com,2017-09-24 23:06:38,PROD-97885,3,1324.12
aghaqhf@gmail.com,2012-04-23 00:16:43,PROD-96932,3,3991.56
aghaqhf@gmail.com,2012-04-23 00:16:43,PROD-45062,3,2681.02
aghaqhf@gmail.com,2014-04-22 00:08:49,PROD-48023,1,2400.54
xomyknj@gmail.com,2015-05-16 23:00:00,PROD-69864,4,1269.47
zobmdvc@yahoo.com,2021-02-27 04:20:20,PROD-38920,4,1413.16
zobmdvc@yahoo.com,2021-02-27 04:20:20,PROD-63774,5,1566.36
xkeuowy@outlook.com,2018-04-05 22:10:08,PROD-16621,5,1786.15
xkeuowy@outlook.com,2018-04-05 22:10:08,PROD-22828,4,4242.9
xkeuowy@outlook.com,2018-04-05 22:10:08,PROD-91346,5,4850.5
xkeuowy@outlook.com,2021-08-28 22:41:57,PROD-64210,1,4163.65
ecffcjz@yahoo.com,2020-10-24 22:23:56,PROD-51896,3,1315.57
ecffcjz@yahoo.com,2020-10-24 22:23:56,PROD-94685,3,4582.29
ecffcjz@yahoo.com,2020-10-24 22:23:56,PROD-95304,3,2635.84
lftakrv@gmail.com,2013-04-07 21:31:19,PROD-83868,1,3170.48
lftakrv@gmail.com,2013-04-07 21:31:19,PROD-48289,3,1945.0
uhneayp@outlook.com,2019-10-30 11:38:54,PROD-93524,4,914.04
sdlqsnm@mail.com,2015-02-26 08:07:57,PROD-47985,4,4035.05
sdlqsnm@mail.com,2024-01-06 15:19:49,PROD-84057,4,3804.51
sdlqsnm@mail.com,2024-01-06 15:19:49,PROD-27278,2,3224.86
sdlqsnm@mail.com,2024-01-06 15:19:49,PROD-42726,3,2113.52
sdlqsnm@mail.com,2024-01-06 15:19:49,PROD-34924,4,2461.85
rixetxa@mail.com,2012-01-27 09:14:33,PROD-73950,5,2185.47
rixetxa@mail.com,2012-01-27 09:14:33,PROD-60028,5,4776.34
rixetxa@mail.com,2012-01-27 09:14:33,PROD-70891,3,4976.55
rixetxa@mail.com,2012-05-13 05:28:58,PROD-12988,3,928.32
rixetxa@mail.com,2012-05-13 05:28:58,PROD-91382,4,4093.6
rixetxa@mail.com,2012-05-13 05:28:58,PROD-78196,4,1999.93
hwdyjbw@mail.com,2023-11-18 08:22:56,PROD-19315,1,2500.96
hwdyjbw@mail.com,2023-11-18 08:22:56,PROD-35602,3,3941.01
gwwrdrm@gmail.com,2020-11-28 22:40:04,PROD-66184,1,2866.7
dcphwsa@gmail.com,2015-07-27 06:58:06,PROD-60598,2,1552.58
dcphwsa@gmail.com,2023-07-15 23:11:12,PROD-52885,3,1638.0
dcphwsa@gmail.com,2023-07-15 23:11:12,PROD-45062,2,710.88
dqivmgv@yahoo.com,2022-09-26 21:23:23,PROD-17774,1,1558.21
dqivmgv@yahoo.com,2015-02-06 18:20:29,PROD-54459,5,2724.11
dqivmgv@yahoo.com,2015-02-06 18:20:29,PROD-35602,4,1181.88
kzbqsnx@gmail.com,2025-02-20 00:58:42,PROD-47985,5,3202.24
kzbqsnx@gmail.com,2025-02-20 00:58:42,PROD-25342,4,1472.62
kzbqsnx@gmail.com,2025-02-20 00:58:42,PROD-11843,4,4282.34
xttygfq@mail.com,2016-05-19 14:28:30,PROD-70730,3,2383.12
xttygfq@mail.com,2016-05-19 14:28:30,PROD-84595,1,4311.39
xttygfq@mail.com,2023-03-29 22:17:16,PROD-44918,3,2057.22
xttygfq@mail.com,2023-03-29 22:17:16,PROD-13838,2,2220.31
kwkilgf@yahoo.com,2021-03-23 13:02:39,PROD-64749,1,2287.61
kwkilgf@yahoo.com,2021-03-23 13:02:39,PROD-10229,3,504.25
kwkilgf@yahoo.com,2021-03-23 13:02:39,PROD-70092,3,386.69
eajcutb@outlook.com,2014-04-21 14:57:16,PROD-37153,5,893.52
eajcutb@outlook.com,2014-04-21 14:57:16,PROD-65114,4,3920.36
eajcutb@outlook.com,2014-04-21 14:57:16,PROD-38269,5,2919.94
eajcutb@outlook.com,2014-04-21 14:57:16,PROD-69297,2,2774.05
binrpbu@yahoo.com,2021-09-18 12:13:13,PROD-55345,2,1154.46
binrpbu@yahoo.com,2021-09-18 12:13:13,PROD-34019,1,228.28
wsexwtp@outlook.com,2021-11-12 16:56:29,PROD-30172,4,612.05
wsexwtp@outlook.com,2021-11-12 16:56:29,PROD-44918,5,2989.96
wsexwtp@outlook.com,2021-11-12 16:56:29,PROD-31968,3,4907.53
qqaandb@yahoo.com,2023-10-28 10:24:08,PROD-60598,1,1230.57
mwjptab@outlook.com,2020-01-03 04:30:41,PROD-81274,5,250.91
kxuilhw@gmail.com,2012-01-17 03:08:29,PROD-15345,5,829.84
kxuilhw@gmail.com,2012-01-17 03:08:29,PROD-80305,1,1593.93
oldgpvi@outlook.com,2013-10-13 02:55:47,PROD-22808,3,1452.71
oldgpvi@outlook.com,2013-10-13 02:55:47,PROD-59328,3,989.82
ximdvyj@outlook.com,2014-08-19 03:17:23,PROD-71348,3,1846.16
ximdvyj@outlook.com,2014-08-19 03:17:23,PROD-38971,3,4402.85
pnfiozq@gmail.com,2023-09-19 16:24:22,PROD-54230,4,762.26
pnfiozq@gmail.com,2023-09-19 16:24:22,PROD-97492,4,1007.83
pnfiozq@gmail.com,2023-09-19 16:24:22,PROD-75531,1,2325.88
pnfiozq@gmail.com,2023-07-02 08:33:44,PROD-39373,3,4527.96
hkmbcua@gmail.com,2018-04-04 13:58:59,PROD-91227,5,2619.53
hkmbcua@gmail.com,2018-04-04 13:58:59,PROD-48031,5,4698.34
hkmbcua@gmail.com,2018-04-04 13:58:59,PROD-12527,4,237.71
hkmbcua@gmail.com,2014-11-12 08:30:52,PROD-79606,4,4530.01
hkmbcua@gmail.com,2014-11-12 08:30:52,PROD-16878,3,2049.75
hkmbcua@gmail.com,2014-11-12 08:30:52,PROD-91921,3,4455.03
hkmbcua@gmail.com,2014-11-12 08:30:52,PROD-15466,2,4926.84
eyamiti@outlook.com,2014-04-27 04:38:14,PROD-38493,2,272.03
eyamiti@outlook.com,2014-04-27 04:38:14,PROD-70400,5,2760.2
eyamiti@outlook.com,2014-04-27 04:38:14,PROD-44826,1,4431.61
eyamiti@outlook.com,2014-04-27 04:38:14,PROD-91346,4,4530.62
eyamiti@outlook.com,2020-08-29 10:55:26,PROD-78957,1,2144.37
eyamiti@outlook.com,2020-08-29 10:55:26,PROD-10229,4,797.29
eyamiti@outlook.com,2020-08-29 10:55:26,PROD-60657,5,1606.79
xhtdral@outlook.com,2012-11-18 22:15:12,PROD-12281,3,427.36
xhtdral@outlook.com,2012-11-18 22:15:12,PROD-65425,3,3197.23
xhtdral@outlook.com,2012-11-18 22:15:12,PROD-38998,3,1820.0
xhtdral@outlook.com,2012-11-18 22:15:12,PROD-66184,1,4533.81
xhtdral@outlook.com,2014-04-21 19:39:29,PROD-57151,1,256.68
nnrtmzg@outlook.com,2025-06-07 01:11:57,PROD-60677,5,2495.68
nnrtmzg@outlook.com,2025-06-07 01:11:57,PROD-63923,3,1886.07
nnrtmzg@outlook.com,2025-06-07 01:11:57,PROD-26429,1,4045.04
wqznjiw@mail.com,2019-11-07 06:18:47,PROD-83640,2,2917.96
wqznjiw@mail.com,2019-11-07 06:18:47,PROD-26605,5,2976.63
wqznjiw@mail.com,2019-11-07 06:18:47,PROD-82222,3,1496.9
wqznjiw@mail.com,2025-02-26 11:24:25,PROD-12550,3,1053.13
wqznjiw@mail.com,2025-02-26 11:24:25,PROD-77782,5,2977.45
ekfwgpv@mail.com,2020-01-23 23:07:07,PROD-74375,2,2702.21
ekfwgpv@mail.com,2020-01-23 23:07:07,PROD-38254,1,1909.1
ekfwgpv@mail.com,2020-01-23 23:07:07,PROD-51621,3,1311.9
ekfwgpv@mail.com,2023-10-13 16:53:01,PROD-84065,5,851.98
phncqrf@gmail.com,2017-10-28 10:36:41,PROD-82310,5,3612.16
phncqrf@gmail.com,2017-10-28 10:36:41,PROD-79135,5,844.54
phncqrf@gmail.com,2024-11-21 23:58:48,PROD-54552,4,4647.64
trsnwbc@outlook.com,2015-05-20 02:31:25,PROD-86741,2,3115.63
trsnwbc@outlook.com,2015-05-20 02:31:25,PROD-17948,2,1983.12
trsnwbc@outlook.com,2015-05-20 02:31:25,PROD-48817,5,1438.71
gnardcz@mail.com,2018-05-14 07:56:21,PROD-28249,4,2296.83
gnardcz@mail.com,2018-05-14 07:56:21,PROD-30994,5,2739.06
gnardcz@mail.com,2018-05-14 07:56:21,PROD-39373,1,4576.52
gnardcz@mail.com,2024-08-21 01:13:44,PROD-89218,4,1413.25
cspsues@gmail.com,2023-02-23 10:53:15,PROD-39643,3,347.35
cspsues@gmail.com,2023-02-23 10:53:15,PROD-94523,3,4670.39
cspsues@gmail.com,2023-02-23 10:53:15,PROD-99676,3,4399.33
fkuwsxo@mail.com,2021-10-03 03:47:00,PROD-28693,3,2204.41
clxewdk@outlook.com,2015-05-24 18:38:41,PROD-29059,2,2065.82
clxewdk@outlook.com,2015-05-24 18:38:41,PROD-81088,2,1383.63
clxewdk@outlook.com,2015-01-13 18:48:41,PROD-48856,4,4831.16
clxewdk@outlook.com,2015-01-13 18:48:41,PROD-16885,3,3231.76
kbmussn@outlook.com,2022-09-27 00:33:44,PROD-30225,2,393.63
kbmussn@outlook.com,2022-09-27 00:33:44,PROD-89883,2,3486.57
kbmussn@outlook.com,2022-09-27 00:33:44,PROD-40209,4,1102.37
kbmussn@outlook.com,2013-12-30 04:24:59,PROD-59959,1,1601.33
kbmussn@outlook.com,2013-12-30 04:24:59,PROD-57745,2,3499.3
kbmussn@outlook.com,2013-12-30 04:24:59,PROD-13396,5,1899.03
bkwlpac@mail.com,2025-09-29 16:08:20,PROD-54552,2,2494.25
yjkoxgm@gmail.com,2023-04-21 20:53:06,PROD-74635,4,2746.83
yjkoxgm@gmail.com,2023-04-21 20:53:06,PROD-91790,1,2042.13
yjkoxgm@gmail.com,2023-04-21 20:53:06,PROD-12185,1,2081.44
yjkoxgm@gmail.com,2019-07-19 23:08:02,PROD-11573,3,2705.9
qgzunkm@mail.com,2012-04-04 13:22:31,PROD-34289,1,732.08
qgzunkm@mail.com,2012-04-04 13:22:31,PROD-63774,2,4993.88
qgzunkm@mail.com,2012-04-04 13:22:31,PROD-81088,4,2753.51
qgzunkm@mail.com,2012-04-04 13:22:31,PROD-70730,5,3319.03
qfyvdzd@gmail.com,2022-10-06 00:54:58,PROD-52621,1,3524.22
lmpwtpd@gmail.com,2013-10-25 04:05:18,PROD-81050,3,4669.21
lmpwtpd@gmail.com,2013-10-25 04:05:18,PROD-62525,1,469.97
ltiettg@mail.com,2015-06-23 18:23:01,PROD-81291,4,3206.77
ltiettg@mail.com,2015-06-23 18:23:01,PROD-56829,5,604.43
ltiettg@mail.com,2015-06-23 18:23:01,PROD-80950,1,4783.76
jfvdxvz@mail.com,2025-08-16 12:53:14,PROD-21103,4,4976.05
jfvdxvz@mail.com,2020-10-20 06:22:49,PROD-47021,5,3622.02
jfvdxvz@mail.com,2020-10-20 06:22:49,PROD-45611,5,4918.07
xunktjl@outlook.com,2021-02-08 08:38:29,PROD-61989,3,852.92
xunktjl@outlook.com,2021-02-08 08:38:29,PROD-27030,4,1915.63
xunktjl@outlook.com,2021-02-08 08:38:29,PROD-93420,2,1718.58
xunktjl@outlook.com,2021-02-08 08:38:29,PROD-42412,2,3032.5
ebmxxzb@yahoo.com,2014-05-08 05:26:41,PROD-15599,2,3417.26
ndohvem@mail.com,2022-10-30 07:47:31,PROD-77782,4,3544.4
ndohvem@mail.com,2022-10-30 07:47:31,PROD-35623,1,592.57
ndohvem@mail.com,2022-10-30 07:47:31,PROD-33986,1,468.27
sfdufrc@mail.com,2013-02-06 16:45:18,PROD-60598,4,909.52
sfdufrc@mail.com,2013-02-06 16:45:18,PROD-26429,1,1325.14
sfdufrc@mail.com,2015-05-28 21:49:47,PROD-35602,4,892.25
obelutd@mail.com,2013-05-08 10:29:16,PROD-59328,4,3174.76
obelutd@mail.com,2020-06-23 17:03:48,PROD-45611,2,364.17
wzhfraw@mail.com,2024-09-30 16:18:58,PROD-45062,4,361.0
wzhfraw@mail.com,2024-09-30 16:18:58,PROD-63237,3,4813.5
wzhfraw@mail.com,2012-09-17 00:17:42,PROD-70730,2,3634.15
wzhfraw@mail.com,2012-09-17 00:17:42,PROD-36226,1,4292.24
wzhfraw@mail.com,2012-09-17 00:17:42,PROD-13657,2,800.07
wzhfraw@mail.com,2012-09-17 00:17:42,PROD-69302,1,890.07
dyehalb@yahoo.com,2023-07-22 16:22:22,PROD-66997,5,1510.07
dyehalb@yahoo.com,2023-07-22 16:22:22,PROD-30994,5,2709.12
dyehalb@yahoo.com,2023-07-22 16:22:22,PROD-75226,1,4670.86
dyehalb@yahoo.com,2017-11-19 23:08:24,PROD-69045,5,2999.63
kyltiau@outlook.com,2024-01-11 23:17:28,PROD-66864,2,4471.34
kyltiau@outlook.com,2024-01-11 23:17:28,PROD-27030,1,486.57
kyltiau@outlook.com,2019-10-18 11:25:06,PROD-18767,3,4879.9
hdnfjft@outlook.com,2017-03-13 17:47:30,PROD-74936,1,2002.86
trfnqjx@outlook.com,2022-12-24 14:31:48,PROD-31664,5,1060.87
khmkxuh@outlook.com,2025-04-15 08:52:16,PROD-97643,5,346.22
khmkxuh@outlook.com,2025-04-15 08:52:16,PROD-84227,1,4583.45
khmkxuh@outlook.com,2025-04-15 08:52:16,PROD-12185,3,1484.94
qqmfsaw@gmail.com,2025-07-07 20:33:30,PROD-22940,2,4399.84
qqmfsaw@gmail.com,2025-07-07 20:33:30,PROD-17948,4,3085.45
qqmfsaw@gmail.com,2023-06-05 11:36:30,PROD-48023,3,4169.88
qqmfsaw@gmail.com,2023-06-05 11:36:30,PROD-70325,5,3993.47
fyljcpu@mail.com,2023-03-07 16:24:07,PROD-63329,1,2237.07
xpckqlr@yahoo.com,2023-05-09 12:51:41,PROD-22940,4,2525.98
xpckqlr@yahoo.com,2023-05-09 12:51:41,PROD-73950,2,1135.17
xpckqlr@yahoo.com,2023-05-09 12:51:41,PROD-84955,1,4926.95
xpckqlr@yahoo.com,2023-05-09 12:51:41,PROD-76675,2,3691.84
xpckqlr@yahoo.com,2014-05-09 19:18:28,PROD-82222,5,1023.57
zxigfif@gmail.com,2018-07-20 01:29:58,PROD-64210,2,4148.07
zxigfif@gmail.com,2018-07-20 01:29:58,PROD-28623,5,1080.75
zxigfif@gmail.com,2018-07-20 01:29:58,PROD-31640,5,4918.48
zxigfif@gmail.com,2018-07-20 01:29:58,PROD-63923,2,2895.61
jupeadq@outlook.com,2017-06-10 03:50:35,PROD-36394,1,261.88
jupeadq@outlook.com,2017-06-10 03:50:35,PROD-21368,2,4786.94
jupeadq@outlook.com,2023-04-27 06:49:32,PROD-12988,3,395.16
jupeadq@outlook.com,2023-04-27 06:49:32,PROD-34924,4,4321.31
jupeadq@outlook.com,2023-04-27 06:49:32,PROD-19190,1,3364.07
wylicip@mail.com,2023-02-11 13:15:23,PROD-58101,1,1051.46
wylicip@mail.com,2023-02-11 13:15:23,PROD-70633,3,2854.49
wylicip@mail.com,2023-02-11 13:15:23,PROD-47320,3,2952.39
wylicip@mail.com,2015-09-27 10:27:34,PROD-15798,1,4241.22
hygpudi@gmail.com,2020-07-05 14:48:06,PROD-26625,3,799.62
hygpudi@gmail.com,2020-07-05 14:48:06,PROD-54459,4,3967.37
hygpudi@gmail.com,2020-09-30 12:51:38,PROD-89218,3,1662.87
hygpudi@gmail.com,2020-09-30 12:51:38,PROD-30225,3,969.38
hygpudi@gmail.com,2020-09-30 12:51:38,PROD-32701,4,4443.99
hygpudi@gmail.com,2020-09-30 12:51:38,PROD-25011,3,4209.82
rtkohkm@gmail.com,2014-03-28 18:10:35,PROD-13643,5,4542.08
sfehdbt@outlook.com,2014-04-14 03:55:14,PROD-79606,1,4256.0
sfehdbt@outlook.com,2014-04-14 03:55:14,PROD-92521,2,2016.3
sfehdbt@outlook.com,2014-04-14 03:55:14,PROD-20866,4,4210.99
sfehdbt@outlook.com,2016-11-08 02:09:38,PROD-12527,2,586.5
sfehdbt@outlook.com,2016-11-08 02:09:38,PROD-66863,4,1449.27
sfehdbt@outlook.com,2016-11-08 02:09:38,PROD-44864,5,4881.35
sfehdbt@outlook.com,2016-11-08 02:09:38,PROD-57745,3,4460.19
flfvonw@yahoo.com,2014-09-20 09:36:23,PROD-29854,3,3022.47
nhfzkfv@gmail.com,2018-09-23 00:53:43,PROD-52885,1,3181.64
nhfzkfv@gmail.com,2018-09-23 00:53:43,PROD-70859,3,4935.82
nhfzkfv@gmail.com,2018-09-23 00:53:43,PROD-32366,4,576.28
utrwkmm@gmail.com,2014-09-19 09:13:13,PROD-63814,4,1646.35
utrwkmm@gmail.com,2014-09-19 09:13:13,PROD-98770,2,2489.57
utrwkmm@gmail.com,2020-06-19 11:32:13,PROD-75899,5,3857.95
utrwkmm@gmail.com,2020-06-19 11:32:13,PROD-69045,1,4600.08
utrwkmm@gmail.com,2020-06-19 11:32:13,PROD-50592,3,4648.82
utrwkmm@gmail.com,2020-06-19 11:32:13,PROD-30225,4,3376.83
czumazc@gmail.com,2022-11-27 04:19:55,PROD-29410,4,1968.9
czumazc@gmail.com,2022-11-27 04:19:55,PROD-63329,2,3516.51
czumazc@gmail.com,2022-11-27 04:19:55,PROD-27278,1,3650.73
dgbtotm@mail.com,2020-03-27 19:07:45,PROD-29410,1,415.2
dgbtotm@mail.com,2020-03-27 19:07:45,PROD-11926,1,2391.57
swvsksq@outlook.com,2021-08-11 04:51:31,PROD-56632,1,1823.39
swvsksq@outlook.com,2021-08-11 04:51:31,PROD-95043,2,3536.7
swvsksq@outlook.com,2021-08-11 04:51:31,PROD-16621,2,1064.29
asunsal@gmail.com,2022-12-13 05:56:26,PROD-89678,1,4642.08
asunsal@gmail.com,2022-12-13 05:56:26,PROD-45439,5,4574.57
asunsal@gmail.com,2022-12-13 05:56:26,PROD-33986,3,3208.64
wizmvjk@outlook.com,2018-06-13 11:45:58,PROD-77782,2,1262.15
wizmvjk@outlook.com,2014-06-11 00:52:12,PROD-81556,3,4416.47
aymwods@mail.com,2012-09-03 18:12:40,PROD-97885,5,2871.29
aymwods@mail.com,2012-09-03 18:12:40,PROD-26605,1,488.74
aymwods@mail.com,2012-09-03 18:12:40,PROD-34289,5,1597.42
aymwods@mail.com,2012-09-03 18:12:40,PROD-38646,1,3287.01
kbekbud@outlook.com,2012-02-06 14:32:39,PROD-27030,2,1128.09
kbekbud@outlook.com,2012-02-06 14:32:39,PROD-73950,3,2162.21
kbekbud@outlook.com,2012-02-06 14:32:39,PROD-27002,1,511.02
vgkstjb@yahoo.com,2025-10-10 03:26:09,PROD-14220,2,554.95
vgkstjb@yahoo.com,2025-10-10 03:26:09,PROD-38367,5,4219.01
vgkstjb@yahoo.com,2019-09-17 15:19:37,PROD-45466,4,2749.05
ekpbyac@yahoo.com,2012-10-24 08:43:45,PROD-89078,1,3647.41
ekpbyac@yahoo.com,2012-10-24 08:43:45,PROD-69694,1,1338.59
uppbaqc@yahoo.com,2023-10-13 23:09:28,PROD-17948,5,4720.73
uppbaqc@yahoo.com,2023-10-13 23:09:28,PROD-49897,2,3293.32
uppbaqc@yahoo.com,2023-10-13 23:09:28,PROD-55345,2,4621.51
uppbaqc@yahoo.com,2013-08-02 09:40:39,PROD-11528,4,1946.22
uppbaqc@yahoo.com,2013-08-02 09:40:39,PROD-56829,2,4404.88
htxloof@yahoo.com,2018-03-30 13:41:49,PROD-35537,3,1835.26
xqzhjry@outlook.com,2021-12-28 00:08:45,PROD-21787,3,4854.15
xqzhjry@outlook.com,2021-12-28 00:08:45,PROD-20834,5,4777.79
xqzhjry@outlook.com,2021-12-28 00:08:45,PROD-61067,3,4103.07
xqzhjry@outlook.com,2021-12-28 00:08:45,PROD-13643,2,1830.22
xqzhjry@outlook.com,2021-03-02 08:41:59,PROD-73548,5,3871.37
xqzhjry@outlook.com,2021-03-02 08:41:59,PROD-94523,1,4911.31
xqzhjry@outlook.com,2021-03-02 08:41:59,PROD-55140,3,2728.63
xqzhjry@outlook.com,2021-03-02 08:41:59,PROD-34315,5,2584.18
bpovhxb@gmail.com,2021-12-15 07:52:06,PROD-38153,5,2178.09
bpovhxb@gmail.com,2021-12-15 07:52:06,PROD-67993,1,4821.2
bpovhxb@gmail.com,2025-11-22 03:26:01,PROD-86150,5,4241.19
bpovhxb@gmail.com,2025-11-22 03:26:01,PROD-63774,4,187.79
bpovhxb@gmail.com,2025-11-22 03:26:01,PROD-38971,5,4176.26
bpovhxb@gmail.com,2025-11-22 03:26:01,PROD-48521,3,2799.93
tqitnnf@gmail.com,2019-09-20 14:37:00,PROD-22808,4,3744.85
fftopna@mail.com,2019-09-01 09:37:21,PROD-50934,4,1786.15
fftopna@mail.com,2019-09-01 09:37:21,PROD-37103,3,4096.72
fftopna@mail.com,2019-09-01 09:37:21,PROD-67543,4,1698.53
fftopna@mail.com,2019-09-01 09:37:21,PROD-61928,4,740.52
dvsswfw@gmail.com,2016-08-09 15:26:23,PROD-84886,1,1265.01
dvsswfw@gmail.com,2016-08-09 15:26:23,PROD-96942,3,2278.62
dvsswfw@gmail.com,2016-08-09 15:26:23,PROD-69302,1,659.05
dvsswfw@gmail.com,2020-05-02 07:52:40,PROD-87437,1,529.95
dvsswfw@gmail.com,2020-05-02 07:52:40,PROD-66307,4,4727.36
dvsswfw@gmail.com,2020-05-02 07:52:40,PROD-91394,1,3484.18
dvsswfw@gmail.com,2020-05-02 07:52:40,PROD-75510,2,3130.36
bkqndzo@gmail.com,2017-11-03 17:56:24,PROD-74375,3,2892.46
bkqndzo@gmail.com,2017-11-03 17:56:24,PROD-50784,3,2264.39
bkqndzo@gmail.com,2017-11-03 17:56:24,PROD-37103,1,3588.31
xmtszun@yahoo.com,2022-10-26 02:41:15,PROD-81263,5,4451.44
xmtszun@yahoo.com,2025-09-11 15:02:09,PROD-89058,3,1321.1
xmtszun@yahoo.com,2025-09-11 15:02:09,PROD-22940,4,806.57
exgjrnn@mail.com,2012-04-09 03:29:35,PROD-91921,1,4382.54
exgjrnn@mail.com,2012-04-09 03:29:35,PROD-38269,3,2527.61
exgjrnn@mail.com,2012-04-09 03:29:35,PROD-46952,5,4776.23
exgjrnn@mail.com,2012-04-09 03:29:35,PROD-72916,4,1389.51
xtrqopa@mail.com,2013-08-06 19:55:00,PROD-48757,5,4719.89
xtrqopa@mail.com,2013-08-06 19:55:00,PROD-34592,3,3560.13
uwlhtdi@yahoo.com,2021-10-19 04:06:35,PROD-20445,5,995.79
uwlhtdi@yahoo.com,2021-10-19 04:06:35,PROD-95820,3,4423.14
uwlhtdi@yahoo.com,2021-10-19 04:06:35,PROD-42866,4,2159.27
uwlhtdi@yahoo.com,2021-10-19 04:06:35,PROD-15466,5,3770.51
xjkpsus@outlook.com,2012-08-18 12:46:32,PROD-21600,4,3222.89
vzwabur@yahoo.com,2017-12-17 12:13:48,PROD-48757,2,2324.76
vzwabur@yahoo.com,2017-12-17 12:13:48,PROD-39018,3,3857.79
tlklpwd@mail.com,2018-04-05 01:55:24,PROD-11843,1,3061.19
tlklpwd@mail.com,2018-04-05 01:55:24,PROD-80320,1,2800.31
tlklpwd@mail.com,2018-04-05 01:55:24,PROD-29937,5,804.88
tlklpwd@mail.com,2025-07-20 05:17:51,PROD-45466,3,3316.2
tlklpwd@mail.com,2025-07-20 05:17:51,PROD-49710,5,2822.4
tlklpwd@mail.com,2025-07-20 05:17:51,PROD-22940,5,640.49
trqujzm@gmail.com,2014-01-11 11:25:54,PROD-11059,2,4371.59
lsgygch@gmail.com,2012-07-07 18:38:02,PROD-40209,5,1381.93
lsgygch@gmail.com,2012-07-07 18:38:02,PROD-24876,4,2000.84
lsgygch@gmail.com,2012-07-07 18:38:02,PROD-89078,2,3105.8
lsgygch@gmail.com,2012-07-07 18:38:02,PROD-63923,5,3429.41
arkamkv@gmail.com,2013-10-24 21:25:09,PROD-48031,3,4869.58
arkamkv@gmail.com,2013-10-24 21:25:09,PROD-38269,1,4314.54
arkamkv@gmail.com,2013-10-24 21:25:09,PROD-40209,5,2821.21
arkamkv@gmail.com,2013-10-24 21:25:09,PROD-42866,2,1446.09
vgmjqil@mail.com,2022-08-02 11:53:15,PROD-46005,4,4966.06
vgmjqil@mail.com,2022-08-02 11:53:15,PROD-29059,3,4637.25
vgmjqil@mail.com,2020-12-21 14:06:06,PROD-90761,1,596.55
vgmjqil@mail.com,2020-12-21 14:06:06,PROD-48023,4,4609.45
vgmjqil@mail.com,2020-12-21 14:06:06,PROD-36226,2,1789.69
iosmdyg@outlook.com,2023-09-03 06:10:18,PROD-63466,5,993.4
vzryrgb@mail.com,2024-09-03 00:38:16,PROD-89078,4,1616.82
vzryrgb@mail.com,2024-09-03 00:38:16,PROD-24876,5,1611.74
vzryrgb@mail.com,2024-09-03 00:38:16,PROD-80950,3,330.17
vzryrgb@mail.com,2024-09-03 00:38:16,PROD-54426,2,1806.0
muyqbof@outlook.com,2017-04-30 04:06:41,PROD-24876,3,820.17
muyqbof@outlook.com,2017-04-30 04:06:41,PROD-82222,3,3964.04
muyqbof@outlook.com,2017-04-30 04:06:41,PROD-98522,2,3985.87
jwtbodq@mail.com,2022-11-25 17:20:52,PROD-34204,4,1457.31
jwtbodq@mail.com,2024-09-06 08:38:21,PROD-98376,4,830.28
jwtbodq@mail.com,2024-09-06 08:38:21,PROD-14732,4,346.28
jwtbodq@mail.com,2024-09-06 08:38:21,PROD-22841,4,1000.63
jwtbodq@mail.com,2024-09-06 08:38:21,PROD-15466,5,123.9
jxofzwu@gmail.com,2017-06-13 15:36:12,PROD-99676,5,376.54
jxofzwu@gmail.com,2017-06-13 15:36:12,PROD-17948,5,1219.13
jxofzwu@gmail.com,2022-01-31 07:25:38,PROD-17128,3,4835.01
jxofzwu@gmail.com,2022-01-31 07:25:38,PROD-61052,4,1795.87
jxofzwu@gmail.com,2022-01-31 07:25:38,PROD-84065,5,1398.82
jxofzwu@gmail.com,2022-01-31 07:25:38,PROD-18047,5,1459.06
afescir@mail.com,2018-02-01 02:50:04,PROD-18047,2,3283.1
afescir@mail.com,2025-10-24 16:39:42,PROD-75899,5,2889.51
afescir@mail.com,2025-10-24 16:39:42,PROD-40564,1,4827.88
ldafyxq@gmail.com,2013-01-16 08:53:14,PROD-60556,1,2065.06
ldafyxq@gmail.com,2013-01-16 08:53:14,PROD-13838,2,3262.22
ldafyxq@gmail.com,2013-01-16 08:53:14,PROD-54293,5,1338.35
ldafyxq@gmail.com,2013-01-16 08:53:14,PROD-91824,1,3274.01
ldafyxq@gmail.com,2025-05-20 08:12:44,PROD-10203,3,2276.09
ldafyxq@gmail.com,2025-05-20 08:12:44,PROD-95820,3,4596.23
ldafyxq@gmail.com,2025-05-20 08:12:44,PROD-71108,5,778.15
ldafyxq@gmail.com,2025-05-20 08:12:44,PROD-85757,1,3613.97
eycnlpc@mail.com,2012-12-31 03:03:03,PROD-48879,1,2047.17
bjyaibt@yahoo.com,2021-09-21 14:45:51,PROD-66211,2,880.73
bjyaibt@yahoo.com,2021-09-21 14:45:51,PROD-15798,1,2505.16
bjyaibt@yahoo.com,2021-09-21 14:45:51,PROD-90934,4,2288.96
kplwrzi@gmail.com,2022-03-11 20:28:29,PROD-71348,4,873.11
kplwrzi@gmail.com,2022-03-11 20:28:29,PROD-58224,2,3483.3
kplwrzi@gmail.com,2022-03-11 20:28:29,PROD-85757,1,3174.19
kplwrzi@gmail.com,2022-03-11 20:28:29,PROD-34956,5,1937.74
wpxcedi@mail.com,2016-03-21 19:31:21,PROD-31968,2,2252.67
wpxcedi@mail.com,2016-03-21 19:31:21,PROD-58391,2,4925.82
rnbeiwz@mail.com,2019-10-28 17:17:55,PROD-69771,2,467.86
rnbeiwz@mail.com,2019-10-28 17:17:55,PROD-74936,3,562.97
rnbeiwz@mail.com,2019-10-28 17:17:55,PROD-42866,3,2990.53
rnbeiwz@mail.com,2024-09-02 18:40:02,PROD-54074,1,3665.36
ddmamgu@gmail.com,2024-11-18 07:07:45,PROD-86741,1,1587.73
ddmamgu@gmail.com,2024-11-18 07:07:45,PROD-16575,5,4579.55
ddmamgu@gmail.com,2024-11-18 07:07:45,PROD-28693,3,3047.07
ddmamgu@gmail.com,2023-09-08 00:11:54,PROD-70730,4,4102.21
ddmamgu@gmail.com,2023-09-08 00:11:54,PROD-47320,5,2072.08
ddmamgu@gmail.com,2023-09-08 00:11:54,PROD-75055,2,1931.59
ddmamgu@gmail.com,2023-09-08 00:11:54,PROD-27002,5,4540.25
dnopcbz@mail.com,2021-10-31 07:54:19,PROD-11059,4,832.74
dnopcbz@mail.com,2021-10-31 07:54:19,PROD-93870,1,951.81
dnopcbz@mail.com,2022-08-27 11:56:11,PROD-44266,2,3329.37
dnopcbz@mail.com,2022-08-27 11:56:11,PROD-42726,5,1069.59
dnopcbz@mail.com,2022-08-27 11:56:11,PROD-16878,4,4064.86
dnopcbz@mail.com,2022-08-27 11:56:11,PROD-80679,5,335.63
lcatbim@outlook.com,2012-06-26 05:55:54,PROD-72231,2,4854.64
eesewkd@mail.com,2024-11-23 14:14:46,PROD-95304,1,123.61
eesewkd@mail.com,2024-11-23 14:14:46,PROD-27278,5,2725.81
eesewkd@mail.com,2024-11-23 14:14:46,PROD-60007,3,507.7
dxatnil@mail.com,2019-11-10 22:57:10,PROD-98375,1,2390.88
dxatnil@mail.com,2019-11-10 22:57:10,PROD-27085,1,2062.98
dxatnil@mail.com,2013-09-25 19:04:24,PROD-74635,4,3533.3
dxatnil@mail.com,2013-09-25 19:04:24,PROD-69771,3,2580.29
dxatnil@mail.com,2013-09-25 19:04:24,PROD-78986,1,4469.09
oglnjst@outlook.com,2018-12-02 13:45:47,PROD-49575,2,3246.49
oglnjst@outlook.com,2018-12-02 13:45:47,PROD-16588,5,2983.69
oglnjst@outlook.com,2025-09-01 01:17:14,PROD-38862,1,4504.07
oglnjst@outlook.com,2025-09-01 01:17:14,PROD-70945,3,3897.07
oglnjst@outlook.com,2025-09-01 01:17:14,PROD-73950,3,2760.75
oglnjst@outlook.com,2025-09-01 01:17:14,PROD-77923,1,3436.67
kvgcnfm@mail.com,2024-03-21 19:28:59,PROD-44864,2,2565.01
kvgcnfm@mail.com,2012-05-31 09:25:14,PROD-28842,4,147.94
kvruirh@mail.com,2017-03-10 23:37:39,PROD-66706,2,3987.2
kvruirh@mail.com,2017-03-10 23:37:39,PROD-63768,4,4711.24
kvruirh@mail.com,2017-03-10 23:37:39,PROD-49897,5,4160.39
scguvbc@gmail.com,2025-05-11 13:24:33,PROD-32701,1,1540.69
scguvbc@gmail.com,2025-05-11 13:24:33,PROD-55757,3,2893.11
scguvbc@gmail.com,2025-05-11 13:24:33,PROD-35839,1,2284.84
scguvbc@gmail.com,2025-05-11 13:24:33,PROD-15629,5,4325.72
gjsuhwo@gmail.com,2012-01-20 18:26:08,PROD-11573,1,1240.7
gjsuhwo@gmail.com,2013-10-25 20:13:26,PROD-55140,5,1521.54
gjsuhwo@gmail.com,2013-10-25 20:13:26,PROD-80551,1,3153.81
gjsuhwo@gmail.com,2013-10-25 20:13:26,PROD-75958,4,1518.13
gjsuhwo@gmail.com,2013-10-25 20:13:26,PROD-84790,2,3886.98
ukrpthi@outlook.com,2022-09-18 21:28:22,PROD-48579,3,1666.1
yfpuwpg@mail.com,2017-06-30 15:46:04,PROD-97643,3,3269.74
yfpuwpg@mail.com,2017-06-30 15:46:04,PROD-48023,1,1926.41
yfpuwpg@mail.com,2019-09-17 18:51:44,PROD-32407,2,716.26
yfpuwpg@mail.com,2019-09-17 18:51:44,PROD-59959,3,1402.81
yfpuwpg@mail.com,2019-09-17 18:51:44,PROD-29854,5,3235.26
rnmsqlk@outlook.com,2014-12-14 02:34:05,PROD-93864,1,2687.57
rnmsqlk@outlook.com,2014-12-14 02:34:05,PROD-40389,4,2764.78
rnmsqlk@outlook.com,2014-12-14 02:34:05,PROD-95304,5,4182.24
rnmsqlk@outlook.com,2021-09-11 21:50:53,PROD-86741,5,4128.57
puvgsld@gmail.com,2017-07-07 02:01:30,PROD-51592,2,264.69
puvgsld@gmail.com,2017-07-07 02:01:30,PROD-16575,5,999.01
puvgsld@gmail.com,2016-11-27 01:29:09,PROD-34437,4,1070.3
puvgsld@gmail.com,2016-11-27 01:29:09,PROD-83621,3,553.54
vikpvvy@yahoo.com,2018-09-19 06:53:14,PROD-84886,1,911.77
vikpvvy@yahoo.com,2014-12-30 22:30:35,PROD-99676,5,204.07
vikpvvy@yahoo.com,2014-12-30 22:30:35,PROD-59001,2,2365.86
vikpvvy@yahoo.com,2014-12-30 22:30:35,PROD-72545,1,3534.55
zkfpvav@gmail.com,2022-09-03 02:50:58,PROD-87710,3,4570.15
zkfpvav@gmail.com,2022-09-03 02:50:58,PROD-78986,5,3085.23
zkfpvav@gmail.com,2022-09-03 02:50:58,PROD-15599,2,1292.2
zkfpvav@gmail.com,2022-09-03 02:50:58,PROD-36246,1,4392.74
zkfpvav@gmail.com,2014-04-02 01:38:29,PROD-99299,3,967.36
zkfpvav@gmail.com,2014-04-02 01:38:29,PROD-28959,4,4718.37
zkfpvav@gmail.com,2014-04-02 01:38:29,PROD-10909,2,190.19
zkfpvav@gmail.com,2014-04-02 01:38:29,PROD-36338,5,4589.04
asosfsu@mail.com,2014-02-21 02:17:40,PROD-38920,2,708.95
asosfsu@mail.com,2014-02-21 02:17:40,PROD-20834,2,1834.38
asosfsu@mail.com,2014-02-21 02:17:40,PROD-69045,3,4550.96
asosfsu@mail.com,2022-10-26 18:51:18,PROD-13396,1,1234.73
zciqniu@mail.com,2017-11-29 11:05:16,PROD-13640,2,149.15
zciqniu@mail.com,2017-11-29 11:05:16,PROD-35602,4,3291.76
zciqniu@mail.com,2017-11-29 11:05:16,PROD-61052,2,2312.33
boavlys@gmail.com,2022-12-18 01:14:31,PROD-14220,4,4325.92
boavlys@gmail.com,2022-12-18 01:14:31,PROD-42866,5,1800.5
boavlys@gmail.com,2022-12-18 01:14:31,PROD-39580,3,4945.49
hfvyacn@gmail.com,2018-04-28 17:24:35,PROD-11427,4,290.83
hfvyacn@gmail.com,2018-04-28 17:24:35,PROD-66428,5,4418.14
hfvyacn@gmail.com,2018-04-28 17:24:35,PROD-95043,1,158.01
hfvyacn@gmail.com,2018-04-28 17:24:35,PROD-44266,1,4703.93
wifnjkd@gmail.com,2021-01-15 12:10:54,PROD-12136,2,3730.68
wifnjkd@gmail.com,2020-03-15 16:50:59,PROD-81274,1,2119.44
wifnjkd@gmail.com,2020-03-15 16:50:59,PROD-26581,1,2945.75
wifnjkd@gmail.com,2020-03-15 16:50:59,PROD-63923,5,1584.68
wifnjkd@gmail.com,2020-03-15 16:50:59,PROD-83868,3,3349.56
xgxaxpp@mail.com,2013-09-10 11:59:11,PROD-11926,5,4736.11
xgxaxpp@mail.com,2013-09-10 11:59:11,PROD-11843,3,3274.66
xgxaxpp@mail.com,2013-09-10 11:59:11,PROD-28959,3,2144.09
xgxaxpp@mail.com,2013-09-10 11:59:11,PROD-57254,1,1694.06
jiofcfk@outlook.com,2020-10-13 15:06:35,PROD-29399,3,1106.64
jiofcfk@outlook.com,2020-10-13 15:06:35,PROD-48579,3,477.48
jiofcfk@outlook.com,2020-10-13 15:06:35,PROD-42310,3,514.73
jiofcfk@outlook.com,2020-10-13 15:06:35,PROD-59328,4,3897.85
jiofcfk@outlook.com,2025-12-03 13:54:42,PROD-16588,5,896.61
ozwzrci@outlook.com,2025-03-08 14:47:08,PROD-90934,2,1411.33
ozwzrci@outlook.com,2025-03-08 14:47:08,PROD-20445,1,1207.73
ozwzrci@outlook.com,2025-03-08 14:47:08,PROD-90364,4,2383.27
hcizlbj@gmail.com,2014-11-07 13:56:51,PROD-89218,3,4569.09
hcizlbj@gmail.com,2014-04-18 06:46:58,PROD-28623,3,1277.57
hcizlbj@gmail.com,2014-04-18 06:46:58,PROD-38493,1,4962.4
hcizlbj@gmail.com,2014-04-18 06:46:58,PROD-59365,1,3173.58
yfyxhuk@yahoo.com,2014-03-24 12:52:28,PROD-39748,2,2492.19
yfyxhuk@yahoo.com,2014-03-24 12:52:28,PROD-29979,4,2107.78
fgnpwvv@mail.com,2025-09-24 01:30:30,PROD-37671,4,570.81
fgnpwvv@mail.com,2025-09-24 01:30:30,PROD-48031,5,1951.28
fgnpwvv@mail.com,2025-01-19 08:21:17,PROD-34592,3,1466.41
gclklkz@gmail.com,2012-08-20 03:37:42,PROD-66428,3,3871.46
gclklkz@gmail.com,2023-10-04 00:34:22,PROD-35839,5,301.74
gclklkz@gmail.com,2023-10-04 00:34:22,PROD-19626,3,1508.04
gclklkz@gmail.com,2023-10-04 00:34:22,PROD-16575,4,3296.38
rrczseu@yahoo.com,2022-07-15 00:53:42,PROD-40564,5,3064.71
rrczseu@yahoo.com,2022-07-15 00:53:42,PROD-99355,1,4913.41
rrczseu@yahoo.com,2022-07-15 00:53:42,PROD-73827,5,4022.71
rrczseu@yahoo.com,2022-07-15 00:53:42,PROD-88547,2,704.78
dkjqkqn@gmail.com,2023-05-02 03:56:29,PROD-45062,2,1404.99
dkjqkqn@gmail.com,2023-05-02 03:56:29,PROD-17948,2,1569.77
dkjqkqn@gmail.com,2014-06-04 09:35:59,PROD-52885,4,4717.65
dkjqkqn@gmail.com,2014-06-04 09:35:59,PROD-38547,3,2641.62
dkjqkqn@gmail.com,2014-06-04 09:35:59,PROD-27085,2,1773.61
vvnugoc@yahoo.com,2024-05-06 11:14:28,PROD-34437,5,4049.33
vvnugoc@yahoo.com,2024-05-06 11:14:28,PROD-83123,5,4899.82
vvnugoc@yahoo.com,2024-05-27 17:58:25,PROD-97492,5,1936.41
vvnugoc@yahoo.com,2024-05-27 17:58:25,PROD-11926,4,1746.6
vvnugoc@yahoo.com,2024-05-27 17:58:25,PROD-44918,5,588.98
crfaynm@yahoo.com,2012-06-18 04:46:21,PROD-87437,3,1375.11
crfaynm@yahoo.com,2012-06-18 04:46:21,PROD-89218,3,3826.49
crfaynm@yahoo.com,2017-08-26 12:52:48,PROD-46185,4,2068.06
rwwbgcv@outlook.com,2012-11-14 01:48:54,PROD-62525,4,2798.88
rwwbgcv@outlook.com,2012-11-14 01:48:54,PROD-83391,1,3266.4
rwwbgcv@outlook.com,2022-07-10 02:26:08,PROD-60598,2,2431.76
rwwbgcv@outlook.com,2022-07-10 02:26:08,PROD-97628,3,3408.58
loeekwp@yahoo.com,2019-07-07 01:48:57,PROD-70081,2,2667.42
loeekwp@yahoo.com,2019-07-07 01:48:57,PROD-97628,3,693.05
loeekwp@yahoo.com,2019-07-07 01:48:57,PROD-38254,3,718.84
loeekwp@yahoo.com,2014-09-04 03:57:25,PROD-34924,2,4478.59
loeekwp@yahoo.com,2014-09-04 03:57:25,PROD-80305,2,1938.1
qyphznh@outlook.com,2017-05-11 02:59:03,PROD-38862,1,552.43
qyphznh@outlook.com,2017-05-11 02:59:03,PROD-18403,3,4692.7
nxfelbx@yahoo.com,2018-01-30 17:09:24,PROD-81263,3,4706.36
nxfelbx@yahoo.com,2018-01-30 17:09:24,PROD-65465,5,453.44
nxfelbx@yahoo.com,2018-01-30 17:09:24,PROD-73929,5,4549.05
nxfelbx@yahoo.com,2018-01-30 17:09:24,PROD-54426,1,1611.11
kiigaks@mail.com,2022-05-16 13:00:13,PROD-49710,2,4184.28
kiigaks@mail.com,2022-05-16 13:00:13,PROD-30845,4,875.92
kiigaks@mail.com,2022-05-16 13:00:13,PROD-29979,4,3228.11
kiigaks@mail.com,2023-05-14 13:19:58,PROD-67993,4,2361.27
kiigaks@mail.com,2023-05-14 13:19:58,PROD-96866,4,2139.88
kiigaks@mail.com,2023-05-14 13:19:58,PROD-60598,4,4925.43
faxaneb@yahoo.com,2016-12-23 03:09:08,PROD-39980,3,2905.98
faxaneb@yahoo.com,2016-12-23 03:09:08,PROD-36291,2,705.11
faxaneb@yahoo.com,2016-12-23 03:09:08,PROD-55757,5,1391.46
faxaneb@yahoo.com,2016-12-23 03:09:08,PROD-18875,3,2362.0
strcmeg@gmail.com,2019-01-19 17:55:43,PROD-41900,1,4804.52
strcmeg@gmail.com,2019-01-19 17:55:43,PROD-85757,1,2439.06
strcmeg@gmail.com,2019-01-19 17:55:43,PROD-80679,5,3767.01
strcmeg@gmail.com,2019-01-19 17:55:43,PROD-60764,2,357.53
strcmeg@gmail.com,2012-01-08 13:59:36,PROD-57745,2,3704.64
strcmeg@gmail.com,2012-01-08 13:59:36,PROD-27835,1,4004.22
strcmeg@gmail.com,2012-01-08 13:59:36,PROD-48757,1,1116.77
vjmlexo@mail.com,2024-10-15 00:44:44,PROD-39643,3,1363.48
vjmlexo@mail.com,2025-11-27 13:41:03,PROD-38998,3,402.66
vjmlexo@mail.com,2025-11-27 13:41:03,PROD-30425,2,1817.79
vjmlexo@mail.com,2025-11-27 13:41:03,PROD-79606,4,2914.25
vjmlexo@mail.com,2025-11-27 13:41:03,PROD-66534,3,139.12
pppvouv@yahoo.com,2016-01-26 15:43:50,PROD-89058,4,2768.37
pppvouv@yahoo.com,2016-01-26 15:43:50,PROD-34809,1,2098.37
pppvouv@yahoo.com,2016-01-26 15:43:50,PROD-38920,4,2651.29
pppvouv@yahoo.com,2016-01-26 15:43:50,PROD-83192,4,4646.06
pppvouv@yahoo.com,2016-05-13 14:27:52,PROD-82869,4,3136.86
nhejmvf@outlook.com,2021-11-06 16:16:32,PROD-81050,5,575.82
nhejmvf@outlook.com,2021-11-06 16:16:32,PROD-21787,1,4105.82
nhejmvf@outlook.com,2021-11-06 16:16:32,PROD-91790,5,1428.75
nhejmvf@outlook.com,2021-11-06 16:16:32,PROD-70400,5,557.73
otwupgn@outlook.com,2023-06-30 04:26:48,PROD-96670,2,3277.14
otwupgn@outlook.com,2023-06-30 04:26:48,PROD-32197,1,3888.53
mjufwwy@gmail.com,2021-01-07 21:29:12,PROD-61067,4,1237.23
mjufwwy@gmail.com,2021-01-07 21:29:12,PROD-19626,4,3048.83
mjufwwy@gmail.com,2021-01-07 21:29:12,PROD-86150,3,1109.59
mjufwwy@gmail.com,2020-04-22 08:10:25,PROD-24497,2,4070.1
nzltuif@mail.com,2016-01-31 15:23:18,PROD-35857,3,4836.13
nzltuif@mail.com,2016-01-31 15:23:18,PROD-24837,1,958.63
nzltuif@mail.com,2016-01-31 15:23:18,PROD-82902,3,342.07
nzltuif@mail.com,2015-05-22 09:46:35,PROD-33749,4,4804.87
nzltuif@mail.com,2015-05-22 09:46:35,PROD-29059,1,1406.46
nzltuif@mail.com,2015-05-22 09:46:35,PROD-52558,1,1226.48
obykkwk@yahoo.com,2025-06-12 15:26:17,PROD-41742,3,4780.82
obykkwk@yahoo.com,2025-06-12 15:26:17,PROD-39580,3,4621.4
obykkwk@yahoo.com,2025-06-12 15:26:17,PROD-87437,1,2223.53
obykkwk@yahoo.com,2016-04-20 05:16:29,PROD-50708,2,4335.79
tzrftqc@outlook.com,2018-01-31 19:39:49,PROD-26581,4,1321.0
tzrftqc@outlook.com,2018-01-31 19:39:49,PROD-39223,3,3755.3
tzrftqc@outlook.com,2013-05-27 16:38:08,PROD-52606,3,868.39
tzrftqc@outlook.com,2013-05-27 16:38:08,PROD-68297,2,4938.94
ehyyohw@mail.com,2024-11-17 08:30:53,PROD-39580,5,4739.95
ehyyohw@mail.com,2024-11-17 08:30:53,PROD-60373,2,3004.17
ehyyohw@mail.com,2024-11-17 08:30:53,PROD-89883,1,1324.98
ehyyohw@mail.com,2024-11-17 08:30:53,PROD-91921,1,302.02
qyubhaa@outlook.com,2024-05-24 09:44:21,PROD-63774,1,2072.54
qyubhaa@outlook.com,2024-05-24 09:44:21,PROD-44918,3,3257.97
qyubhaa@outlook.com,2024-05-24 09:44:21,PROD-12988,3,2344.22
llhefab@yahoo.com,2018-04-09 23:27:42,PROD-83621,5,4027.8
llhefab@yahoo.com,2018-04-09 23:27:42,PROD-19315,4,4883.29
llhefab@yahoo.com,2018-04-09 23:27:42,PROD-29484,1,1696.64
vtlfipo@yahoo.com,2021-12-06 02:29:58,PROD-35301,4,2571.65
vtlfipo@yahoo.com,2021-12-06 02:29:58,PROD-78196,2,3472.02
vtlfipo@yahoo.com,2021-12-06 02:29:58,PROD-61052,5,3632.32
vtlfipo@yahoo.com,2021-12-06 02:29:58,PROD-32366,4,222.14
ukgqerw@mail.com,2022-09-17 15:39:23,PROD-97645,4,1434.75
ukgqerw@mail.com,2014-12-02 15:34:07,PROD-17128,4,538.43
ukgqerw@mail.com,2014-12-02 15:34:07,PROD-11926,3,447.96
ukgqerw@mail.com,2014-12-02 15:34:07,PROD-52558,2,1155.38
ulsegfz@yahoo.com,2015-01-13 19:03:22,PROD-80305,1,821.83
ulsegfz@yahoo.com,2015-01-13 19:03:22,PROD-38646,1,2249.29
ulsegfz@yahoo.com,2015-01-13 19:03:22,PROD-46185,5,3506.6
ulsegfz@yahoo.com,2015-01-13 19:03:22,PROD-57792,2,1474.23
ulsegfz@yahoo.com,2024-11-17 13:46:39,PROD-83621,2,1877.6
acpepzz@outlook.com,2014-05-10 23:47:22,PROD-39748,4,4512.32
acpepzz@outlook.com,2014-05-10 23:47:22,PROD-97492,5,1981.57
acpepzz@outlook.com,2014-05-10 23:47:22,PROD-79606,3,3783.37
acpepzz@outlook.com,2014-05-10 23:47:22,PROD-77923,5,2549.9
zyiulfg@yahoo.com,2018-09-03 23:08:33,PROD-58101,1,2382.17
zyiulfg@yahoo.com,2017-02-28 14:24:15,PROD-48817,5,1132.54
zyiulfg@yahoo.com,2017-02-28 14:24:15,PROD-48879,2,2795.27
mbfeiau@mail.com,2023-11-10 23:13:59,PROD-42866,2,3161.6
gbmlmwo@mail.com,2015-06-12 23:54:20,PROD-34019,3,1909.73
gbmlmwo@mail.com,2015-06-12 23:54:20,PROD-39223,2,3563.47
gbmlmwo@mail.com,2015-06-12 23:54:20,PROD-63814,4,2066.53
nogokwv@mail.com,2016-07-29 15:20:52,PROD-14423,1,3233.58
nogokwv@mail.com,2016-07-29 15:20:52,PROD-70891,4,2492.61
nogokwv@mail.com,2016-07-29 15:20:52,PROD-11528,1,2163.51
nogokwv@mail.com,2016-07-29 15:20:52,PROD-82869,1,4334.77
bgfkgcv@yahoo.com,2018-08-31 18:59:29,PROD-66307,5,1486.6
bgfkgcv@yahoo.com,2018-08-31 18:59:29,PROD-35602,3,1885.7
bgfkgcv@yahoo.com,2018-08-31 18:59:29,PROD-11843,5,3409.05
bgfkgcv@yahoo.com,2012-12-30 16:12:49,PROD-37671,4,3163.83
bgfkgcv@yahoo.com,2012-12-30 16:12:49,PROD-44918,5,4776.09
bgfkgcv@yahoo.com,2012-12-30 16:12:49,PROD-52606,1,3081.45
bgfkgcv@yahoo.com,2012-12-30 16:12:49,PROD-11022,3,2042.48
hmcarwl@outlook.com,2024-07-10 21:48:12,PROD-18767,3,3530.05
hmcarwl@outlook.com,2024-07-10 21:48:12,PROD-67099,3,3326.6
hmcarwl@outlook.com,2016-01-12 00:01:20,PROD-37103,1,1950.61
hmcarwl@outlook.com,2016-01-12 00:01:20,PROD-70730,4,2112.39
hmcarwl@outlook.com,2016-01-12 00:01:20,PROD-16575,2,789.29
glqcydw@mail.com,2020-11-26 06:31:44,PROD-64115,3,3499.96
glqcydw@mail.com,2020-11-26 06:31:44,PROD-60598,3,2065.68
glqcydw@mail.com,2020-11-26 06:31:44,PROD-28693,2,3064.56
glqcydw@mail.com,2022-06-02 23:31:32,PROD-69030,5,3287.67
glqcydw@mail.com,2022-06-02 23:31:32,PROD-27835,3,390.8
glqcydw@mail.com,2022-06-02 23:31:32,PROD-95209,3,1176.37
ikqbevi@gmail.com,2019-09-22 15:42:05,PROD-90934,5,945.04
ikqbevi@gmail.com,2019-09-22 15:42:05,PROD-39373,1,4463.59
ikqbevi@gmail.com,2019-09-22 15:42:05,PROD-34437,5,225.44
ogsanfg@yahoo.com,2023-03-01 04:21:13,PROD-75510,1,287.4
ytfeyvq@yahoo.com,2025-04-21 12:18:49,PROD-67656,2,332.13
ytfeyvq@yahoo.com,2025-04-21 12:18:49,PROD-17128,1,1273.39
ytfeyvq@yahoo.com,2022-10-08 11:16:49,PROD-38920,2,4359.83
ytfeyvq@yahoo.com,2022-10-08 11:16:49,PROD-26581,5,1479.54
ytfeyvq@yahoo.com,2022-10-08 11:16:49,PROD-41155,2,4539.97
pkmankw@outlook.com,2019-02-01 13:47:12,PROD-60657,4,2440.04
pkmankw@outlook.com,2019-02-01 13:47:12,PROD-57745,1,3124.38
pkmankw@outlook.com,2019-02-01 13:47:12,PROD-69771,1,904.05
pkmankw@outlook.com,2019-02-01 13:47:12,PROD-44266,5,2199.78
pkmankw@outlook.com,2024-08-23 17:06:26,PROD-57792,1,2065.4
pkmankw@outlook.com,2024-08-23 17:06:26,PROD-91227,2,1209.02
pkmankw@outlook.com,2024-08-23 17:06:26,PROD-93725,5,1696.78
pkmankw@outlook.com,2024-08-23 17:06:26,PROD-31968,1,675.56
rhnqctk@outlook.com,2025-01-09 06:29:35,PROD-30225,3,2364.15
rhnqctk@outlook.com,2025-01-09 06:29:35,PROD-73988,3,1729.47
rhnqctk@outlook.com,2025-01-09 06:29:35,PROD-37103,4,2440.31
zeghism@yahoo.com,2024-01-12 11:22:01,PROD-66184,3,3490.74
zeghism@yahoo.com,2024-01-12 11:22:01,PROD-26605,4,3602.48
zeghism@yahoo.com,2024-01-12 11:22:01,PROD-93195,2,4938.86
zeghism@yahoo.com,2023-04-19 10:34:41,PROD-67993,2,4822.01
zeghism@yahoo.com,2023-04-19 10:34:41,PROD-32407,5,1000.48
zeghism@yahoo.com,2023-04-19 10:34:41,PROD-67127,5,2692.03
wsltzoh@yahoo.com,2015-03-07 08:59:32,PROD-12281,4,3651.22
wsltzoh@yahoo.com,2015-03-07 08:59:32,PROD-13291,4,4787.59
wsltzoh@yahoo.com,2015-03-07 08:59:32,PROD-19190,1,2966.05
vvstqkm@gmail.com,2017-10-12 06:30:35,PROD-80320,1,158.8
vvstqkm@gmail.com,2023-08-30 02:07:40,PROD-80127,2,3208.18
vvstqkm@gmail.com,2023-08-30 02:07:40,PROD-65465,3,1373.2
ohzeirp@gmail.com,2025-06-26 09:58:59,PROD-39223,2,1771.04
ohzeirp@gmail.com,2020-01-08 09:02:45,PROD-60657,4,3609.73
ohzeirp@gmail.com,2020-01-08 09:02:45,PROD-59767,4,952.26
ohzeirp@gmail.com,2020-01-08 09:02:45,PROD-31640,1,184.8
ohzeirp@gmail.com,2020-01-08 09:02:45,PROD-75531,4,4626.31
krqnhim@gmail.com,2013-05-21 23:36:52,PROD-58101,5,3985.63
krqnhim@gmail.com,2013-05-21 23:36:52,PROD-80679,4,219.23
krqnhim@gmail.com,2013-05-21 23:36:52,PROD-90364,4,2458.65
krqnhim@gmail.com,2013-05-21 23:36:52,PROD-35857,4,2739.36
kompjot@mail.com,2016-05-03 16:38:46,PROD-34019,2,3090.1
kompjot@mail.com,2016-05-03 16:38:46,PROD-40389,3,3631.82
kompjot@mail.com,2016-05-23 19:35:03,PROD-74375,5,2353.1
kompjot@mail.com,2016-05-23 19:35:03,PROD-83621,3,2480.08
svsfhpn@mail.com,2019-04-01 13:56:59,PROD-72916,3,750.99
zqydejf@gmail.com,2015-03-21 11:10:04,PROD-36291,2,1512.13
zqydejf@gmail.com,2020-10-16 09:33:46,PROD-66664,5,702.42
ogfnhhs@gmail.com,2021-05-24 18:28:29,PROD-52909,5,341.43
ogfnhhs@gmail.com,2017-09-21 20:25:50,PROD-60373,2,194.57
ogfnhhs@gmail.com,2017-09-21 20:25:50,PROD-21103,5,3103.17
rxzsert@outlook.com,2013-06-10 21:01:49,PROD-59483,4,1005.83
rxzsert@outlook.com,2025-02-17 23:49:40,PROD-65527,3,1237.71
rxzsert@outlook.com,2025-02-17 23:49:40,PROD-30845,3,4039.4
rxzsert@outlook.com,2025-02-17 23:49:40,PROD-13643,3,790.93
rxzsert@outlook.com,2025-02-17 23:49:40,PROD-88547,1,1204.22
gfnaran@yahoo.com,2016-08-16 15:30:37,PROD-59767,1,4918.35
qoygyed@gmail.com,2025-04-06 07:46:37,PROD-29410,2,2819.4
qoygyed@gmail.com,2025-04-06 07:46:37,PROD-13291,4,837.31
qoygyed@gmail.com,2025-04-06 07:46:37,PROD-48289,1,3622.9
sfwjszk@yahoo.com,2017-01-07 06:14:21,PROD-15930,4,1583.41
sfwjszk@yahoo.com,2017-01-07 06:14:21,PROD-63466,3,4652.22
sfwjszk@yahoo.com,2014-06-19 23:05:44,PROD-77941,5,4892.4
uqtlixc@gmail.com,2024-02-20 00:46:16,PROD-83646,2,1664.9
uqtlixc@gmail.com,2024-02-20 00:46:16,PROD-87994,1,2930.02
ovkscnw@gmail.com,2023-10-04 21:59:57,PROD-58101,4,1235.28
ccqgioj@mail.com,2022-05-23 06:33:54,PROD-15798,1,1363.29
ccqgioj@mail.com,2017-08-30 04:25:40,PROD-47985,2,2203.93
ccqgioj@mail.com,2017-08-30 04:25:40,PROD-63923,5,1441.37
ccqgioj@mail.com,2017-08-30 04:25:40,PROD-84955,4,4641.71
ccqgioj@mail.com,2017-08-30 04:25:40,PROD-93864,2,4992.45
yahdpbk@mail.com,2022-04-30 14:02:53,PROD-66863,1,299.04
yahdpbk@mail.com,2022-04-30 14:02:53,PROD-27002,2,3027.05
yahdpbk@mail.com,2022-04-30 14:02:53,PROD-65796,4,3685.84
bdtevdm@yahoo.com,2019-07-07 08:05:57,PROD-84227,5,678.81
bdtevdm@yahoo.com,2019-07-07 08:05:57,PROD-31664,1,4877.23
yuvjyma@mail.com,2013-09-25 09:45:16,PROD-61067,2,3500.57
yuvjyma@mail.com,2013-09-25 09:45:16,PROD-98522,2,3883.31
yuvjyma@mail.com,2014-08-11 03:50:45,PROD-14423,3,4516.77
fbnwife@yahoo.com,2012-12-03 16:41:13,PROD-31664,5,1227.96
fbnwife@yahoo.com,2012-12-03 16:41:13,PROD-97628,4,2458.55
fbnwife@yahoo.com,2012-12-03 16:41:13,PROD-52621,5,4674.78
fbnwife@yahoo.com,2012-12-03 16:41:13,PROD-77941,3,742.56
msulbnw@yahoo.com,2025-08-04 05:55:17,PROD-44266,3,4501.05
msulbnw@yahoo.com,2020-03-08 09:34:51,PROD-24876,5,3038.6
msulbnw@yahoo.com,2020-03-08 09:34:51,PROD-67127,5,2423.56
msulbnw@yahoo.com,2020-03-08 09:34:51,PROD-38367,2,4960.32
msulbnw@yahoo.com,2020-03-08 09:34:51,PROD-44864,4,4239.83
zuiygii@outlook.com,2018-08-21 10:08:48,PROD-24876,5,1951.65
zuiygii@outlook.com,2023-02-02 20:18:10,PROD-66534,5,4851.18
zuiygii@outlook.com,2023-02-02 20:18:10,PROD-35857,2,1978.79
zuiygii@outlook.com,2023-02-02 20:18:10,PROD-32366,2,2777.24
zuiygii@outlook.com,2023-02-02 20:18:10,PROD-45857,5,351.72
tgffsxo@mail.com,2015-06-26 01:10:12,PROD-39980,3,3422.14
tgffsxo@mail.com,2015-06-26 01:10:12,PROD-11427,2,3193.9
tgffsxo@mail.com,2015-06-26 01:10:12,PROD-17128,2,4562.95
tgffsxo@mail.com,2015-03-28 02:54:23,PROD-92899,5,1618.9
cfxlcee@gmail.com,2023-04-02 20:50:59,PROD-29410,1,4793.54
cfxlcee@gmail.com,2023-04-02 20:50:59,PROD-39748,4,1377.17
brvkrca@yahoo.com,2021-08-09 07:06:27,PROD-70400,4,1066.96
uvfupeo@outlook.com,2020-04-26 19:21:47,PROD-38862,5,4150.66
uvfupeo@outlook.com,2020-04-26 19:21:47,PROD-66184,2,3603.56
uvfupeo@outlook.com,2020-04-26 19:21:47,PROD-41225,3,4155.61
uvfupeo@outlook.com,2025-04-15 14:07:14,PROD-11022,4,3776.23
gnrkkmt@gmail.com,2022-01-06 23:51:02,PROD-98375,3,996.64
gnrkkmt@gmail.com,2022-01-06 23:51:02,PROD-90934,5,1787.0
gnrkkmt@gmail.com,2022-01-06 23:51:02,PROD-83391,5,491.65
gnrkkmt@gmail.com,2022-01-06 23:51:02,PROD-44573,1,4006.69
gnrkkmt@gmail.com,2019-04-12 09:14:34,PROD-20866,4,4283.99
hyibzlf@yahoo.com,2016-12-15 08:30:27,PROD-41742,1,4905.57
hyibzlf@yahoo.com,2016-12-15 08:30:27,PROD-61989,1,2141.56
hyibzlf@yahoo.com,2016-12-15 08:30:27,PROD-59365,2,4505.61
hyibzlf@yahoo.com,2016-12-15 08:30:27,PROD-95125,1,344.81
jcjhdon@yahoo.com,2018-12-06 22:59:23,PROD-92500,2,4167.87
jcjhdon@yahoo.com,2018-12-06 22:59:23,PROD-28842,4,1998.72
ssvbpwc@mail.com,2024-05-14 23:45:36,PROD-75226,1,1193.23
ssvbpwc@mail.com,2024-05-14 23:45:36,PROD-70945,3,3530.61
eeswryz@outlook.com,2024-12-29 10:23:12,PROD-45062,2,2316.68
eeswryz@outlook.com,2024-12-29 10:23:12,PROD-70859,3,3260.53
eeswryz@outlook.com,2024-12-29 10:23:12,PROD-15361,1,2445.17
mgpxjrp@mail.com,2014-11-15 12:04:00,PROD-54293,5,2488.42
mgpxjrp@mail.com,2014-11-15 12:04:00,PROD-47320,3,3577.13
bxiouaq@gmail.com,2013-10-22 15:46:27,PROD-66534,3,4177.84
bxiouaq@gmail.com,2013-10-22 15:46:27,PROD-32197,3,1208.14
bxiouaq@gmail.com,2017-02-17 01:56:50,PROD-16885,1,421.59
bxiouaq@gmail.com,2017-02-17 01:56:50,PROD-28249,5,2579.4
flqbptq@mail.com,2014-06-19 03:14:33,PROD-60657,5,540.3
flqbptq@mail.com,2014-06-19 03:14:33,PROD-82732,5,2810.3
flqbptq@mail.com,2014-06-19 03:14:33,PROD-34592,3,4699.71
flqbptq@mail.com,2016-05-24 21:09:35,PROD-82029,2,328.22
flqbptq@mail.com,2016-05-24 21:09:35,PROD-83621,5,371.16
flqbptq@mail.com,2016-05-24 21:09:35,PROD-72164,5,4559.79
flqbptq@mail.com,2016-05-24 21:09:35,PROD-63329,5,1514.29
ulyaiwr@gmail.com,2017-03-15 18:36:39,PROD-48289,2,243.13
ulyaiwr@gmail.com,2017-03-15 18:36:39,PROD-21600,5,3788.18
ulyaiwr@gmail.com,2017-03-15 18:36:39,PROD-87710,3,4143.42
lhushho@gmail.com,2017-07-20 21:29:19,PROD-63814,4,577.76
lhushho@gmail.com,2017-07-20 21:29:19,PROD-30845,5,2222.27
lhushho@gmail.com,2017-07-20 21:29:19,PROD-59328,4,3959.82
lhushho@gmail.com,2017-07-20 21:29:19,PROD-51896,4,1167.24
lhushho@gmail.com,2018-12-21 17:05:17,PROD-92521,1,2152.43
qsygkvv@mail.com,2019-04-15 20:10:01,PROD-28509,5,1806.25
qsygkvv@mail.com,2018-09-02 05:22:53,PROD-14220,4,2364.49
crckqdf@yahoo.com,2017-03-31 18:21:19,PROD-80320,1,2242.11
nlrglim@yahoo.com,2021-04-24 06:48:21,PROD-77782,2,3191.85
nlrglim@yahoo.com,2021-04-24 06:48:21,PROD-82029,2,1262.49
nlrglim@yahoo.com,2021-04-24 06:48:21,PROD-41834,3,441.92
nlrglim@yahoo.com,2014-06-03 21:14:58,PROD-29674,5,4076.92
nodyikx@mail.com,2018-10-25 16:25:09,PROD-18403,1,134.71
nodyikx@mail.com,2018-10-25 16:25:09,PROD-89078,4,3314.35
nodyikx@mail.com,2018-10-25 16:25:09,PROD-75510,4,4826.29
lutkoky@gmail.com,2021-05-12 06:28:57,PROD-35602,5,4157.01
lutkoky@gmail.com,2014-12-15 01:49:11,PROD-28249,3,3659.15
ubnejof@outlook.com,2019-10-15 09:19:01,PROD-82310,2,3934.1
ubnejof@outlook.com,2019-10-15 09:19:01,PROD-91824,1,137.35
ubnejof@outlook.com,2022-06-05 00:39:07,PROD-11528,5,1403.87
ubnejof@outlook.com,2022-06-05 00:39:07,PROD-72164,2,1441.07
ubnejof@outlook.com,2022-06-05 00:39:07,PROD-69297,4,3356.01
ubnejof@outlook.com,2022-06-05 00:39:07,PROD-52621,3,758.07
vymffeg@yahoo.com,2023-06-17 06:45:25,PROD-95093,3,1908.48
vymffeg@yahoo.com,2023-06-17 06:45:25,PROD-81556,2,296.91
rluyqfg@yahoo.com,2019-01-08 15:12:45,PROD-49182,3,3607.09
rluyqfg@yahoo.com,2019-01-08 15:12:45,PROD-60510,4,3843.84
rluyqfg@yahoo.com,2019-01-08 15:12:45,PROD-75899,4,886.91
yokdedv@yahoo.com,2019-01-15 14:46:24,PROD-20489,4,4001.84
yokdedv@yahoo.com,2019-01-15 14:46:24,PROD-93864,1,2216.65
yrihhjo@mail.com,2023-03-21 19:01:17,PROD-58101,3,4824.87
yrihhjo@mail.com,2023-03-21 19:01:17,PROD-98522,3,1530.13
yrihhjo@mail.com,2021-08-14 00:58:20,PROD-64115,3,2584.99
yrihhjo@mail.com,2021-08-14 00:58:20,PROD-10909,3,863.64
yrihhjo@mail.com,2021-08-14 00:58:20,PROD-38367,4,3003.93
wnmymhy@outlook.com,2025-09-30 21:07:30,PROD-50708,5,3311.32
wnmymhy@outlook.com,2025-09-30 21:07:30,PROD-85677,2,1522.83
wnmymhy@outlook.com,2025-09-30 21:07:30,PROD-78196,3,1511.94
wnmymhy@outlook.com,2021-09-05 10:35:52,PROD-91394,1,2836.24
wnmymhy@outlook.com,2021-09-05 10:35:52,PROD-66706,1,631.52
wnmymhy@outlook.com,2021-09-05 10:35:52,PROD-24583,1,4971.73
rriysnr@yahoo.com,2021-03-29 06:16:02,PROD-69297,5,260.87
rriysnr@yahoo.com,2021-03-29 06:16:02,PROD-38153,2,4180.72
rriysnr@yahoo.com,2022-08-15 22:39:34,PROD-56829,2,1854.12
rriysnr@yahoo.com,2022-08-15 22:39:34,PROD-70891,5,3272.05
rriysnr@yahoo.com,2022-08-15 22:39:34,PROD-87437,4,4672.96
rqasiji@gmail.com,2016-06-11 06:58:21,PROD-27088,5,1156.93
rqasiji@gmail.com,2016-06-11 06:58:21,PROD-60677,4,605.41
rqasiji@gmail.com,2016-06-11 06:58:21,PROD-18875,1,2591.29
rqasiji@gmail.com,2025-07-21 18:31:43,PROD-30425,3,1004.97
rqasiji@gmail.com,2025-07-21 18:31:43,PROD-59959,3,4203.66
uqbwrvd@gmail.com,2013-11-29 13:40:15,PROD-66428,3,2824.0
uqbwrvd@gmail.com,2013-11-29 13:40:15,PROD-54132,3,4188.89
uqbwrvd@gmail.com,2013-11-29 13:40:15,PROD-38367,5,3852.96
uqbwrvd@gmail.com,2024-09-15 10:54:23,PROD-82175,2,238.19
qvjygen@mail.com,2023-12-07 07:55:09,PROD-62335,2,2687.65
qvjygen@mail.com,2012-11-12 06:20:05,PROD-32359,4,3920.45
qvjygen@mail.com,2012-11-12 06:20:05,PROD-54552,1,4034.16
eoohwrb@yahoo.com,2022-08-04 13:22:12,PROD-44918,4,4416.55
pvbttxq@outlook.com,2024-10-10 07:03:25,PROD-93524,1,1696.27
pvbttxq@outlook.com,2024-10-10 07:03:25,PROD-67993,2,666.19
pvbttxq@outlook.com,2024-10-10 07:03:25,PROD-17050,4,3692.76
pvbttxq@outlook.com,2024-10-10 07:03:25,PROD-32925,3,3765.47
bjfffkz@mail.com,2015-08-24 04:55:59,PROD-31664,5,4875.36
bjfffkz@mail.com,2015-08-24 04:55:59,PROD-70633,5,2752.86
nurdtbc@outlook.com,2019-02-06 20:10:46,PROD-45062,1,2091.25
iqhvjfs@mail.com,2022-02-21 07:52:20,PROD-58224,1,4674.96
iqhvjfs@mail.com,2022-02-21 07:52:20,PROD-28249,2,1751.44
iqhvjfs@mail.com,2022-02-21 07:52:20,PROD-74375,3,2502.21
iqhvjfs@mail.com,2023-05-08 16:47:14,PROD-37394,2,4907.45
iqhvjfs@mail.com,2023-05-08 16:47:14,PROD-82310,2,2271.7
iqhvjfs@mail.com,2023-05-08 16:47:14,PROD-94523,4,3914.03
iqhvjfs@mail.com,2023-05-08 16:47:14,PROD-18875,4,2087.08
lwcqhyw@gmail.com,2014-02-03 19:25:10,PROD-93524,3,1415.74
lwcqhyw@gmail.com,2014-02-03 19:25:10,PROD-95209,1,3212.97
lwcqhyw@gmail.com,2014-02-03 19:25:10,PROD-84656,5,552.67
rtpbidd@yahoo.com,2013-11-01 20:06:42,PROD-64115,2,1907.91
rtpbidd@yahoo.com,2013-11-01 20:06:42,PROD-15930,3,4416.29
rtpbidd@yahoo.com,2020-09-23 05:52:00,PROD-89883,4,4034.8
rtpbidd@yahoo.com,2020-09-23 05:52:00,PROD-82732,5,3284.51
sjwrbql@yahoo.com,2015-11-02 14:17:06,PROD-70325,1,2867.82
sjwrbql@yahoo.com,2022-10-20 21:11:57,PROD-34924,3,4992.24
sjwrbql@yahoo.com,2022-10-20 21:11:57,PROD-90364,5,964.13
sjwrbql@yahoo.com,2022-10-20 21:11:57,PROD-36394,2,4006.75
sjwrbql@yahoo.com,2022-10-20 21:11:57,PROD-38998,5,4472.15
iebysdz@gmail.com,2019-03-24 08:46:58,PROD-81291,1,4957.13
iebysdz@gmail.com,2019-03-24 08:46:58,PROD-79606,2,2440.28
iebysdz@gmail.com,2019-03-24 08:46:58,PROD-93798,4,4660.4
iebysdz@gmail.com,2025-11-08 12:35:52,PROD-26625,5,833.1
fhdtzsn@mail.com,2022-12-03 11:33:33,PROD-95093,2,4742.3
exbpgwu@gmail.com,2012-07-10 21:13:37,PROD-12185,1,123.85
exbpgwu@gmail.com,2012-07-10 21:13:37,PROD-33749,5,2114.15
exbpgwu@gmail.com,2012-07-10 21:13:37,PROD-66706,3,4326.53
exbpgwu@gmail.com,2012-07-10 21:13:37,PROD-48817,5,2132.78
exbpgwu@gmail.com,2016-07-21 21:08:03,PROD-80305,4,4732.34
exbpgwu@gmail.com,2016-07-21 21:08:03,PROD-90761,1,3086.96
arpahvn@yahoo.com,2019-09-05 15:33:28,PROD-96029,4,4794.73
arpahvn@yahoo.com,2019-09-05 15:33:28,PROD-15599,5,3686.33
arpahvn@yahoo.com,2019-09-05 15:33:28,PROD-18902,5,3666.68
ffwvvni@outlook.com,2017-01-12 06:22:18,PROD-77782,2,3116.99
ffwvvni@outlook.com,2024-11-13 13:24:53,PROD-19315,5,1669.54
ffwvvni@outlook.com,2024-11-13 13:24:53,PROD-89058,5,1543.67
laklqgo@outlook.com,2018-08-04 16:31:35,PROD-15345,2,3367.36
wqgtlpk@yahoo.com,2016-05-06 23:52:02,PROD-30035,5,4065.86
wqgtlpk@yahoo.com,2016-05-06 23:52:02,PROD-37153,1,3381.27
wqgtlpk@yahoo.com,2016-05-06 23:52:02,PROD-94685,2,3618.12
hkevyyd@yahoo.com,2023-11-12 19:13:20,PROD-30225,2,2936.67
hcnspcz@gmail.com,2014-11-11 21:26:17,PROD-29854,4,4050.5
hcnspcz@gmail.com,2014-11-11 21:26:17,PROD-11722,3,1008.85
hcnspcz@gmail.com,2014-11-11 21:26:17,PROD-12527,5,4347.4
hcnspcz@gmail.com,2014-11-11 21:26:17,PROD-11528,4,2093.43
hcnspcz@gmail.com,2021-05-17 13:46:28,PROD-93864,3,1296.13
hcnspcz@gmail.com,2021-05-17 13:46:28,PROD-69864,5,3199.03
hcnspcz@gmail.com,2021-05-17 13:46:28,PROD-73548,1,4808.41
uuyfdpv@gmail.com,2016-03-06 16:08:58,PROD-15345,2,1992.37
uuyfdpv@gmail.com,2016-03-06 16:08:58,PROD-17867,1,4015.76
uuyfdpv@gmail.com,2016-03-06 16:08:58,PROD-80950,5,2271.51
uuyfdpv@gmail.com,2014-10-01 04:18:15,PROD-19626,3,1355.57
uuyfdpv@gmail.com,2014-10-01 04:18:15,PROD-37103,2,743.12
uuyfdpv@gmail.com,2014-10-01 04:18:15,PROD-30994,3,4687.21
eyihsyd@outlook.com,2024-12-23 06:38:00,PROD-93195,3,2115.53
eyihsyd@outlook.com,2024-12-23 06:38:00,PROD-57792,2,3820.12
eyihsyd@outlook.com,2024-12-23 06:38:00,PROD-27816,3,707.92
eyihsyd@outlook.com,2024-12-23 06:38:00,PROD-30035,1,1423.31
eyihsyd@outlook.com,2014-10-03 21:47:55,PROD-66184,4,4997.49
eyihsyd@outlook.com,2014-10-03 21:47:55,PROD-93524,2,1175.56
eyihsyd@outlook.com,2014-10-03 21:47:55,PROD-12185,4,4397.1
kauxsvz@gmail.com,2018-03-26 15:34:47,PROD-80305,3,2185.44
kauxsvz@gmail.com,2018-03-26 15:34:47,PROD-53331,5,1973.95
kauxsvz@gmail.com,2018-03-26 15:34:47,PROD-15466,5,3129.6
kauxsvz@gmail.com,2022-07-05 00:41:25,PROD-24635,2,740.06
bjovpek@gmail.com,2013-03-28 04:21:00,PROD-89883,5,2518.1
bjovpek@gmail.com,2021-04-06 11:33:06,PROD-54230,3,3870.87
bjovpek@gmail.com,2021-04-06 11:33:06,PROD-61802,1,3867.95
bjovpek@gmail.com,2021-04-06 11:33:06,PROD-28249,2,1894.13
bjovpek@gmail.com,2021-04-06 11:33:06,PROD-80305,2,1902.03
rowaqua@yahoo.com,2013-07-04 07:57:59,PROD-27835,4,3117.95
rowaqua@yahoo.com,2013-07-04 07:57:59,PROD-35623,1,4867.14
rowaqua@yahoo.com,2023-11-25 09:26:23,PROD-12136,4,1974.67
rowaqua@yahoo.com,2023-11-25 09:26:23,PROD-95043,2,3980.16
ajlfspe@yahoo.com,2013-03-12 15:03:35,PROD-38269,4,756.12
ajlfspe@yahoo.com,2013-03-12 15:03:35,PROD-12136,2,782.06
ajlfspe@yahoo.com,2013-03-12 15:03:35,PROD-63466,4,1466.62
ajlfspe@yahoo.com,2013-03-12 15:03:35,PROD-42310,5,377.32
ajlfspe@yahoo.com,2012-03-19 16:57:30,PROD-30994,1,1189.59
ajlfspe@yahoo.com,2012-03-19 16:57:30,PROD-54132,4,303.44
ajlfspe@yahoo.com,2012-03-19 16:57:30,PROD-51896,3,3751.58
uzasupl@mail.com,2021-03-31 08:32:13,PROD-91829,5,1874.02
uzasupl@mail.com,2021-03-31 08:32:13,PROD-38153,3,392.37
uzasupl@mail.com,2021-03-31 08:32:13,PROD-66863,2,4658.12
uzasupl@mail.com,2021-03-31 08:32:13,PROD-91921,2,4079.35
uzasupl@mail.com,2021-08-27 10:36:38,PROD-11926,4,1235.31
uzasupl@mail.com,2021-08-27 10:36:38,PROD-73372,3,3845.3
uzasupl@mail.com,2021-08-27 10:36:38,PROD-84955,4,4393.73
tuuuymq@yahoo.com,2012-02-12 21:59:14,PROD-97645,3,4792.74
tuuuymq@yahoo.com,2012-02-12 21:59:14,PROD-79135,4,415.12
tuuuymq@yahoo.com,2012-02-12 21:59:14,PROD-39580,1,2812.99
tuuuymq@yahoo.com,2015-01-02 04:22:20,PROD-98376,1,4062.49
tuuuymq@yahoo.com,2015-01-02 04:22:20,PROD-54074,1,1182.1
rdrmnxr@yahoo.com,2023-09-20 16:00:11,PROD-15798,4,4974.54
onnoqph@yahoo.com,2025-05-19 00:43:49,PROD-22940,3,2238.09
uizohqh@yahoo.com,2024-01-28 04:25:50,PROD-86064,4,518.87
uizohqh@yahoo.com,2024-01-28 04:25:50,PROD-80320,3,1478.45
uizohqh@yahoo.com,2024-01-28 04:25:50,PROD-99299,4,179.5
uizohqh@yahoo.com,2024-01-28 04:25:50,PROD-67656,4,1772.94
doccrhk@mail.com,2013-04-29 10:26:47,PROD-24635,3,4748.58
doccrhk@mail.com,2013-04-29 10:26:47,PROD-70945,3,3685.42
doccrhk@mail.com,2013-04-29 10:26:47,PROD-42310,5,1126.56
doccrhk@mail.com,2023-06-18 15:14:17,PROD-64243,4,2751.9
doccrhk@mail.com,2023-06-18 15:14:17,PROD-31330,4,3861.66
ckhrybp@yahoo.com,2018-06-21 04:55:01,PROD-54767,5,2463.89
ckhrybp@yahoo.com,2018-06-21 04:55:01,PROD-35623,5,3345.29
ckhrybp@yahoo.com,2018-06-21 04:55:01,PROD-97643,4,590.76
gbvciue@yahoo.com,2024-08-31 01:34:53,PROD-96494,1,1266.26
jeawyry@gmail.com,2020-02-27 17:28:05,PROD-52558,4,3810.87
jeawyry@gmail.com,2020-02-27 17:28:05,PROD-49897,5,2305.27
gbjdzhs@mail.com,2021-07-27 01:13:53,PROD-58317,5,165.03
hnexyvk@mail.com,2017-01-27 19:33:54,PROD-93798,2,2737.65
hnexyvk@mail.com,2017-01-27 19:33:54,PROD-69771,4,4542.64
jzrsmtt@mail.com,2025-02-06 21:53:47,PROD-51621,1,101.53
jzrsmtt@mail.com,2019-05-11 07:13:38,PROD-69297,1,4539.77
opcbils@mail.com,2020-10-28 17:36:17,PROD-24837,4,2350.95
opcbils@mail.com,2020-10-28 17:36:17,PROD-83967,1,4315.61
opcbils@mail.com,2020-10-28 17:36:17,PROD-76675,1,1299.81
erhjvie@gmail.com,2013-03-25 13:47:01,PROD-49182,4,2723.2
erhjvie@gmail.com,2023-06-28 16:33:56,PROD-26581,2,3197.35
erhjvie@gmail.com,2023-06-28 16:33:56,PROD-93870,4,3603.04
erhjvie@gmail.com,2023-06-28 16:33:56,PROD-18767,4,1773.1
erhjvie@gmail.com,2023-06-28 16:33:56,PROD-39580,1,4927.55
rnymrhw@outlook.com,2016-06-23 13:37:54,PROD-31968,4,2595.03
rnymrhw@outlook.com,2016-06-23 13:37:54,PROD-48817,2,3123.51
rnymrhw@outlook.com,2016-06-23 13:37:54,PROD-17050,2,4783.5
rnymrhw@outlook.com,2016-06-23 13:37:54,PROD-66863,3,4896.53
ebhcdij@gmail.com,2020-02-20 21:02:01,PROD-65465,1,1977.06
ebhcdij@gmail.com,2020-02-20 21:02:01,PROD-35301,5,2296.55
ebhcdij@gmail.com,2020-02-20 21:02:01,PROD-75899,4,1923.96
ebhcdij@gmail.com,2020-02-20 21:02:01,PROD-67656,1,2594.98
emogccp@gmail.com,2012-11-03 16:01:32,PROD-60510,5,627.96
emogccp@gmail.com,2020-01-19 04:43:11,PROD-96866,3,1716.28
emogccp@gmail.com,2020-01-19 04:43:11,PROD-52558,1,2922.68
emogccp@gmail.com,2020-01-19 04:43:11,PROD-26581,5,4324.17
ezrbkct@outlook.com,2015-09-08 12:52:13,PROD-70325,1,4955.86
ezrbkct@outlook.com,2014-02-03 19:50:46,PROD-56829,2,3883.89
ezrbkct@outlook.com,2014-02-03 19:50:46,PROD-89058,5,4368.53
ezrbkct@outlook.com,2014-02-03 19:50:46,PROD-98770,1,4456.2
ezrbkct@outlook.com,2014-02-03 19:50:46,PROD-55345,3,3526.34
yktucly@mail.com,2014-12-24 09:43:58,PROD-73548,1,534.13
yktucly@mail.com,2014-12-24 09:43:58,PROD-58391,3,2099.55
yktucly@mail.com,2014-12-24 09:43:58,PROD-50592,1,1819.93
yktucly@mail.com,2016-05-24 02:52:56,PROD-54426,2,2579.89
paoqktc@gmail.com,2017-05-27 12:33:06,PROD-32366,1,549.99
ljklmzs@mail.com,2023-02-09 13:43:51,PROD-49464,4,4707.76
ljklmzs@mail.com,2023-02-09 13:43:51,PROD-11722,2,865.06
ljklmzs@mail.com,2023-02-09 13:43:51,PROD-34315,2,4337.87
ljklmzs@mail.com,2023-02-09 13:43:51,PROD-15930,2,1390.44
ljklmzs@mail.com,2012-04-16 00:11:47,PROD-39373,4,628.91
ljklmzs@mail.com,2012-04-16 00:11:47,PROD-48085,5,4319.91
ljklmzs@mail.com,2012-04-16 00:11:47,PROD-82902,2,2177.37
tecdzjw@mail.com,2025-12-10 08:20:31,PROD-50832,1,2774.23
tecdzjw@mail.com,2025-12-10 08:20:31,PROD-88778,4,300.88
tecdzjw@mail.com,2025-12-10 08:20:31,PROD-25342,1,2536.11
tecdzjw@mail.com,2024-10-21 00:30:03,PROD-92521,1,327.11
tecdzjw@mail.com,2024-10-21 00:30:03,PROD-70571,3,2381.46
ocexgem@outlook.com,2022-12-26 16:08:12,PROD-16621,3,663.86
ocexgem@outlook.com,2022-12-26 16:08:12,PROD-44573,1,2159.04
ocexgem@outlook.com,2022-12-26 16:08:12,PROD-83123,1,789.74
ocexgem@outlook.com,2022-12-26 16:08:12,PROD-49464,1,384.39
anfpnbc@mail.com,2020-10-03 16:12:04,PROD-57480,4,146.79
anfpnbc@mail.com,2020-10-03 16:12:04,PROD-67993,4,473.06
anfpnbc@mail.com,2020-10-03 16:12:04,PROD-68297,2,575.77
anfpnbc@mail.com,2020-10-03 16:12:04,PROD-83391,2,892.07
anfpnbc@mail.com,2013-03-11 07:59:05,PROD-70945,4,4158.01
jtcofas@mail.com,2022-05-25 18:07:32,PROD-36338,3,3366.63
jtcofas@mail.com,2022-05-25 18:07:32,PROD-33977,5,4684.14
jtcofas@mail.com,2022-05-25 18:07:32,PROD-83967,2,1405.74
xfvxevg@gmail.com,2021-02-25 22:25:15,PROD-34956,4,2235.5
xfvxevg@gmail.com,2021-02-25 22:25:15,PROD-97885,4,2638.36
xfvxevg@gmail.com,2021-02-25 22:25:15,PROD-20866,4,1376.57
xfvxevg@gmail.com,2021-02-25 22:25:15,PROD-92500,5,1963.88
xfvxevg@gmail.com,2017-01-17 14:51:17,PROD-73752,1,581.88
pciczve@outlook.com,2021-05-10 10:09:45,PROD-35301,5,4260.32
pciczve@outlook.com,2021-05-10 10:09:45,PROD-80950,3,3030.45
