delivery_method,address,city,country,shipper_name
Standard Shipping,1463 Golden Gate St,Tokyo,Japan,BioExpress Logistics
Standard Shipping,645 Forest Ridge St,Amsterdam,Netherlands,PharmaFleet Express
Standard Shipping,517 Redwood Ave,Tokyo,Japan,BioWay Couriers
In-store Pickup,2877 Willow Lane,Nagoya,Japan,PharmaWay Logistics
Express Delivery,3211 Cherry Ln,Miami,USA,HealthShip Couriers
Standard Shipping,6752 Buttercup Rd,Paris,France,VitalExpress Couriers
Express Delivery,8922 Willowbrook Terrace Rd,Zurich,Switzerland,PharmaQuick Delivery
In-store Pickup,5992 Clover St,Milan,Italy,HealthWay Express
Express Delivery,7310 Larch Grove Ave,Munich,Germany,MediCare Logistics
In-store Pickup,7510 Broad St,Rome,Italy,HealthWay Couriers
Express Delivery,810 Clover St,Madrid,Spain,BioQuick Delivery
In-store Pickup,7814 Willow Grove Ave,Amsterdam,Netherlands,BioWay Couriers
Express Delivery,2669 Elm Grove Rd,Nagoya,Japan,PharmaLink Transport
In-store Pickup,5976 Oak Park Ave,Rome,Italy,PharmaWay Logistics
Express Delivery,5823 Marigold Rd,Hamburg,Germany,HealthLink Logistics
Standard Shipping,4689 Beechwood Rd,Los Angeles,USA,VitalLink Couriers
Express Delivery,7569 Hilltop Ave,Rotterdam,Netherlands,MediFleet Logistics
Express Delivery,9594 Briar Rose Ave,Naples,Italy,VitalLink Couriers
In-store Pickup,482 Maplewood Ave,Phoenix,USA,MediCare Logistics
In-store Pickup,8508 Highview St,London,UK,Vitality Transport
Standard Shipping,800 Rose St,Chicago,USA,HealthWay Couriers
Standard Shipping,8773 Cedar Glen Ave,Zurich,Switzerland,LifeLine Couriers
In-store Pickup,2914 Basil Ave,Manchester,UK,GLS
Standard Shipping,5590 Pine Creek Rd,Montreal,Canada,HealthFleet Couriers
In-store Pickup,9758 Peony St,New York,USA,HealthLink Couriers
In-store Pickup,2051 Maple St,Los Angeles,USA,PharmaCare Express
In-store Pickup,687 Heatherwood Dr,Lyon,France,LifeLine Logistics
Express Delivery,8036 Marigold Rd,Rotterdam,Netherlands,FedEx
In-store Pickup,4983 Riverside St,Zurich,Switzerland,BioWay Couriers
In-store Pickup,6752 Buttercup Rd,Paris,France,VitalWay Transport
Express Delivery,2536 Forest Glen St,Milan,Italy,GLS
Standard Shipping,3378 Cedar Meadow Rd,Berlin,Germany,MediLink Express
Standard Shipping,1264 Mill Rd,Osaka,Japan,BioQuick Delivery
In-store Pickup,998 Silverbrook Ave,Munich,Germany,BioFleet Express
Express Delivery,7781 Elmwood St,Madrid,Spain,HealthWay Express
In-store Pickup,8764 Cedar Valley Rd,Hamburg,Germany,HealthCare Transport
Express Delivery,1359 Elm Grove Rd,Zurich,Switzerland,PharmaCare Transport
In-store Pickup,356 Myrtle Rd,Amsterdam,Netherlands,HealthFleet Transport
In-store Pickup,5669 Briar Rose Ave,Rotterdam,Netherlands,VitalExpress Couriers
Express Delivery,464 Silverbrook Ave,Houston,USA,HealthLink Logistics
Express Delivery,1211 Cherry Blossom Dr,Madrid,Spain,VitalLink Couriers
Express Delivery,155 Hilltop Ave,Montreal,Canada,HealthLink Couriers
Express Delivery,672 Willowbrook Rd,Rotterdam,Netherlands,HealthCare Transport
In-store Pickup,7191 Maple St,Paris,France,HealthCare Transport
Express Delivery,9220 Golden Gate St,Osaka,Japan,MediFleet Express
In-store Pickup,5459 Willow Lane,Rotterdam,Netherlands,PharmaWay Logistics
In-store Pickup,1411 Holly Ave,Tokyo,Japan,MediCare Logistics
In-store Pickup,9832 Prospect St,Naples,Italy,HealthCare Transport
In-store Pickup,7977 Ivy Ave,Miami,USA,HealthLink Logistics
Express Delivery,9810 Willow Bend Rd,Zurich,Switzerland,MediCare Logistics
In-store Pickup,6729 Pinecrest Rd,Manchester,UK,PharmaShip Solutions
Express Delivery,4379 Forest Park St,Montreal,Canada,HealthCare Transport
In-store Pickup,1138 Maplewood Ave,Tokyo,Japan,CareShip International
In-store Pickup,8760 Birchwood Dr,Nagoya,Japan,PharmaLink Transport
Standard Shipping,9933 Kings Ave,Miami,USA,BioTrans Logistics
Express Delivery,8926 Pinecrest Rd,Chicago,USA,MediTrans Express
Express Delivery,7283 Hickory Ave,Osaka,Japan,Vitality Transport
Standard Shipping,9609 Magnolia Ave,Chicago,USA,PharmaExpress Delivery
Express Delivery,7212 Aspen Grove Rd,Phoenix,USA,BioQuick Delivery
Express Delivery,5557 Beech Rd,Rotterdam,Netherlands,BioFleet Express
Standard Shipping,5125 Holly Ave,Nagoya,Japan,VitalExpress Couriers
In-store Pickup,4476 Juniper Ave,Montreal,Canada,PharmaQuick Delivery
In-store Pickup,4638 Juniper Grove St,Toronto,Canada,MediQuick Logistics
Standard Shipping,8401 Rowan Ave,Tokyo,Japan,PharmaShip Solutions
In-store Pickup,6104 Oak Ridge Ave,Tokyo,Japan,MediTrans Express
Standard Shipping,1593 Meadow Ln,Chicago,USA,BioQuick Delivery
Express Delivery,8401 Rowan Ave,Tokyo,Japan,MediTrans Global
Express Delivery,8511 Willowdale Rd,Tokyo,Japan,PharmaCare Transport
In-store Pickup,6209 Sequoia St,Hamburg,Germany,MediTrans Global
Express Delivery,9933 Kings Ave,Miami,USA,VitalExpress Couriers
Standard Shipping,9064 Elm Street,Los Angeles,USA,BioExpress Delivery
Standard Shipping,9594 Briar Rose Ave,Naples,Italy,BioWay Couriers
In-store Pickup,5097 Willowdale Ave,Manchester,UK,HealthFleet Couriers
In-store Pickup,68 Juniper Ridge Rd,Hamburg,Germany,HealthLink Couriers
In-store Pickup,4971 Garden St,Naples,Italy,GLS
In-store Pickup,6434 Sequoia Ridge Rd,Paris,France,VitalLink Couriers
Standard Shipping,6522 Cedar Meadow Rd,Geneva,Switzerland,MediQuick Logistics
Express Delivery,1932 Oak Park Ave,Manchester,UK,BioWay Couriers
Standard Shipping,356 Myrtle Rd,Amsterdam,Netherlands,DHL Express
Express Delivery,4171 Summit Ave,Los Angeles,USA,MediCare Transport
In-store Pickup,4366 Maple Ridge Ave,Manchester,UK,BioFleet Express
Standard Shipping,7030 Canyon View Rd,Hamburg,Germany,MediTrans Express
Express Delivery,1387 Willow Park St,Tokyo,Japan,VitalFleet Transport
Standard Shipping,3932 Larch Rd,Nagoya,Japan,VitalWay Transport
Standard Shipping,3211 Cherry Ln,Miami,USA,VitalLink Couriers
Standard Shipping,9810 Willow Bend Rd,Zurich,Switzerland,MediTrans Global
Express Delivery,209 Fir Valley Rd,Madrid,Spain,DHL Express
Standard Shipping,9594 Briar Rose Ave,Naples,Italy,DHL Express
Express Delivery,7617 Rose St,Montreal,Canada,PharmaCare Express
Express Delivery,1396 Cedar Ridge Blvd,Lyon,France,MediTrans Global
In-store Pickup,9068 Woodland Ave,London,UK,BioFleet Express
In-store Pickup,9122 Aspen Grove Rd,Amsterdam,Netherlands,PharmaCare Express
Express Delivery,7817 Mulberry Ave,Munich,Germany,HealthExpress Couriers
Standard Shipping,5128 Oakwood Dr,Hamburg,Germany,DPD
In-store Pickup,5068 Summit Ridge Ave,Paris,France,PharmaShip Solutions
Standard Shipping,9244 Willowdale Ave,Hamburg,Germany,MediFleet Logistics
Express Delivery,4365 Cedar Ridge Dr,Berlin,Germany,VitalShip Logistics
Standard Shipping,6736 Maple St,Milan,Italy,MediCare Logistics
Express Delivery,1080 Olive St,Barcelona,Spain,UPS
In-store Pickup,1642 Sycamore Terrace Ave,London,UK,PharmaCare Express
Standard Shipping,7779 Oakwood Dr,Zurich,Switzerland,VitalExpress Couriers
Express Delivery,6006 Mulberry Ave,Toronto,Canada,VitalWay Transport
Express Delivery,2523 Juniper Ridge Rd,Tokyo,Japan,MediTrans Express
In-store Pickup,475 Adams St,Paris,France,PharmaFleet Express
Express Delivery,3023 Birchwood Ave,Paris,France,VitalLink Couriers
Express Delivery,4487 Golden Ave,Houston,USA,DPD
Standard Shipping,8831 Garden St,Amsterdam,Netherlands,BioWay Couriers
Standard Shipping,1304 Orchid Ave,Toronto,Canada,GLS
Express Delivery,6630 Cherry Blossom Dr,Tokyo,Japan,HealthShip Couriers
Standard Shipping,4710 Cypress Grove Rd,New York,USA,MediTrans Global
Standard Shipping,5853 Forest Ridge St,New York,USA,PharmaExpress Delivery
Standard Shipping,9933 Kings Ave,Miami,USA,PharmaWay Logistics
Express Delivery,9702 Forest Park St,Manchester,UK,VitalFleet Transport
Express Delivery,4102 Peachtree St,Paris,France,MediLink Express
Express Delivery,3309 Cedarwood St,Chicago,USA,BioExpress Delivery
Express Delivery,9762 Cedarwood St,Hamburg,Germany,PharmaLink Transport
In-store Pickup,6881 Lakeview Dr,Houston,USA,VitalCare Transport
In-store Pickup,8581 Granite St,Munich,Germany,MedTrans Logistics
Express Delivery,1326 Clementine St,Chicago,USA,MediFleet Logistics
Standard Shipping,6714 Washington Ave,Geneva,Switzerland,HealthLink Logistics
Standard Shipping,679 Elmwood St,Los Angeles,USA,PharmaFleet Express
Standard Shipping,8529 Industrial Rd,Barcelona,Spain,HealthCare Transport
In-store Pickup,6787 Pine Knoll Rd,Geneva,Switzerland,BioTrans Logistics
In-store Pickup,3720 Oak Park Ave,Barcelona,Spain,BioCare Logistics
Standard Shipping,1963 Willow Knoll Ave,Madrid,Spain,HealthFleet Transport
Express Delivery,5691 Highland Park Ave,Barcelona,Spain,PharmaLink Transport
In-store Pickup,1640 Washington Ave,Berlin,Germany,PharmaLink Transport
In-store Pickup,7138 Pine Ridge St,Paris,France,VitalLink Couriers
In-store Pickup,6441 Parsley Ave,Rome,Italy,MediTrans Global
In-store Pickup,1666 Cedar Meadow Rd,Munich,Germany,PharmaShip Solutions
In-store Pickup,8178 Oak Grove St,Zurich,Switzerland,HealthWay Logistics
Standard Shipping,1659 Hazel Ave,Rotterdam,Netherlands,PharmaCare Express
Standard Shipping,7626 Park Ave,Nagoya,Japan,VitalFleet Transport
Express Delivery,6658 Mint St,Munich,Germany,DPD
Standard Shipping,8401 Rowan Ave,Tokyo,Japan,HealthCare Transport
Express Delivery,1930 Aspen Grove Rd,Manchester,UK,GLS
Standard Shipping,7704 School St,Geneva,Switzerland,BioTrans Logistics
Express Delivery,4091 Pine Hill Rd,Houston,USA,PharmaQuick Delivery
In-store Pickup,5478 Lavender St,Rome,Italy,MediFleet Logistics
Express Delivery,9468 Pine Hill Rd,Manchester,UK,PharmaLink Transport
Express Delivery,4171 Summit Ave,Los Angeles,USA,MediTrans Global
Standard Shipping,2523 Juniper Ridge Rd,Tokyo,Japan,BioFleet Express
Standard Shipping,511 Birchwood Dr,Lyon,France,BioExpress Delivery
Standard Shipping,2071 Mint St,Munich,Germany,VitalShip Logistics
Express Delivery,7320 Cypress Grove Rd,Naples,Italy,VitalCare Transport
In-store Pickup,6826 Locust St,Paris,France,DPD
In-store Pickup,6209 Sequoia St,Hamburg,Germany,HealthShip Couriers
In-store Pickup,4365 Cedar Ridge Dr,Berlin,Germany,LifeLine Couriers
In-store Pickup,4264 Main St,Lyon,France,TNT
Express Delivery,4020 Laurel St,Los Angeles,USA,HealthWay Logistics
In-store Pickup,4670 Lavender St,Manchester,UK,VitalWay Transport
Express Delivery,3075 Elm Grove Rd,Barcelona,Spain,PharmaCare Express
In-store Pickup,9220 Golden Gate St,Osaka,Japan,HealthFleet Couriers
In-store Pickup,2029 Kings Ave,Nagoya,Japan,HealthWay Couriers
Express Delivery,6006 Mulberry Ave,Toronto,Canada,BioExpress Logistics
Express Delivery,1937 Maplewood Ave,Amsterdam,Netherlands,MediTrans Express
Standard Shipping,3888 Cedar Glen Ave,Naples,Italy,BioExpress Delivery
Standard Shipping,1685 Cedar Springs St,New York,USA,MediFleet Logistics
Standard Shipping,8508 Highview St,London,UK,HealthWay Logistics
Express Delivery,7814 Willow Grove Ave,Amsterdam,Netherlands,HealthLink Couriers
In-store Pickup,9421 Aspen Grove Rd,New York,USA,BioExpress Logistics
Standard Shipping,9844 Willow Park St,Toronto,Canada,VitalShip Logistics
Express Delivery,5528 Chestnut Ave,Amsterdam,Netherlands,HealthFleet Couriers
Express Delivery,8636 Pine Hill St,Geneva,Switzerland,HealthLink Couriers
Express Delivery,172 Buttercup Rd,Montreal,Canada,HealthExpress Couriers
In-store Pickup,2153 Forest Glen St,Tokyo,Japan,HealthCare Transport
Express Delivery,5992 Clover St,Milan,Italy,GLS
In-store Pickup,511 Birchwood Dr,Lyon,France,BioExpress Logistics
Standard Shipping,2071 Mint St,Munich,Germany,CareShip International
Express Delivery,477 Maple Ridge Terrace Ave,Naples,Italy,VitalExpress Couriers
In-store Pickup,8413 Harbor St,Miami,USA,BioExpress Delivery
Express Delivery,1649 Forest Ridge St,Rotterdam,Netherlands,PharmaLink Transport
Express Delivery,2153 Forest Glen St,Tokyo,Japan,MediCare Logistics
In-store Pickup,3888 Cedar Glen Ave,Naples,Italy,CareShip International
Express Delivery,1521 Willow Valley St,Amsterdam,Netherlands,LifeLine Couriers
Express Delivery,2272 Pine Meadows St,Hamburg,Germany,BioFleet Express
In-store Pickup,2573 Cypress Ave,Zurich,Switzerland,PharmaShip Solutions
Standard Shipping,5584 Oregano St,Rotterdam,Netherlands,HealthWay Logistics
In-store Pickup,5392 Lincoln St,Barcelona,Spain,HealthLink Couriers
Standard Shipping,6958 Violet Rd,Toronto,Canada,PharmaLink Transport
Standard Shipping,1138 Maplewood Ave,Tokyo,Japan,DHL Express
In-store Pickup,6277 Willowbrook Rd,London,UK,VitalLink Couriers
Standard Shipping,4983 Riverside St,Zurich,Switzerland,FedEx
In-store Pickup,2877 Willow Lane,Nagoya,Japan,MediQuick Logistics
In-store Pickup,1264 Mill Rd,Osaka,Japan,BioCare Logistics
Standard Shipping,126 Maple Terrace Ave,Lyon,France,MediCare Transport
Express Delivery,6983 Broadway,London,UK,Vitality Transport
Standard Shipping,9829 Peony St,Paris,France,UPS
Express Delivery,9832 Prospect St,Naples,Italy,BioQuick Delivery
Standard Shipping,5837 Lincoln St,Tokyo,Japan,PharmaCare Express
Standard Shipping,1649 Forest Ridge St,Rotterdam,Netherlands,MediTrans Express
Standard Shipping,4966 Oakridge St,Hamburg,Germany,MediTrans Express
In-store Pickup,1745 Peony St,Amsterdam,Netherlands,MediFleet Express
Express Delivery,2695 Maple Ridge Ave,Milan,Italy,DPD
Standard Shipping,7429 Pine Creek Rd,Montreal,Canada,LifeLine Logistics
In-store Pickup,9447 Meadowbrook Ave,Geneva,Switzerland,HealthWay Couriers
In-store Pickup,8955 Riverside St,Amsterdam,Netherlands,UPS
In-store Pickup,6476 Sycamore Grove Ave,Rome,Italy,HealthShip Couriers
Express Delivery,4854 Cypress Ave,Osaka,Japan,TNT
Express Delivery,8413 Harbor St,Miami,USA,PharmaQuick Delivery
Standard Shipping,1100 Silver St,London,UK,HealthExpress Couriers
In-store Pickup,6196 Maplewood St,Munich,Germany,HealthWay Express
Express Delivery,9244 Willowdale Ave,Hamburg,Germany,Vitality Transport
Express Delivery,2366 Cedar Ridge Dr,Zurich,Switzerland,MediFleet Logistics
Standard Shipping,6826 Locust St,Paris,France,BioFleet Express
In-store Pickup,4254 Willow Valley St,Milan,Italy,PharmaExpress Delivery
Express Delivery,3413 Cypress Grove Rd,Geneva,Switzerland,MediFleet Logistics
Standard Shipping,690 Highview St,Osaka,Japan,Vitality Transport
In-store Pickup,6434 Sequoia Ridge Rd,Paris,France,BioExpress Logistics
In-store Pickup,191 Prospect St,Vancouver,Canada,BioWay Couriers
Express Delivery,276 Pine Street,New York,USA,VitalWay Transport
Express Delivery,5801 Riverside St,Zurich,Switzerland,VitalCare Transport
Express Delivery,3537 Larch Grove Ave,Barcelona,Spain,PharmaQuick Delivery
In-store Pickup,126 Maple Terrace Ave,Lyon,France,BioWay Couriers
Express Delivery,9991 Golden Ave,Montreal,Canada,BioWay Couriers
Express Delivery,8033 Hawthorn St,Chicago,USA,VitalExpress Couriers
Standard Shipping,2081 Alder St,Lyon,France,PharmaCare Transport
Express Delivery,5207 Beech Rd,Chicago,USA,FedEx
Express Delivery,2208 Pine Hill St,Rotterdam,Netherlands,PharmaWay Logistics
In-store Pickup,1304 Orchid Ave,Toronto,Canada,GLS
In-store Pickup,3415 Kings Ave,Toronto,Canada,PharmaCare Express
Express Delivery,7320 Cypress Grove Rd,Naples,Italy,BioQuick Delivery
Express Delivery,333 Cedar Ridge Ave,Berlin,Germany,MediCare Transport
Standard Shipping,8943 Aspen Ave,Rotterdam,Netherlands,MediTrans Global
Express Delivery,2136 Locust St,Zurich,Switzerland,HealthWay Logistics
In-store Pickup,4406 Jasmine Ave,Naples,Italy,UPS
Standard Shipping,7814 Willow Grove Ave,Amsterdam,Netherlands,TNT
Express Delivery,137 Peony St,Nagoya,Japan,UPS
In-store Pickup,8587 Pine Terrace Ave,Tokyo,Japan,BioTrans Logistics
Express Delivery,9991 Golden Ave,Montreal,Canada,PharmaExpress Delivery
In-store Pickup,8926 Pinecrest Rd,Chicago,USA,BioExpress Logistics
Express Delivery,4091 Pine Hill Rd,Houston,USA,MediTrans Express
Express Delivery,2600 Hemlock St,Toronto,Canada,LifeLine Couriers
Standard Shipping,4366 Maple Ridge Ave,Manchester,UK,BioFleet Express
In-store Pickup,4342 Cypress Rd,Toronto,Canada,VitalCare Transport
Standard Shipping,1322 Pinecrest Ave,Rome,Italy,PharmaCare Transport
Express Delivery,8477 Forest Edge Ave,Lyon,France,HealthWay Logistics
In-store Pickup,413 Aspen Ave,Barcelona,Spain,BioFleet Express
Standard Shipping,7584 Willow Edge Ave,Rome,Italy,BioExpress Delivery
In-store Pickup,5252 School St,Osaka,Japan,BioTrans Logistics
Standard Shipping,9259 Industrial Rd,Barcelona,Spain,PharmaShip Solutions
In-store Pickup,2563 Cedar Knoll Dr,Rome,Italy,BioTrans Logistics
Express Delivery,4446 Maple Valley Rd,Geneva,Switzerland,MediQuick Logistics
Express Delivery,917 Forest Glen St,Naples,Italy,VitalCare Transport
Express Delivery,4884 Fir Ridge St,Rome,Italy,MediFleet Logistics
Express Delivery,7814 Willow Grove Ave,Amsterdam,Netherlands,PharmaQuick Delivery
In-store Pickup,1792 Sycamore Terrace Ave,Berlin,Germany,BioWay Couriers
In-store Pickup,4718 Vista Ave,Barcelona,Spain,HealthCare Transport
Standard Shipping,6344 Oak Knoll Ave,Milan,Italy,LifeLine Logistics
Express Delivery,3075 Elm Grove Rd,Barcelona,Spain,BioTrans Logistics
In-store Pickup,68 Juniper Ridge Rd,Hamburg,Germany,LifeLine Logistics
Standard Shipping,95 Larch Grove Ave,London,UK,UPS
Standard Shipping,8645 Lavender St,Milan,Italy,PharmaExpress Delivery
In-store Pickup,9068 Woodland Ave,London,UK,HealthShip Couriers
Standard Shipping,9972 Lily St,Montreal,Canada,HealthExpress Couriers
In-store Pickup,4760 Market St,Geneva,Switzerland,HealthFleet Couriers
Express Delivery,6617 Hillcrest Dr,Hamburg,Germany,VitalCare Transport
Standard Shipping,4633 Canyon Dr,Toronto,Canada,MediTrans Global
Express Delivery,7860 Pinecrest Ave,New York,USA,BioQuick Delivery
In-store Pickup,2550 Cedar Meadow Rd,Montreal,Canada,HealthWay Express
Express Delivery,5152 Clementine St,Tokyo,Japan,VitalShip Logistics
Standard Shipping,8943 Aspen Ave,Rotterdam,Netherlands,Vitality Transport
Standard Shipping,4928 Pinewood Ave,Vancouver,Canada,VitalExpress Couriers
Standard Shipping,2529 Maplewood Ave,Manchester,UK,HealthWay Couriers
In-store Pickup,2098 Pleasant St,Vancouver,Canada,UPS
In-store Pickup,2377 Stonebridge Rd,Chicago,USA,VitalCare Transport
In-store Pickup,8903 Maple Ridge Ave,Naples,Italy,HealthCare Transport
In-store Pickup,7972 Holly Ave,Paris,France,LifeLine Couriers
Express Delivery,1732 Pine Ridge St,Montreal,Canada,VitalShip Logistics
In-store Pickup,1927 Center Ave,Phoenix,USA,BioFleet Express
Express Delivery,958 Thyme Rd,Nagoya,Japan,HealthShip Couriers
Express Delivery,7212 Aspen Grove Rd,Phoenix,USA,PharmaFleet Express
In-store Pickup,1141 Spruce Ridge Ave,Zurich,Switzerland,VitalWay Transport
Express Delivery,9594 Briar Rose Ave,Naples,Italy,MediCare Transport
Standard Shipping,1211 Cherry Blossom Dr,Madrid,Spain,PharmaWay Logistics
Express Delivery,4366 Maple Ridge Ave,Manchester,UK,VitalCare Transport
In-store Pickup,8764 Cedar Valley Rd,Hamburg,Germany,VitalLink Couriers
In-store Pickup,6218 Willow Valley St,Geneva,Switzerland,PharmaExpress Delivery
Express Delivery,6191 Sunset Blvd,Hamburg,Germany,VitalExpress Couriers
Standard Shipping,3413 Cypress Grove Rd,Geneva,Switzerland,VitalFleet Transport
In-store Pickup,6218 Willow Valley St,Geneva,Switzerland,VitalShip Logistics
In-store Pickup,9701 Linden Ave,New York,USA,BioExpress Logistics
Standard Shipping,6256 Cedar Point Rd,Geneva,Switzerland,HealthWay Express
Express Delivery,2068 Poppy Ave,Toronto,Canada,BioCare Logistics
Standard Shipping,4983 Riverside St,Zurich,Switzerland,DHL Express
In-store Pickup,2388 Adams St,New York,USA,TNT
Express Delivery,4492 Pine Terrace Ave,Lyon,France,MediFleet Logistics
Express Delivery,2098 Pleasant St,Vancouver,Canada,CareShip International
Standard Shipping,8891 Maple Creek Ave,London,UK,BioCare Logistics
Express Delivery,8045 Maple Bend Ave,Toronto,Canada,VitalLink Couriers
Standard Shipping,3881 Sequoia Ridge Rd,Toronto,Canada,MediFleet Express
In-store Pickup,7429 Pine Creek Rd,Montreal,Canada,MediQuick Logistics
Express Delivery,2831 Pine Hill St,Tokyo,Japan,CareShip International
In-store Pickup,8485 Tulip St,Manchester,UK,BioWay Couriers
In-store Pickup,686 Fir Ridge St,Los Angeles,USA,TNT
Standard Shipping,4980 Maple Ridge Dr,Nagoya,Japan,LifeLine Couriers
Standard Shipping,706 Pine Terrace Ave,Vancouver,Canada,PharmaWay Logistics
Standard Shipping,8955 Riverside St,Amsterdam,Netherlands,LifeLine Couriers
Express Delivery,6994 Pine Street,Amsterdam,Netherlands,VitalShip Logistics
Express Delivery,8489 Mint St,Berlin,Germany,LifeLine Couriers
In-store Pickup,800 Rose St,Chicago,USA,PharmaLink Transport
In-store Pickup,1805 Maple Terrace Ave,Vancouver,Canada,PharmaShip Solutions
In-store Pickup,8178 Oak Grove St,Zurich,Switzerland,BioTrans Logistics
Express Delivery,4144 Riverside St,Rotterdam,Netherlands,MedTrans Logistics
Standard Shipping,4562 Maplewood Ave,Manchester,UK,MediFleet Express
Standard Shipping,6881 Lakeview Dr,Houston,USA,VitalShip Logistics
Express Delivery,690 Highview St,Osaka,Japan,MediLink Express
Express Delivery,917 Forest Glen St,Naples,Italy,MediTrans Express
Express Delivery,8738 Canyon View Rd,Manchester,UK,PharmaShip Solutions
Standard Shipping,8440 Cherry Ln,Lyon,France,VitalLink Couriers
Express Delivery,679 Elmwood St,Los Angeles,USA,CareShip International
In-store Pickup,156 Olive St,Milan,Italy,CareShip International
Standard Shipping,9933 Kings Ave,Miami,USA,MediCare Logistics
In-store Pickup,9519 Willow Rd,Munich,Germany,BioExpress Delivery
Standard Shipping,8738 Canyon View Rd,Manchester,UK,BioCare Logistics
Standard Shipping,1742 Fir Valley Rd,Houston,USA,MediLink Express
In-store Pickup,137 Peony St,Nagoya,Japan,PharmaQuick Delivery
In-store Pickup,5172 Forest Ridge St,Lyon,France,MediCare Transport
Express Delivery,5353 Willowdale Ave,Milan,Italy,VitalCare Transport
Standard Shipping,7509 Riverside St,Miami,USA,HealthCare Transport
In-store Pickup,4971 Garden St,Naples,Italy,FedEx
Standard Shipping,7510 Broad St,Rome,Italy,HealthFleet Transport
In-store Pickup,6008 Larch Rd,Hamburg,Germany,BioCare Logistics
Express Delivery,1765 Willowbrook Terrace Rd,Miami,USA,PharmaCare Express
Express Delivery,4393 Maple Ridge Ave,Houston,USA,HealthCare Transport
Standard Shipping,96 Lavender St,Paris,France,HealthLink Couriers
In-store Pickup,7744 Cedar Park Rd,Manchester,UK,VitalExpress Couriers
Express Delivery,8036 Marigold Rd,Rotterdam,Netherlands,LifeLine Logistics
Express Delivery,5152 Clementine St,Tokyo,Japan,VitalWay Transport
Standard Shipping,4983 Riverside St,Zurich,Switzerland,UPS
Express Delivery,1642 Sycamore Terrace Ave,London,UK,VitalWay Transport
Standard Shipping,4517 Birchwood Dr,Nagoya,Japan,VitalWay Transport
Standard Shipping,8891 Maple Creek Ave,London,UK,PharmaWay Logistics
Express Delivery,9120 Maple Terrace Ave,Nagoya,Japan,VitalShip Logistics
Express Delivery,4492 Pine Terrace Ave,Lyon,France,CareShip International
In-store Pickup,4710 Cypress Grove Rd,New York,USA,MediFleet Express
Express Delivery,9845 Franklin St,Zurich,Switzerland,VitalFleet Transport
Express Delivery,5200 Spruce Ridge Rd,Los Angeles,USA,MediTrans Global
Standard Shipping,2406 Willow Bend Rd,Geneva,Switzerland,PharmaFleet Express
Express Delivery,4633 Canyon Dr,Toronto,Canada,DHL Express
In-store Pickup,5811 Lincoln St,Berlin,Germany,LifeLine Logistics
Standard Shipping,8943 Aspen Ave,Rotterdam,Netherlands,HealthFleet Couriers
In-store Pickup,6757 Main St,Rotterdam,Netherlands,HealthFleet Couriers
Standard Shipping,5466 Daffodil Ave,Osaka,Japan,MediCare Logistics
Express Delivery,3816 Tulip St,Miami,USA,LifeLine Couriers
Express Delivery,6948 Cedar Ridge Dr,Zurich,Switzerland,MediFleet Logistics
Express Delivery,1732 Pine Ridge St,Montreal,Canada,HealthFleet Transport
Standard Shipping,6804 Overlook Rd,Nagoya,Japan,MediFleet Express
Express Delivery,6891 Willow Crest Ave,Madrid,Spain,PharmaQuick Delivery
Standard Shipping,8831 Garden St,Amsterdam,Netherlands,HealthExpress Couriers
In-store Pickup,9421 Aspen Grove Rd,New York,USA,PharmaLink Transport
Standard Shipping,6441 Parsley Ave,Rome,Italy,BioTrans Logistics
In-store Pickup,511 Birchwood Dr,Lyon,France,PharmaFleet Express
In-store Pickup,9844 Willow Park St,Toronto,Canada,FedEx
Standard Shipping,5252 School St,Osaka,Japan,VitalFleet Transport
Express Delivery,6072 Granite St,Miami,USA,MediCare Logistics
In-store Pickup,5592 Lily St,New York,USA,HealthWay Logistics
Standard Shipping,9933 Kings Ave,Miami,USA,VitalWay Transport
In-store Pickup,1765 Willowbrook Terrace Rd,Miami,USA,DHL Express
In-store Pickup,2081 Alder St,Lyon,France,Vitality Transport
In-store Pickup,1262 Pine Street,Hamburg,Germany,HealthFleet Couriers
Standard Shipping,5271 Cedarwood Lane,Nagoya,Japan,TNT
In-store Pickup,5421 Holly Ave,Nagoya,Japan,BioExpress Logistics
Standard Shipping,1685 Cedar Springs St,New York,USA,MediQuick Logistics
Standard Shipping,6787 Pine Knoll Rd,Geneva,Switzerland,PharmaExpress Delivery
In-store Pickup,3816 Tulip St,Miami,USA,VitalLink Couriers
In-store Pickup,810 Clover St,Madrid,Spain,HealthShip Couriers
Standard Shipping,4710 Cypress Grove Rd,New York,USA,VitalShip Logistics
In-store Pickup,6729 Pinecrest Rd,Manchester,UK,BioCare Logistics
In-store Pickup,7705 Pleasant St,Houston,USA,MedTrans Logistics
Express Delivery,7705 Pleasant St,Houston,USA,BioQuick Delivery
Standard Shipping,22 Valley Rd,Manchester,UK,VitalShip Logistics
In-store Pickup,6752 Buttercup Rd,Paris,France,PharmaWay Logistics
Express Delivery,3309 Cedarwood St,Chicago,USA,HealthLink Couriers
Standard Shipping,8581 Granite St,Munich,Germany,HealthCare Transport
In-store Pickup,7342 Elm Grove Rd,Munich,Germany,HealthLink Couriers
In-store Pickup,6994 Maple Ridge Blvd,Rome,Italy,CareShip International
Express Delivery,3881 Sequoia Ridge Rd,Toronto,Canada,FedEx
In-store Pickup,4881 Juniper Ave,Miami,USA,BioWay Couriers
In-store Pickup,5585 Washington Ave,Berlin,Germany,PharmaShip Solutions
In-store Pickup,4950 Basil Ave,Munich,Germany,DHL Express
Express Delivery,7520 Prospect St,Rome,Italy,PharmaLink Transport
In-store Pickup,8413 Harbor St,Miami,USA,PharmaShip Solutions
Express Delivery,5231 Silver St,Nagoya,Japan,PharmaLink Transport
In-store Pickup,7558 Chestnut Ave,Madrid,Spain,CareShip International
Standard Shipping,4560 Cedar Glen Ave,Berlin,Germany,DHL Express
Standard Shipping,7704 School St,Geneva,Switzerland,HealthFleet Couriers
Express Delivery,5837 Lincoln St,Tokyo,Japan,BioWay Couriers
Express Delivery,498 Pine Hill Rd,Lyon,France,VitalExpress Couriers
Express Delivery,3060 Clementine St,Barcelona,Spain,HealthWay Express
In-store Pickup,8115 Sycamore Grove Rd,Milan,Italy,HealthExpress Couriers
Standard Shipping,371 Redwood Ave,Barcelona,Spain,Vitality Transport
In-store Pickup,4718 Vista Ave,Barcelona,Spain,HealthShip Couriers
Standard Shipping,3829 Rose St,Lyon,France,VitalWay Transport
In-store Pickup,9447 Stonebridge Rd,Los Angeles,USA,HealthCare Transport
In-store Pickup,6881 Lakeview Dr,Houston,USA,MedTrans Logistics
Express Delivery,4884 Fir Ridge St,Rome,Italy,BioCare Logistics
In-store Pickup,883 Larch Grove Ave,Berlin,Germany,VitalCare Transport
In-store Pickup,2071 Mint St,Munich,Germany,LifeLine Couriers
Express Delivery,6948 Cedar Ridge Dr,Zurich,Switzerland,MediTrans Express
Express Delivery,482 Maplewood Ave,Phoenix,USA,HealthWay Express
In-store Pickup,2552 Maple Ridge Ave,Toronto,Canada,PharmaExpress Delivery
In-store Pickup,6630 Cherry Blossom Dr,Tokyo,Japan,DHL Express
Express Delivery,4718 Vista Ave,Barcelona,Spain,HealthShip Couriers
Express Delivery,5292 Sunset Blvd,Munich,Germany,HealthWay Couriers
Express Delivery,2713 Peachtree St,Manchester,UK,GLS
Express Delivery,1143 Chestnut Ave,Munich,Germany,PharmaQuick Delivery
Standard Shipping,8653 Mint St,Paris,France,DHL Express
Standard Shipping,4950 Basil Ave,Munich,Germany,BioExpress Logistics
Express Delivery,4163 Pine Hill Rd,Amsterdam,Netherlands,HealthWay Logistics
In-store Pickup,9369 Hawthorn St,Houston,USA,BioQuick Delivery
Express Delivery,96 Lavender St,Paris,France,VitalLink Couriers
Express Delivery,6749 Maplewood St,Tokyo,Japan,Vitality Transport
Standard Shipping,6714 Valley Rd,Vancouver,Canada,TNT
Standard Shipping,6196 Maplewood St,Munich,Germany,MediCare Logistics
In-store Pickup,6630 Cherry Blossom Dr,Tokyo,Japan,MediFleet Express
In-store Pickup,9829 Peony St,Paris,France,MediTrans Express
In-store Pickup,763 Juniper Ave,Geneva,Switzerland,MediCare Logistics
Standard Shipping,282 Maple Ridge Ave,New York,USA,HealthFleet Transport
Express Delivery,4276 Research Dr,Chicago,USA,MediCare Logistics
Express Delivery,333 Cedar Ridge Ave,Berlin,Germany,FedEx
Standard Shipping,4038 Juniper Ridge Rd,Tokyo,Japan,PharmaExpress Delivery
Express Delivery,6178 Riverside St,Tokyo,Japan,PharmaShip Solutions
In-store Pickup,5585 Washington Ave,Berlin,Germany,MediCare Transport
In-store Pickup,1632 Linden Ave,Madrid,Spain,MediLink Express
Express Delivery,2012 Oak Knoll Ave,Paris,France,BioExpress Delivery
In-store Pickup,7342 Elm Grove Rd,Munich,Germany,MedTrans Logistics
In-store Pickup,4365 Cedar Ridge Dr,Berlin,Germany,MediQuick Logistics
Express Delivery,9829 Peony St,Paris,France,HealthWay Couriers
Standard Shipping,8595 Clover St,Barcelona,Spain,BioTrans Logistics
In-store Pickup,5107 Hillcrest Dr,Berlin,Germany,PharmaShip Solutions
Standard Shipping,7310 Larch Grove Ave,Munich,Germany,HealthWay Express
Standard Shipping,6332 Magnolia Ave,Osaka,Japan,HealthShip Couriers
Standard Shipping,2153 Forest Glen St,Tokyo,Japan,CareShip International
Standard Shipping,2637 River St,Hamburg,Germany,PharmaFleet Express
Express Delivery,1343 Sycamore Grove Ave,Geneva,Switzerland,MediFleet Express
Express Delivery,1874 Forest Hill Ave,Geneva,Switzerland,VitalFleet Transport
In-store Pickup,5097 Pinewood Ave,Hamburg,Germany,MediTrans Express
Standard Shipping,7000 Heatherwood Dr,Zurich,Switzerland,GLS
Express Delivery,469 Madison St,Amsterdam,Netherlands,VitalCare Transport
Standard Shipping,1174 Sequoia Ridge Rd,Lyon,France,HealthWay Couriers
Express Delivery,6214 Cedar Ridge Rd,Los Angeles,USA,BioFleet Express
Standard Shipping,6994 Maple Ridge Blvd,Rome,Italy,PharmaCare Express
Express Delivery,1411 Holly Ave,Tokyo,Japan,VitalExpress Couriers
In-store Pickup,377 Larch Grove Ave,Tokyo,Japan,BioExpress Logistics
Standard Shipping,1326 Willowbrook Ave,Zurich,Switzerland,HealthFleet Transport
Standard Shipping,4254 Willow Valley St,Milan,Italy,MediQuick Logistics
Express Delivery,6510 Olive St,Hamburg,Germany,MediTrans Global
In-store Pickup,5926 Poplar St,Naples,Italy,UPS
Standard Shipping,3075 Elm Grove Rd,Barcelona,Spain,VitalLink Couriers
In-store Pickup,4055 Wisteria Ave,Lyon,France,VitalExpress Couriers
Standard Shipping,8805 Willow Park St,Madrid,Spain,BioExpress Delivery
In-store Pickup,9933 Kings Ave,Miami,USA,MediTrans Global
Express Delivery,4884 Fir Ridge St,Rome,Italy,DHL Express
Express Delivery,4689 Beechwood Rd,Los Angeles,USA,MediCare Transport
Express Delivery,1973 Edgewood Dr,Chicago,USA,HealthShip Couriers
In-store Pickup,3023 Birchwood Ave,Paris,France,PharmaExpress Delivery
Standard Shipping,8178 Oak Grove St,Zurich,Switzerland,VitalShip Logistics
Express Delivery,2901 Willowbrook Terrace Rd,Naples,Italy,VitalWay Transport
In-store Pickup,6752 Buttercup Rd,Paris,France,MediCare Transport
In-store Pickup,1959 High St,Munich,Germany,DHL Express
Express Delivery,71 Park Ave,Zurich,Switzerland,MediFleet Express
In-store Pickup,1862 Spruce Ridge Rd,Rotterdam,Netherlands,PharmaLink Transport
In-store Pickup,2388 Adams St,New York,USA,MediLink Express
In-store Pickup,9762 Cedarwood St,Hamburg,Germany,HealthWay Express
Express Delivery,8773 Cedar Glen Ave,Zurich,Switzerland,BioExpress Delivery
Express Delivery,8778 Cypress Ave,Osaka,Japan,HealthExpress Couriers
Standard Shipping,7837 Elmwood St,Zurich,Switzerland,UPS
Express Delivery,1632 Linden Ave,Madrid,Spain,PharmaCare Transport
Standard Shipping,1138 Maplewood Ave,Tokyo,Japan,MedTrans Logistics
Express Delivery,2600 Hemlock St,Toronto,Canada,VitalFleet Transport
Express Delivery,517 Redwood Ave,Tokyo,Japan,PharmaCare Transport
In-store Pickup,6256 Cedar Point Rd,Geneva,Switzerland,BioQuick Delivery
Standard Shipping,4593 Pine Knoll Rd,Munich,Germany,GLS
In-store Pickup,5837 Lincoln St,Tokyo,Japan,MediFleet Express
In-store Pickup,5200 Spruce Ridge Rd,Los Angeles,USA,PharmaShip Solutions
Express Delivery,5068 Summit Ridge Ave,Paris,France,BioTrans Logistics
In-store Pickup,1732 Pine Ridge St,Montreal,Canada,BioExpress Delivery
Express Delivery,8097 Cedar Springs St,Tokyo,Japan,FedEx
In-store Pickup,5411 Tulip St,Houston,USA,MediTrans Express
Express Delivery,7663 Pine Ridge St,Hamburg,Germany,BioWay Couriers
In-store Pickup,8167 Maple Terrace Ave,Zurich,Switzerland,HealthWay Couriers
Express Delivery,9410 Peachtree St,London,UK,MediQuick Logistics
In-store Pickup,2523 Juniper Ridge Rd,Tokyo,Japan,FedEx
In-store Pickup,8903 Maple Ridge Ave,Naples,Italy,HealthWay Logistics
Standard Shipping,6196 Maplewood St,Munich,Germany,HealthWay Logistics
Standard Shipping,2759 Hillcrest Dr,Miami,USA,HealthExpress Couriers
Standard Shipping,5107 Hillcrest Dr,Berlin,Germany,MediTrans Global
Express Delivery,4517 Birchwood Dr,Nagoya,Japan,BioTrans Logistics
In-store Pickup,1927 Center Ave,Phoenix,USA,FedEx
Standard Shipping,5585 Washington Ave,Berlin,Germany,PharmaShip Solutions
In-store Pickup,8477 Forest Edge Ave,Lyon,France,HealthWay Express
In-store Pickup,6522 Cedar Meadow Rd,Geneva,Switzerland,BioExpress Delivery
Standard Shipping,4049 Fern Ave,Amsterdam,Netherlands,PharmaFleet Express
Express Delivery,8401 Rowan Ave,Tokyo,Japan,HealthWay Express
Express Delivery,2136 Locust St,Zurich,Switzerland,HealthCare Transport
In-store Pickup,1138 Maplewood Ave,Tokyo,Japan,BioTrans Logistics
In-store Pickup,2322 Summit Ridge Ave,Osaka,Japan,HealthCare Transport
Standard Shipping,6196 Maplewood St,Munich,Germany,BioTrans Logistics
In-store Pickup,467 College Ave,Vancouver,Canada,DPD
