email,product_code,liked_date,stars
lsbfmtp@gmail.com,PROD-81050,2015-07-19 19:09:48,3
lsbfmtp@gmail.com,PROD-48225,2013-10-20 03:58:40,3
lsbfmtp@gmail.com,PROD-75510,2020-10-27 20:34:45,4
lsbfmtp@gmail.com,PROD-86150,2025-02-22 01:40:08,4
phlpkji@mail.com,PROD-83868,2016-07-11 16:17:10,4
vcxgdgf@outlook.com,PROD-20834,2013-11-16 21:03:14,5
lxogysg@outlook.com,PROD-51896,2021-08-02 07:30:31,4
lxogysg@outlook.com,PROD-50708,2014-04-21 03:37:20,4
gearbut@mail.com,PROD-83868,2013-11-08 22:20:08,2
gearbut@mail.com,PROD-70945,2015-01-17 07:52:51,1
ztvsngx@mail.com,PROD-59001,2013-09-29 00:42:13,3
ztvsngx@mail.com,PROD-51403,2023-05-10 18:52:47,1
ztvsngx@mail.com,PROD-79606,2020-03-31 14:03:15,1
ztvsngx@mail.com,PROD-97885,2013-04-01 23:24:16,2
ztvsngx@mail.com,PROD-29858,2018-07-13 03:09:15,2
mzwetgm@gmail.com,PROD-97645,2014-10-04 07:51:07,5
mzwetgm@gmail.com,PROD-58224,2012-07-20 10:50:27,5
mzwetgm@gmail.com,PROD-16878,2023-05-25 07:08:07,4
mzwetgm@gmail.com,PROD-64210,2020-12-18 18:05:04,4
mzwetgm@gmail.com,PROD-20866,2018-04-21 22:27:38,2
yccxwli@mail.com,PROD-27294,2020-04-02 18:57:52,3
yccxwli@mail.com,PROD-12136,2023-04-23 07:52:34,5
wasegbj@outlook.com,PROD-28842,2017-10-26 02:28:04,5
wasegbj@outlook.com,PROD-32701,2018-06-12 01:50:21,4
wasegbj@outlook.com,PROD-25342,2012-12-19 07:02:16,1
wasegbj@outlook.com,PROD-77941,2019-10-26 23:41:55,2
wasegbj@outlook.com,PROD-36394,2025-11-06 20:56:56,1
apzmtrw@mail.com,PROD-16575,2023-08-28 12:32:24,1
apzmtrw@mail.com,PROD-52280,2022-11-12 07:14:43,1
ymgxzsh@yahoo.com,PROD-24837,2013-12-11 17:57:23,2
ymgxzsh@yahoo.com,PROD-63237,2021-12-19 10:45:05,3
ymgxzsh@yahoo.com,PROD-50392,2022-09-18 16:20:29,3
ymgxzsh@yahoo.com,PROD-26431,2021-07-20 06:25:52,5
ymgxzsh@yahoo.com,PROD-41834,2012-05-22 09:23:39,4
uyllflz@mail.com,PROD-21354,2012-05-05 18:33:21,4
uyllflz@mail.com,PROD-84955,2018-03-17 07:26:25,1
kcgviub@yahoo.com,PROD-83123,2015-02-03 23:21:08,3
decebls@gmail.com,PROD-66863,2016-04-17 05:10:47,1
qfzuzgt@yahoo.com,PROD-91346,2019-04-11 20:02:41,1
qfzuzgt@yahoo.com,PROD-55757,2021-11-05 01:33:37,1
urfugdd@outlook.com,PROD-37153,2025-06-11 18:08:11,2
urfugdd@outlook.com,PROD-79606,2024-05-24 14:19:51,2
urfugdd@outlook.com,PROD-30845,2012-07-18 04:47:07,1
nskivfi@gmail.com,PROD-92023,2017-10-12 13:30:08,4
fepctht@gmail.com,PROD-47908,2021-07-05 04:42:21,4
fepctht@gmail.com,PROD-51088,2018-05-23 20:10:26,1
feaohwv@yahoo.com,PROD-32714,2013-08-13 15:30:09,2
feaohwv@yahoo.com,PROD-26431,2022-01-11 11:56:20,5
feaohwv@yahoo.com,PROD-30845,2013-09-09 02:10:40,4
snsixqj@mail.com,PROD-75899,2024-02-11 02:27:33,5
phookky@outlook.com,PROD-30035,2016-11-11 08:13:13,3
phookky@outlook.com,PROD-15361,2013-07-10 03:56:47,2
phookky@outlook.com,PROD-74375,2022-01-23 02:53:06,1
sdxanyp@mail.com,PROD-64243,2025-05-23 13:46:25,1
sdxanyp@mail.com,PROD-12527,2020-12-02 14:02:53,4
sdxanyp@mail.com,PROD-87437,2017-11-25 09:58:53,1
willzwq@gmail.com,PROD-38920,2021-11-27 23:08:01,1
willzwq@gmail.com,PROD-47021,2024-09-04 06:05:36,2
willzwq@gmail.com,PROD-39018,2021-08-02 21:33:48,5
willzwq@gmail.com,PROD-21368,2023-02-22 12:34:47,2
willzwq@gmail.com,PROD-75226,2015-11-18 11:38:04,3
qyvbqgx@gmail.com,PROD-21787,2023-09-11 02:53:06,5
uwsmspn@outlook.com,PROD-28959,2013-11-21 10:21:33,2
uwsmspn@outlook.com,PROD-38646,2024-06-20 14:51:20,2
eiqnuit@outlook.com,PROD-17948,2014-07-10 09:42:35,2
eiqnuit@outlook.com,PROD-14732,2017-11-05 23:32:16,5
eiqnuit@outlook.com,PROD-78957,2024-07-22 05:09:52,5
eiqnuit@outlook.com,PROD-73950,2016-12-03 12:24:45,1
eiqnuit@outlook.com,PROD-77782,2019-03-07 09:01:43,1
dgsvqou@mail.com,PROD-93725,2015-03-02 05:02:42,2
dgsvqou@mail.com,PROD-15361,2024-08-01 00:31:07,5
wehqurn@yahoo.com,PROD-67543,2013-01-09 09:48:20,5
wehqurn@yahoo.com,PROD-48879,2012-04-06 03:49:34,1
wehqurn@yahoo.com,PROD-66706,2019-06-11 01:40:38,3
fwlmarx@mail.com,PROD-39643,2023-08-06 05:53:09,5
fwlmarx@mail.com,PROD-48817,2020-05-01 08:09:48,4
fwlmarx@mail.com,PROD-44266,2012-06-15 23:26:31,4
fwlmarx@mail.com,PROD-41225,2013-06-05 21:55:37,4
bwuzxqa@yahoo.com,PROD-32714,2017-12-25 05:11:51,5
ygbzaze@outlook.com,PROD-60028,2012-01-12 01:31:41,1
ygbzaze@outlook.com,PROD-15930,2019-01-22 19:40:16,2
ooovoql@yahoo.com,PROD-37095,2020-11-18 23:06:55,4
ooovoql@yahoo.com,PROD-52885,2018-10-27 10:11:11,4
ooovoql@yahoo.com,PROD-24837,2020-07-08 15:39:55,1
ooovoql@yahoo.com,PROD-28249,2025-12-24 21:21:12,2
pihpaml@yahoo.com,PROD-81088,2017-04-29 21:18:35,4
pihpaml@yahoo.com,PROD-71348,2012-03-10 03:08:32,5
pihpaml@yahoo.com,PROD-21368,2020-08-31 17:38:21,2
pihpaml@yahoo.com,PROD-35857,2014-07-09 00:27:50,5
fbjjuab@gmail.com,PROD-99676,2023-04-16 07:30:44,1
fbjjuab@gmail.com,PROD-52558,2022-05-06 03:09:57,5
fbjjuab@gmail.com,PROD-68908,2017-09-02 14:54:54,3
fbjjuab@gmail.com,PROD-45439,2015-10-27 14:49:36,4
fbjjuab@gmail.com,PROD-32359,2020-08-14 20:10:49,5
stnlslh@yahoo.com,PROD-29854,2023-05-21 22:00:55,2
stnlslh@yahoo.com,PROD-10203,2014-05-01 22:04:23,1
stnlslh@yahoo.com,PROD-32714,2025-09-07 01:39:44,4
stnlslh@yahoo.com,PROD-48757,2023-02-06 18:08:31,1
pvrplmu@mail.com,PROD-81088,2021-01-11 01:57:38,4
pvrplmu@mail.com,PROD-64243,2023-04-17 20:00:18,4
dgokmzw@gmail.com,PROD-98770,2025-05-25 06:29:05,3
vluxjqv@gmail.com,PROD-69864,2021-02-16 15:44:14,2
vluxjqv@gmail.com,PROD-75899,2015-09-01 12:07:41,5
vluxjqv@gmail.com,PROD-83192,2020-05-30 07:46:17,1
zzudnbe@mail.com,PROD-65425,2020-02-02 02:17:28,2
lmdxxxk@gmail.com,PROD-48856,2016-10-08 21:29:46,3
sohjyvk@gmail.com,PROD-51621,2025-01-09 11:52:53,2
sohjyvk@gmail.com,PROD-48879,2019-05-20 00:48:07,4
sohjyvk@gmail.com,PROD-31968,2015-09-25 21:45:26,4
sohjyvk@gmail.com,PROD-93864,2025-11-29 00:02:04,5
ugwgseq@outlook.com,PROD-64749,2024-08-13 15:29:04,4
ugwgseq@outlook.com,PROD-41462,2018-09-12 16:22:25,4
ugwgseq@outlook.com,PROD-91829,2016-05-04 17:29:22,3
ugwgseq@outlook.com,PROD-14099,2017-03-22 18:04:18,3
ugwgseq@outlook.com,PROD-37103,2025-09-03 19:41:36,3
lcuugfk@yahoo.com,PROD-60677,2017-09-11 20:54:29,2
lcuugfk@yahoo.com,PROD-67656,2024-02-22 03:43:56,4
lcuugfk@yahoo.com,PROD-29484,2014-06-15 11:06:56,1
mvkyofu@yahoo.com,PROD-81291,2013-08-10 15:54:16,1
mvkyofu@yahoo.com,PROD-77941,2018-03-08 02:55:35,3
mvkyofu@yahoo.com,PROD-55345,2018-11-04 08:56:11,1
scgufhd@gmail.com,PROD-30845,2021-11-29 02:50:03,3
scgufhd@gmail.com,PROD-79060,2016-02-23 06:21:47,4
scgufhd@gmail.com,PROD-62335,2017-01-11 15:15:46,1
scgufhd@gmail.com,PROD-75531,2012-10-14 05:01:52,2
scgufhd@gmail.com,PROD-92899,2016-09-10 12:40:13,5
epdgagp@outlook.com,PROD-74936,2016-05-21 04:32:23,1
dvnmcfc@outlook.com,PROD-92023,2022-04-14 04:43:57,1
dvnmcfc@outlook.com,PROD-38646,2014-09-01 15:55:32,3
dvnmcfc@outlook.com,PROD-37394,2021-06-20 19:55:21,4
bhimyci@mail.com,PROD-70081,2020-02-16 07:19:28,2
bhimyci@mail.com,PROD-26746,2016-09-27 05:01:24,4
gujhoay@yahoo.com,PROD-95304,2025-04-15 18:58:54,4
bpfhzyi@outlook.com,PROD-41462,2014-09-13 21:02:41,5
bpfhzyi@outlook.com,PROD-20445,2012-01-21 20:46:37,4
bpfhzyi@outlook.com,PROD-50392,2024-07-28 15:06:42,5
bpfhzyi@outlook.com,PROD-52606,2019-06-07 17:27:30,1
bpfhzyi@outlook.com,PROD-84595,2024-05-08 09:21:22,1
jgbgbwv@gmail.com,PROD-24583,2015-05-18 11:44:17,1
jgbgbwv@gmail.com,PROD-69169,2024-01-17 06:39:27,5
amvmhae@mail.com,PROD-75055,2020-05-19 15:02:09,4
amvmhae@mail.com,PROD-69030,2018-01-05 01:46:34,1
amvmhae@mail.com,PROD-31968,2025-08-22 03:12:05,2
amvmhae@mail.com,PROD-29674,2016-09-06 22:05:07,2
sbuyjji@outlook.com,PROD-85677,2020-07-12 14:24:57,5
sbuyjji@outlook.com,PROD-11427,2018-02-16 17:02:46,5
vbhmwfk@mail.com,PROD-60007,2021-02-25 20:29:42,1
vbhmwfk@mail.com,PROD-11074,2014-08-24 22:01:57,2
vbhmwfk@mail.com,PROD-50708,2014-09-18 09:35:39,5
vbhmwfk@mail.com,PROD-20489,2024-12-20 07:59:32,1
njluyyo@outlook.com,PROD-80320,2017-04-18 08:38:35,1
njluyyo@outlook.com,PROD-60007,2024-03-15 17:18:44,2
njluyyo@outlook.com,PROD-14099,2023-12-01 07:13:53,2
njluyyo@outlook.com,PROD-63814,2013-08-09 01:07:00,2
xplhobc@mail.com,PROD-70571,2022-03-21 21:38:43,4
xplhobc@mail.com,PROD-37153,2019-12-18 12:09:30,1
xplhobc@mail.com,PROD-21103,2022-02-25 21:07:12,2
xplhobc@mail.com,PROD-30994,2021-10-20 19:48:01,2
xplhobc@mail.com,PROD-49897,2016-01-11 04:50:55,4
skxlqgx@gmail.com,PROD-81263,2021-07-28 15:09:23,3
skxlqgx@gmail.com,PROD-95304,2023-03-28 13:53:03,2
skxlqgx@gmail.com,PROD-27002,2025-12-09 20:34:31,2
skxlqgx@gmail.com,PROD-29399,2019-03-09 10:20:36,5
skxlqgx@gmail.com,PROD-26431,2022-10-26 20:39:16,4
jxnqrdg@outlook.com,PROD-95209,2024-12-17 22:04:45,2
jxnqrdg@outlook.com,PROD-14732,2025-09-01 07:31:16,3
jxnqrdg@outlook.com,PROD-69771,2012-01-28 15:55:38,1
jxnqrdg@outlook.com,PROD-47985,2013-05-18 09:20:10,1
jxnqrdg@outlook.com,PROD-91382,2013-06-19 04:33:26,4
zdksfhe@mail.com,PROD-87710,2023-07-12 12:56:46,3
zdksfhe@mail.com,PROD-23912,2016-10-20 09:32:46,4
iibgacr@yahoo.com,PROD-11528,2019-02-04 03:46:11,4
iibgacr@yahoo.com,PROD-54293,2013-01-13 17:34:35,3
iibgacr@yahoo.com,PROD-94685,2012-07-17 18:45:09,4
iibgacr@yahoo.com,PROD-40389,2020-03-15 03:21:40,1
iibgacr@yahoo.com,PROD-60677,2018-12-14 09:13:56,5
dsweknj@gmail.com,PROD-91790,2016-03-27 13:08:01,1
dsweknj@gmail.com,PROD-86741,2023-12-12 23:57:47,2
dsweknj@gmail.com,PROD-36291,2015-09-13 00:59:53,2
dsweknj@gmail.com,PROD-98376,2018-12-27 19:14:20,3
vfmycfl@gmail.com,PROD-34592,2023-04-02 08:24:43,3
vfmycfl@gmail.com,PROD-63237,2025-08-30 03:57:04,5
vfmycfl@gmail.com,PROD-30172,2021-11-29 00:17:56,2
othywro@mail.com,PROD-79778,2013-02-01 01:48:25,4
othywro@mail.com,PROD-72164,2013-03-18 09:06:35,1
othywro@mail.com,PROD-41462,2013-11-04 12:10:06,3
othywro@mail.com,PROD-74635,2015-03-07 08:27:38,5
zfeohqt@outlook.com,PROD-52227,2012-02-15 08:46:46,3
vvoplxf@gmail.com,PROD-16588,2025-02-02 01:31:46,2
vvoplxf@gmail.com,PROD-57745,2017-05-24 09:53:13,4
vvoplxf@gmail.com,PROD-91346,2023-12-25 22:24:25,2
vvoplxf@gmail.com,PROD-46952,2025-05-03 22:16:41,1
ofhotnq@gmail.com,PROD-59365,2024-07-15 05:45:12,2
ofhotnq@gmail.com,PROD-94685,2014-01-03 16:38:56,5
ofhotnq@gmail.com,PROD-54132,2013-04-17 13:08:41,4
ofhotnq@gmail.com,PROD-87437,2018-02-16 16:31:33,2
lnllqza@yahoo.com,PROD-96932,2024-04-23 15:47:12,2
lnllqza@yahoo.com,PROD-42310,2021-01-10 00:46:28,1
pztmwvt@outlook.com,PROD-72231,2015-03-20 16:13:22,1
pztmwvt@outlook.com,PROD-37153,2023-11-06 05:39:09,5
pztmwvt@outlook.com,PROD-81829,2013-07-25 09:44:19,2
pztmwvt@outlook.com,PROD-36246,2012-11-17 20:39:29,3
pztmwvt@outlook.com,PROD-16566,2024-12-29 06:28:31,3
hpyorlj@outlook.com,PROD-22940,2015-10-12 06:19:49,2
hpyorlj@outlook.com,PROD-42726,2021-09-16 08:49:04,1
hpyorlj@outlook.com,PROD-28842,2012-06-09 20:54:18,4
hpyorlj@outlook.com,PROD-47021,2018-04-12 00:57:35,4
otcyjii@gmail.com,PROD-53331,2018-12-23 04:34:53,4
otcyjii@gmail.com,PROD-92899,2023-04-07 12:18:27,2
jsodkhk@gmail.com,PROD-27816,2025-03-24 05:42:13,2
jsodkhk@gmail.com,PROD-91346,2016-10-21 16:29:27,3
fqtvilb@yahoo.com,PROD-70081,2025-02-18 06:06:39,3
fqtvilb@yahoo.com,PROD-32701,2020-05-06 10:18:23,2
fqtvilb@yahoo.com,PROD-42251,2019-07-05 17:17:11,2
yotoqlf@yahoo.com,PROD-49710,2019-01-17 23:19:25,5
yotoqlf@yahoo.com,PROD-47798,2018-10-03 20:57:17,3
yotoqlf@yahoo.com,PROD-74936,2020-05-03 09:28:57,1
yotoqlf@yahoo.com,PROD-64115,2013-06-29 20:24:48,4
zotpnui@outlook.com,PROD-15798,2013-12-21 17:47:15,5
zgvhpyn@gmail.com,PROD-73372,2024-02-06 09:37:11,3
zgvhpyn@gmail.com,PROD-54293,2025-09-30 16:32:01,1
cfbodee@outlook.com,PROD-11074,2024-08-02 13:52:15,4
cfbodee@outlook.com,PROD-55345,2019-02-14 01:50:29,2
cfbodee@outlook.com,PROD-22940,2017-08-31 20:37:35,2
hundezb@mail.com,PROD-31664,2016-03-15 04:00:47,1
hundezb@mail.com,PROD-50934,2017-09-04 23:36:48,3
hundezb@mail.com,PROD-50592,2017-01-04 06:48:27,2
hundezb@mail.com,PROD-83640,2017-09-15 16:09:48,3
hundezb@mail.com,PROD-92521,2019-06-30 01:25:57,2
vyysqna@yahoo.com,PROD-87628,2016-04-06 17:15:15,5
vyysqna@yahoo.com,PROD-77923,2024-03-03 00:24:09,1
qydrzqo@outlook.com,PROD-18767,2019-05-28 05:00:59,5
qydrzqo@outlook.com,PROD-85757,2024-04-23 00:14:42,2
qydrzqo@outlook.com,PROD-38971,2020-04-29 19:06:48,3
qydrzqo@outlook.com,PROD-30845,2022-01-15 11:57:54,4
blxdfwt@yahoo.com,PROD-35839,2020-09-26 21:58:56,2
blxdfwt@yahoo.com,PROD-61989,2014-07-03 05:57:00,3
blxdfwt@yahoo.com,PROD-91790,2018-11-14 05:41:28,5
blxdfwt@yahoo.com,PROD-38493,2013-02-28 07:19:46,1
omsfnpq@gmail.com,PROD-54230,2024-05-25 20:39:27,4
omsfnpq@gmail.com,PROD-27088,2018-10-17 16:03:29,3
omsfnpq@gmail.com,PROD-64788,2017-10-06 07:29:43,2
qpezwjy@outlook.com,PROD-51592,2015-07-09 21:32:48,5
qpezwjy@outlook.com,PROD-61989,2018-09-30 13:09:52,3
qpezwjy@outlook.com,PROD-59959,2024-08-07 05:33:15,5
qpezwjy@outlook.com,PROD-33977,2017-11-04 19:52:10,2
vzaltwa@yahoo.com,PROD-15345,2012-07-26 07:25:26,2
vzaltwa@yahoo.com,PROD-82222,2025-10-24 22:33:23,4
jznzhcj@mail.com,PROD-39643,2018-08-10 17:41:32,2
jznzhcj@mail.com,PROD-24497,2018-06-17 14:10:33,2
jznzhcj@mail.com,PROD-48879,2012-05-19 05:26:52,5
jznzhcj@mail.com,PROD-66211,2019-06-10 22:42:14,4
lgdopvh@yahoo.com,PROD-25011,2018-11-24 02:35:10,2
lgdopvh@yahoo.com,PROD-64788,2014-02-25 13:00:02,2
lgdopvh@yahoo.com,PROD-28693,2022-09-27 06:40:12,3
lgdopvh@yahoo.com,PROD-81050,2022-07-02 21:06:20,5
htiwgqy@outlook.com,PROD-48289,2020-06-21 10:53:49,1
htiwgqy@outlook.com,PROD-93195,2025-02-08 20:23:54,2
ohbzler@mail.com,PROD-80551,2012-03-23 05:58:25,5
ohbzler@mail.com,PROD-95209,2014-01-10 23:59:53,5
aowkxaa@mail.com,PROD-83123,2012-07-07 05:25:31,4
aowkxaa@mail.com,PROD-30425,2015-07-12 23:58:30,5
aowkxaa@mail.com,PROD-83621,2015-10-12 01:37:36,5
aowkxaa@mail.com,PROD-37103,2016-01-10 16:34:36,3
txgiitf@outlook.com,PROD-47829,2022-12-05 03:45:24,2
txgiitf@outlook.com,PROD-80305,2015-05-31 02:28:11,3
abumozu@yahoo.com,PROD-16878,2016-02-17 15:38:06,4
abumozu@yahoo.com,PROD-63329,2013-09-19 01:18:57,1
abumozu@yahoo.com,PROD-15361,2015-07-08 03:08:52,3
aghaqhf@gmail.com,PROD-60028,2017-08-24 18:16:42,1
aghaqhf@gmail.com,PROD-26581,2012-04-15 22:51:19,1
aghaqhf@gmail.com,PROD-74635,2024-11-05 00:05:49,2
aghaqhf@gmail.com,PROD-13396,2019-09-09 23:38:18,2
aghaqhf@gmail.com,PROD-31968,2018-11-29 06:48:31,3
xomyknj@gmail.com,PROD-96942,2016-08-03 05:51:33,1
xomyknj@gmail.com,PROD-93870,2025-08-27 17:01:43,4
xomyknj@gmail.com,PROD-15629,2019-11-28 05:23:01,5
xomyknj@gmail.com,PROD-46005,2013-08-11 08:12:24,5
xomyknj@gmail.com,PROD-41834,2013-11-14 20:25:33,2
wjxqwng@yahoo.com,PROD-27278,2022-02-24 15:07:25,1
wjxqwng@yahoo.com,PROD-49575,2014-07-09 10:42:36,3
wjxqwng@yahoo.com,PROD-63814,2025-04-22 15:22:30,5
yfuesyc@mail.com,PROD-93725,2020-08-08 18:57:19,3
yfuesyc@mail.com,PROD-10909,2018-10-08 02:11:03,5
yfuesyc@mail.com,PROD-84656,2022-03-06 10:54:59,2
yfuesyc@mail.com,PROD-31968,2020-11-02 05:44:53,5
juusijq@gmail.com,PROD-34204,2016-01-13 18:31:49,3
juusijq@gmail.com,PROD-70092,2024-08-21 13:19:40,5
juusijq@gmail.com,PROD-84886,2012-02-12 22:49:05,5
zobmdvc@yahoo.com,PROD-12136,2013-07-20 05:14:51,2
rtgeaif@gmail.com,PROD-10909,2023-05-22 01:19:49,2
rtgeaif@gmail.com,PROD-54132,2017-12-29 05:31:38,4
rtgeaif@gmail.com,PROD-95093,2024-05-15 10:53:04,3
rtgeaif@gmail.com,PROD-18403,2021-02-22 07:32:11,3
rtgeaif@gmail.com,PROD-91394,2016-10-24 03:36:55,2
xkeuowy@outlook.com,PROD-41900,2025-08-14 16:58:45,1
xkeuowy@outlook.com,PROD-34437,2022-06-21 20:55:20,2
xkeuowy@outlook.com,PROD-86150,2018-02-21 15:20:50,2
ecffcjz@yahoo.com,PROD-36412,2016-05-16 16:30:11,1
ecffcjz@yahoo.com,PROD-79135,2021-05-23 23:40:06,3
ecffcjz@yahoo.com,PROD-88778,2015-10-09 03:10:41,2
ecffcjz@yahoo.com,PROD-13657,2022-03-19 09:39:07,1
lftakrv@gmail.com,PROD-13291,2013-10-02 21:56:21,3
puiautz@yahoo.com,PROD-17050,2020-10-26 22:16:13,1
puiautz@yahoo.com,PROD-14423,2020-08-31 20:01:05,3
puiautz@yahoo.com,PROD-25342,2020-12-05 23:44:16,1
uhneayp@outlook.com,PROD-53736,2020-12-27 10:21:32,3
uhneayp@outlook.com,PROD-66864,2025-12-24 02:26:02,2
sdlqsnm@mail.com,PROD-91921,2015-03-03 14:40:06,4
rixetxa@mail.com,PROD-47021,2025-08-08 02:35:41,5
rixetxa@mail.com,PROD-46185,2022-02-11 12:03:47,5
rixetxa@mail.com,PROD-58101,2021-10-14 17:37:25,5
hwdyjbw@mail.com,PROD-45439,2024-11-12 06:33:55,4
gwwrdrm@gmail.com,PROD-53331,2019-02-04 10:02:28,2
gwwrdrm@gmail.com,PROD-65796,2022-07-11 01:38:27,3
gwwrdrm@gmail.com,PROD-98354,2024-08-30 07:28:11,4
gwwrdrm@gmail.com,PROD-99676,2015-02-13 00:53:36,4
dcphwsa@gmail.com,PROD-70081,2015-05-05 03:36:46,4
dcphwsa@gmail.com,PROD-56829,2018-09-16 22:47:57,2
dcphwsa@gmail.com,PROD-99355,2021-12-31 10:07:01,2
doydgxk@outlook.com,PROD-47798,2019-01-11 15:12:21,5
doydgxk@outlook.com,PROD-36338,2022-08-04 00:35:51,1
doydgxk@outlook.com,PROD-92521,2017-08-28 09:38:18,4
doydgxk@outlook.com,PROD-59959,2025-11-18 08:25:07,5
oqywrnu@mail.com,PROD-84057,2021-11-30 22:53:19,4
oqywrnu@mail.com,PROD-60265,2012-08-04 21:06:51,5
oqywrnu@mail.com,PROD-89678,2015-11-03 16:22:02,2
oqywrnu@mail.com,PROD-42310,2019-05-11 07:38:27,5
oqywrnu@mail.com,PROD-56829,2022-09-15 20:41:03,1
dqivmgv@yahoo.com,PROD-32366,2017-03-31 20:27:16,1
dqivmgv@yahoo.com,PROD-31664,2025-09-16 09:31:27,3
kzbqsnx@gmail.com,PROD-52280,2019-03-24 14:18:06,1
kzbqsnx@gmail.com,PROD-83640,2017-02-05 16:48:55,3
kzbqsnx@gmail.com,PROD-82029,2022-09-20 23:10:07,1
xttygfq@mail.com,PROD-66706,2019-07-12 07:34:57,1
xttygfq@mail.com,PROD-41742,2019-11-14 02:24:28,5
xttygfq@mail.com,PROD-40209,2013-03-15 20:39:30,4
xttygfq@mail.com,PROD-33749,2024-03-10 10:42:51,2
kwkilgf@yahoo.com,PROD-94246,2013-02-20 12:57:36,3
kwkilgf@yahoo.com,PROD-27278,2015-12-16 15:37:51,1
aeruchq@mail.com,PROD-38862,2014-09-29 13:17:22,1
aeruchq@mail.com,PROD-59483,2022-11-13 23:04:29,4
aeruchq@mail.com,PROD-13643,2020-05-15 07:53:37,5
aeruchq@mail.com,PROD-28959,2017-02-18 16:59:21,1
eajcutb@outlook.com,PROD-45466,2015-10-31 11:52:14,3
eajcutb@outlook.com,PROD-39223,2022-12-04 00:28:15,5
ghxlhhu@outlook.com,PROD-39223,2016-01-27 13:55:24,3
ghxlhhu@outlook.com,PROD-91346,2013-06-25 11:32:04,5
fcafjyo@yahoo.com,PROD-48521,2019-10-06 06:37:27,1
yydoldm@outlook.com,PROD-60657,2016-03-18 10:26:55,1
yydoldm@outlook.com,PROD-61802,2018-10-23 20:18:19,2
yydoldm@outlook.com,PROD-40564,2017-09-20 08:20:42,2
yydoldm@outlook.com,PROD-59483,2013-01-01 10:52:58,1
binrpbu@yahoo.com,PROD-45466,2021-11-20 06:27:16,2
binrpbu@yahoo.com,PROD-39980,2023-05-03 13:21:53,1
wsexwtp@outlook.com,PROD-78196,2024-10-14 12:17:35,1
wsexwtp@outlook.com,PROD-44826,2022-05-06 08:02:30,4
wsexwtp@outlook.com,PROD-34315,2018-01-30 07:04:11,1
wsexwtp@outlook.com,PROD-64115,2013-09-16 21:11:13,3
wsexwtp@outlook.com,PROD-38367,2020-11-24 23:48:33,5
qqaandb@yahoo.com,PROD-41834,2017-07-08 20:51:53,2
qqaandb@yahoo.com,PROD-54132,2023-09-21 10:22:38,3
qqaandb@yahoo.com,PROD-64749,2015-09-23 12:56:45,5
qqaandb@yahoo.com,PROD-96866,2018-06-02 09:30:13,3
mwjptab@outlook.com,PROD-96670,2017-07-10 15:50:23,1
mwjptab@outlook.com,PROD-93725,2021-03-12 11:20:32,1
mwjptab@outlook.com,PROD-71108,2014-08-12 07:09:07,3
mqyxplv@mail.com,PROD-63466,2019-01-07 23:19:04,4
mqyxplv@mail.com,PROD-82902,2018-09-05 12:46:51,1
mqyxplv@mail.com,PROD-34289,2025-12-13 12:52:37,1
mqyxplv@mail.com,PROD-67127,2017-11-06 14:45:47,5
mqyxplv@mail.com,PROD-24103,2020-07-31 07:03:08,4
kxuilhw@gmail.com,PROD-99299,2020-05-03 02:53:06,4
kxuilhw@gmail.com,PROD-29854,2019-01-02 22:16:24,1
kxuilhw@gmail.com,PROD-28693,2021-01-31 10:48:14,3
jfeagdo@gmail.com,PROD-51088,2017-08-06 17:55:44,4
oldgpvi@outlook.com,PROD-84227,2012-11-26 16:54:50,5
oldgpvi@outlook.com,PROD-31968,2013-10-12 20:29:06,4
oldgpvi@outlook.com,PROD-54552,2013-06-28 07:44:43,1
oldgpvi@outlook.com,PROD-80320,2021-08-26 07:03:32,3
oldgpvi@outlook.com,PROD-96494,2022-08-31 10:45:42,1
ximdvyj@outlook.com,PROD-41742,2017-02-22 13:48:57,2
ximdvyj@outlook.com,PROD-34437,2013-05-24 21:12:56,3
ndywfep@yahoo.com,PROD-38920,2019-01-29 01:50:58,5
ndywfep@yahoo.com,PROD-25342,2018-07-05 02:42:50,3
ndywfep@yahoo.com,PROD-51361,2021-01-31 21:41:16,2
ndywfep@yahoo.com,PROD-97492,2015-06-15 20:14:10,4
pnfiozq@gmail.com,PROD-37394,2013-03-16 21:15:52,1
pnfiozq@gmail.com,PROD-66706,2020-07-01 18:50:14,1
hkmbcua@gmail.com,PROD-19511,2024-02-18 01:37:57,1
hkmbcua@gmail.com,PROD-29115,2022-09-29 02:52:39,2
pslbzwy@outlook.com,PROD-93864,2025-02-01 05:50:31,3
pslbzwy@outlook.com,PROD-34809,2024-12-01 13:40:16,2
pslbzwy@outlook.com,PROD-53331,2021-07-31 13:27:48,3
pslbzwy@outlook.com,PROD-34956,2020-03-05 15:43:40,3
pslbzwy@outlook.com,PROD-69771,2016-04-20 04:40:23,2
ixugnko@mail.com,PROD-22940,2014-03-05 23:24:06,2
ixugnko@mail.com,PROD-89078,2022-10-18 22:58:35,5
ixugnko@mail.com,PROD-51403,2024-06-25 17:20:43,3
eyamiti@outlook.com,PROD-93798,2013-01-08 06:26:58,1
xhtdral@outlook.com,PROD-96670,2025-09-27 05:07:56,1
xhtdral@outlook.com,PROD-90934,2020-01-24 13:45:18,4
xhtdral@outlook.com,PROD-69045,2016-08-28 17:03:27,4
nnrtmzg@outlook.com,PROD-54426,2019-06-25 04:53:53,5
nnrtmzg@outlook.com,PROD-37103,2019-09-23 06:15:29,3
nnrtmzg@outlook.com,PROD-79778,2018-09-01 01:50:02,4
nnrtmzg@outlook.com,PROD-57792,2018-12-01 03:58:59,3
pcjlibk@outlook.com,PROD-12136,2012-08-19 15:32:40,3
pcjlibk@outlook.com,PROD-69302,2023-08-14 14:59:46,4
pcjlibk@outlook.com,PROD-59365,2018-11-12 23:59:38,1
wqznjiw@mail.com,PROD-47320,2019-05-10 09:40:20,1
wqznjiw@mail.com,PROD-42726,2013-04-07 11:51:19,2
wqznjiw@mail.com,PROD-30225,2017-02-21 22:48:33,2
wqznjiw@mail.com,PROD-34924,2020-04-01 15:25:58,4
ekfwgpv@mail.com,PROD-52558,2013-09-19 09:07:03,2
ekfwgpv@mail.com,PROD-39643,2022-09-27 06:47:36,5
ekfwgpv@mail.com,PROD-91346,2024-04-30 14:32:39,4
ekfwgpv@mail.com,PROD-79135,2024-07-06 20:19:59,2
ekfwgpv@mail.com,PROD-26429,2020-10-27 23:39:38,2
zfkglgw@yahoo.com,PROD-42412,2013-09-03 06:53:24,1
zfkglgw@yahoo.com,PROD-69030,2020-05-10 15:25:41,3
zfkglgw@yahoo.com,PROD-22323,2013-12-31 03:35:38,1
zfkglgw@yahoo.com,PROD-66863,2016-02-12 13:55:31,3
phncqrf@gmail.com,PROD-49464,2019-03-01 17:01:57,1
phncqrf@gmail.com,PROD-20834,2019-02-09 12:45:56,4
phncqrf@gmail.com,PROD-97645,2013-05-04 05:14:06,5
phncqrf@gmail.com,PROD-59365,2019-11-29 13:24:51,1
trsnwbc@outlook.com,PROD-60028,2022-11-10 08:29:46,5
trsnwbc@outlook.com,PROD-73752,2023-10-06 18:51:32,2
trsnwbc@outlook.com,PROD-66307,2017-03-09 22:30:34,3
trsnwbc@outlook.com,PROD-91790,2021-04-02 22:34:07,1
trsnwbc@outlook.com,PROD-48521,2017-06-15 02:19:19,5
gnardcz@mail.com,PROD-20866,2025-09-24 02:50:24,1
zvzgqut@yahoo.com,PROD-67543,2017-02-04 02:47:52,4
zvzgqut@yahoo.com,PROD-58391,2018-12-05 06:45:35,5
yojjetr@gmail.com,PROD-24875,2015-10-25 13:08:59,2
yojjetr@gmail.com,PROD-65796,2015-03-08 10:53:42,4
cspsues@gmail.com,PROD-93725,2019-08-15 17:40:39,5
cspsues@gmail.com,PROD-87994,2024-10-29 19:29:11,4
cspsues@gmail.com,PROD-75226,2018-08-28 03:35:27,3
emgtfuq@yahoo.com,PROD-36394,2012-03-31 13:46:49,5
emgtfuq@yahoo.com,PROD-57151,2016-10-03 11:42:15,1
emgtfuq@yahoo.com,PROD-87710,2022-03-26 12:02:35,5
nlhiqwm@yahoo.com,PROD-91394,2016-09-28 08:12:24,3
nlhiqwm@yahoo.com,PROD-58391,2021-08-31 12:07:56,2
nlhiqwm@yahoo.com,PROD-65796,2017-04-03 19:59:05,5
fkuwsxo@mail.com,PROD-10203,2016-07-13 12:02:44,3
fkuwsxo@mail.com,PROD-20445,2014-01-07 02:39:58,5
fkuwsxo@mail.com,PROD-48289,2025-05-15 17:36:49,2
fkuwsxo@mail.com,PROD-35602,2019-11-07 18:45:45,4
clxewdk@outlook.com,PROD-50934,2016-12-07 08:35:41,5
kbmussn@outlook.com,PROD-41225,2018-12-26 16:39:13,2
kbmussn@outlook.com,PROD-12281,2024-05-30 02:09:18,2
kbmussn@outlook.com,PROD-93195,2017-05-22 03:15:56,5
kbmussn@outlook.com,PROD-81088,2022-03-18 02:13:51,1
bkwlpac@mail.com,PROD-35623,2024-04-18 10:37:16,1
bkwlpac@mail.com,PROD-12185,2019-05-02 01:47:43,1
bkwlpac@mail.com,PROD-21354,2022-04-01 15:35:26,5
bkwlpac@mail.com,PROD-41742,2016-03-17 03:59:26,4
bkwlpac@mail.com,PROD-86741,2018-11-24 19:43:32,3
yjkoxgm@gmail.com,PROD-59959,2020-05-29 20:13:52,5
yjkoxgm@gmail.com,PROD-41155,2015-01-04 13:47:56,5
yjkoxgm@gmail.com,PROD-60374,2016-01-06 05:53:14,5
yjkoxgm@gmail.com,PROD-37153,2019-09-11 16:29:36,2
qgzunkm@mail.com,PROD-24103,2018-08-16 07:07:22,1
qgzunkm@mail.com,PROD-60510,2012-06-29 11:15:35,3
ovjcydw@yahoo.com,PROD-91382,2022-07-14 06:25:42,3
ovjcydw@yahoo.com,PROD-29399,2016-02-29 19:47:28,4
ovjcydw@yahoo.com,PROD-36394,2019-01-31 00:18:41,3
ovjcydw@yahoo.com,PROD-92500,2021-04-05 19:20:17,5
qfyvdzd@gmail.com,PROD-85677,2014-05-14 06:54:33,2
qfyvdzd@gmail.com,PROD-39580,2025-12-27 14:25:21,5
lmpwtpd@gmail.com,PROD-83670,2023-09-14 17:37:00,1
xaboitu@mail.com,PROD-32185,2018-11-09 07:15:59,4
xaboitu@mail.com,PROD-14220,2019-07-26 02:18:22,5
xaboitu@mail.com,PROD-61928,2015-07-21 04:04:13,4
xaboitu@mail.com,PROD-11722,2024-11-28 16:50:24,3
xaboitu@mail.com,PROD-11427,2012-08-10 19:19:22,2
ltiettg@mail.com,PROD-66706,2021-12-26 05:28:01,2
ltiettg@mail.com,PROD-52558,2012-07-04 14:05:17,4
ltiettg@mail.com,PROD-25342,2014-01-03 21:36:19,3
jfvdxvz@mail.com,PROD-80305,2021-06-24 13:57:49,2
jfvdxvz@mail.com,PROD-59328,2019-11-22 05:27:20,4
jfvdxvz@mail.com,PROD-24635,2024-07-14 22:15:18,3
jfvdxvz@mail.com,PROD-32701,2022-06-06 08:18:29,5
xnnthgs@gmail.com,PROD-29410,2016-09-03 22:40:36,2
xunktjl@outlook.com,PROD-69045,2015-06-13 09:40:55,3
xunktjl@outlook.com,PROD-57480,2020-01-16 16:51:51,3
xunktjl@outlook.com,PROD-26746,2015-04-23 09:46:18,2
eyrvene@outlook.com,PROD-81556,2016-09-08 17:31:56,3
eyrvene@outlook.com,PROD-66664,2015-03-08 19:17:31,4
eyrvene@outlook.com,PROD-91382,2024-04-10 00:12:14,3
ebmxxzb@yahoo.com,PROD-80950,2015-05-02 09:35:37,3
ebmxxzb@yahoo.com,PROD-38367,2015-03-24 20:59:12,5
ebmxxzb@yahoo.com,PROD-14732,2012-11-13 17:48:38,1
ebmxxzb@yahoo.com,PROD-26429,2015-03-15 10:06:22,2
ndohvem@mail.com,PROD-86150,2012-02-22 04:34:55,3
ndohvem@mail.com,PROD-63329,2013-07-09 05:37:21,1
ndohvem@mail.com,PROD-64115,2021-11-27 03:34:17,2
sfdufrc@mail.com,PROD-66863,2018-05-14 02:25:39,3
sfdufrc@mail.com,PROD-44864,2020-10-03 11:36:28,1
obelutd@mail.com,PROD-83621,2022-06-02 00:53:29,5
obelutd@mail.com,PROD-82902,2020-07-12 03:12:34,3
obelutd@mail.com,PROD-97645,2023-01-11 19:57:15,2
hqxazsk@yahoo.com,PROD-35537,2023-11-07 16:03:59,5
hqxazsk@yahoo.com,PROD-15599,2018-09-30 16:18:06,4
hqxazsk@yahoo.com,PROD-74291,2012-12-06 14:17:09,4
hqxazsk@yahoo.com,PROD-82902,2024-06-15 19:31:10,1
wzhfraw@mail.com,PROD-51621,2019-10-06 12:14:28,1
wzhfraw@mail.com,PROD-99299,2023-04-13 23:45:58,1
wzhfraw@mail.com,PROD-47021,2022-08-24 17:38:15,3
wzhfraw@mail.com,PROD-46952,2022-04-24 03:42:25,5
wzhfraw@mail.com,PROD-20866,2015-05-02 12:52:31,2
tzusetv@mail.com,PROD-29059,2019-04-10 15:59:35,2
tzusetv@mail.com,PROD-55140,2025-02-07 21:15:45,2
tzusetv@mail.com,PROD-65114,2012-08-17 22:31:38,1
iaevysf@yahoo.com,PROD-91394,2024-12-18 20:18:57,1
iaevysf@yahoo.com,PROD-52885,2014-11-10 12:23:00,4
iaevysf@yahoo.com,PROD-32359,2025-12-24 00:44:28,3
dyehalb@yahoo.com,PROD-20866,2012-03-28 23:08:09,2
dyehalb@yahoo.com,PROD-96932,2022-02-26 13:52:05,2
dyehalb@yahoo.com,PROD-15599,2019-08-23 00:56:56,5
kyltiau@outlook.com,PROD-31968,2024-03-06 16:24:18,5
kyltiau@outlook.com,PROD-39643,2013-10-24 06:32:49,5
kyltiau@outlook.com,PROD-57792,2018-02-11 07:38:40,2
kbbtpbh@outlook.com,PROD-29115,2025-04-17 05:15:43,4
kbbtpbh@outlook.com,PROD-49575,2018-11-27 18:39:51,5
kbbtpbh@outlook.com,PROD-52621,2018-11-14 19:17:35,3
kbbtpbh@outlook.com,PROD-49182,2014-03-16 17:59:02,5
hdnfjft@outlook.com,PROD-60657,2019-12-07 22:17:22,4
hdnfjft@outlook.com,PROD-78957,2022-08-20 12:51:00,1
tflwgpw@gmail.com,PROD-10203,2023-08-19 08:08:16,4
tflwgpw@gmail.com,PROD-80551,2023-08-05 12:52:09,3
tflwgpw@gmail.com,PROD-16621,2012-07-31 22:16:17,4
tflwgpw@gmail.com,PROD-16885,2018-10-03 14:37:34,2
tflwgpw@gmail.com,PROD-60374,2013-08-11 01:48:29,4
trfnqjx@outlook.com,PROD-27030,2022-02-19 00:44:40,5
ijnelny@mail.com,PROD-21368,2013-04-20 07:39:48,3
ijnelny@mail.com,PROD-26581,2017-08-08 09:46:57,2
ijnelny@mail.com,PROD-12185,2020-07-06 16:26:44,3
ijnelny@mail.com,PROD-83967,2016-03-31 18:23:57,3
bwoodkz@yahoo.com,PROD-19626,2019-04-12 21:49:33,4
bwoodkz@yahoo.com,PROD-83123,2020-01-14 00:54:07,1
khmkxuh@outlook.com,PROD-39748,2021-05-06 17:09:02,5
khmkxuh@outlook.com,PROD-65465,2018-11-09 23:21:39,4
qqmfsaw@gmail.com,PROD-30425,2022-08-27 20:10:22,4
fyljcpu@mail.com,PROD-16885,2018-07-21 22:25:32,3
nygkvdj@mail.com,PROD-29979,2020-02-06 19:55:09,1
nygkvdj@mail.com,PROD-14220,2015-04-02 06:47:00,3
nygkvdj@mail.com,PROD-67993,2013-05-30 01:20:02,4
xpckqlr@yahoo.com,PROD-15345,2018-04-15 22:46:22,1
xpckqlr@yahoo.com,PROD-52280,2022-09-05 14:25:07,3
xpckqlr@yahoo.com,PROD-36855,2012-01-23 01:28:51,1
xpckqlr@yahoo.com,PROD-50592,2019-07-19 11:51:55,4
zxigfif@gmail.com,PROD-66864,2024-04-18 20:19:04,3
zxigfif@gmail.com,PROD-38783,2022-01-19 04:10:15,4
zxigfif@gmail.com,PROD-54230,2018-04-23 16:04:53,2
zxigfif@gmail.com,PROD-23912,2016-07-14 10:10:50,2
zxigfif@gmail.com,PROD-40564,2021-01-09 12:26:23,2
jupeadq@outlook.com,PROD-37153,2013-07-03 18:23:26,5
jupeadq@outlook.com,PROD-99299,2025-02-28 19:39:39,3
wylicip@mail.com,PROD-66997,2024-05-26 18:54:56,5
wylicip@mail.com,PROD-63774,2015-11-01 16:59:38,2
wylicip@mail.com,PROD-38998,2023-10-16 11:34:37,5
hygpudi@gmail.com,PROD-21787,2022-01-06 20:47:12,2
hygpudi@gmail.com,PROD-74936,2013-06-06 09:05:52,5
rtkohkm@gmail.com,PROD-20489,2024-01-20 15:47:52,4
rtkohkm@gmail.com,PROD-91824,2012-05-28 18:53:08,2
rtkohkm@gmail.com,PROD-97885,2014-03-19 18:46:43,4
rtkohkm@gmail.com,PROD-37859,2025-05-01 12:48:08,2
rtkohkm@gmail.com,PROD-47908,2015-09-11 18:24:23,4
ytxltzl@gmail.com,PROD-32366,2016-02-15 06:56:40,5
ytxltzl@gmail.com,PROD-39018,2017-07-01 21:55:43,4
ytxltzl@gmail.com,PROD-24583,2023-07-13 17:09:16,4
ytxltzl@gmail.com,PROD-55345,2021-04-13 01:21:25,2
ytxltzl@gmail.com,PROD-91382,2015-11-22 02:32:20,4
sfehdbt@outlook.com,PROD-32197,2013-11-17 04:59:21,1
sfehdbt@outlook.com,PROD-39223,2017-04-18 19:54:06,1
sfehdbt@outlook.com,PROD-31330,2013-04-25 04:33:21,1
flfvonw@yahoo.com,PROD-61928,2021-02-23 23:44:42,3
flfvonw@yahoo.com,PROD-69302,2022-04-15 11:30:19,5
fsqoupd@mail.com,PROD-87628,2021-05-03 12:49:08,4
nhfzkfv@gmail.com,PROD-66534,2012-06-30 11:22:50,5
nhfzkfv@gmail.com,PROD-41462,2013-03-18 10:38:19,2
nhfzkfv@gmail.com,PROD-81088,2022-07-13 01:21:11,3
nhfzkfv@gmail.com,PROD-89218,2021-06-10 11:17:18,5
nhfzkfv@gmail.com,PROD-50934,2019-04-07 21:46:15,4
zihrkou@outlook.com,PROD-97645,2018-08-12 20:54:48,4
zihrkou@outlook.com,PROD-83646,2023-07-02 15:28:52,4
ulohrev@outlook.com,PROD-90364,2015-02-02 19:45:02,5
utrwkmm@gmail.com,PROD-84057,2022-02-27 11:50:55,2
utrwkmm@gmail.com,PROD-28509,2021-08-12 15:53:30,1
utrwkmm@gmail.com,PROD-11427,2025-01-17 07:40:42,5
utrwkmm@gmail.com,PROD-65796,2021-08-18 09:25:30,2
utrwkmm@gmail.com,PROD-26746,2024-04-08 22:41:20,1
cjztytp@gmail.com,PROD-60007,2013-05-18 07:50:52,5
yrxujwd@yahoo.com,PROD-65465,2015-10-06 10:37:54,2
yrxujwd@yahoo.com,PROD-83967,2023-03-21 06:32:23,4
yrxujwd@yahoo.com,PROD-69694,2017-03-30 12:09:33,5
yrxujwd@yahoo.com,PROD-54767,2018-05-28 11:13:33,2
yrxujwd@yahoo.com,PROD-70325,2013-12-25 22:53:56,4
czumazc@gmail.com,PROD-40564,2012-02-26 16:46:55,2
czumazc@gmail.com,PROD-87628,2023-03-11 12:37:43,5
czumazc@gmail.com,PROD-66211,2014-10-19 19:44:47,5
czumazc@gmail.com,PROD-70859,2022-05-31 11:59:09,2
pzetsng@gmail.com,PROD-89218,2025-09-06 06:10:09,1
pzetsng@gmail.com,PROD-54293,2018-06-27 01:27:47,1
pkgdgzx@gmail.com,PROD-55757,2023-05-11 08:49:53,2
dgbtotm@mail.com,PROD-29059,2023-03-04 22:31:33,4
dgbtotm@mail.com,PROD-91394,2019-11-30 11:34:35,3
dgbtotm@mail.com,PROD-54074,2025-02-24 12:54:30,5
dgbtotm@mail.com,PROD-17948,2017-09-07 14:10:56,1
dgbtotm@mail.com,PROD-35839,2017-02-16 10:49:35,5
swvsksq@outlook.com,PROD-10909,2016-08-12 06:40:54,1
gcrmect@gmail.com,PROD-31330,2017-07-08 10:12:29,2
asunsal@gmail.com,PROD-36226,2016-10-08 18:16:59,3
asunsal@gmail.com,PROD-51361,2013-05-25 22:38:43,1
asunsal@gmail.com,PROD-66706,2019-04-12 15:00:18,4
asunsal@gmail.com,PROD-65796,2015-05-13 04:46:20,1
asunsal@gmail.com,PROD-79606,2012-09-30 17:04:28,2
wizmvjk@outlook.com,PROD-14099,2022-04-15 23:44:26,3
wizmvjk@outlook.com,PROD-11074,2012-03-03 23:35:22,1
aymwods@mail.com,PROD-67127,2018-05-21 03:47:49,5
bihfvgs@yahoo.com,PROD-10229,2019-06-08 01:44:14,5
bihfvgs@yahoo.com,PROD-28959,2015-01-07 06:12:13,4
bihfvgs@yahoo.com,PROD-81829,2025-10-29 21:54:52,2
kbekbud@outlook.com,PROD-59483,2025-02-01 02:27:57,4
vgkstjb@yahoo.com,PROD-64749,2012-03-23 05:45:32,2
ekpbyac@yahoo.com,PROD-14220,2013-03-23 04:33:48,3
wbfjnyn@outlook.com,PROD-50592,2022-12-09 12:49:09,3
wbfjnyn@outlook.com,PROD-39223,2022-02-16 09:35:52,5
jcskdlw@yahoo.com,PROD-82869,2017-09-10 18:55:00,3
jcskdlw@yahoo.com,PROD-82222,2022-01-08 07:15:34,2
jcskdlw@yahoo.com,PROD-26605,2013-07-09 18:59:03,2
jcskdlw@yahoo.com,PROD-36855,2014-08-10 13:35:19,2
jcskdlw@yahoo.com,PROD-75899,2017-01-19 11:53:02,3
uppbaqc@yahoo.com,PROD-95093,2012-02-11 21:22:48,3
uppbaqc@yahoo.com,PROD-37103,2020-08-08 07:41:20,1
fzzeiqu@gmail.com,PROD-79606,2017-01-03 05:27:22,2
fyfaeyw@gmail.com,PROD-36855,2018-11-26 21:40:07,5
fyfaeyw@gmail.com,PROD-37671,2013-11-21 00:45:55,4
fyfaeyw@gmail.com,PROD-26625,2012-12-23 11:09:03,1
fyfaeyw@gmail.com,PROD-37095,2023-07-22 05:12:07,1
fyfaeyw@gmail.com,PROD-62335,2018-10-19 19:05:52,4
htxloof@yahoo.com,PROD-84595,2022-04-02 20:08:52,4
rtqpqxc@gmail.com,PROD-29937,2013-10-06 14:45:13,5
xqzhjry@outlook.com,PROD-65465,2021-01-28 01:28:47,4
xqzhjry@outlook.com,PROD-73372,2018-01-21 23:18:24,4
bpovhxb@gmail.com,PROD-51403,2012-01-20 12:28:56,1
bpovhxb@gmail.com,PROD-13657,2024-02-28 05:57:25,1
bpovhxb@gmail.com,PROD-42493,2013-12-30 16:30:20,3
bpovhxb@gmail.com,PROD-63237,2014-10-10 12:33:06,2
bpovhxb@gmail.com,PROD-75531,2023-01-06 21:21:03,1
akbpszf@yahoo.com,PROD-74375,2012-02-12 05:23:50,4
akbpszf@yahoo.com,PROD-64210,2022-08-15 04:00:10,4
akbpszf@yahoo.com,PROD-95304,2019-05-26 08:45:56,5
akbpszf@yahoo.com,PROD-12281,2012-01-18 22:43:16,3
akbpszf@yahoo.com,PROD-37859,2015-04-13 04:17:16,2
tqitnnf@gmail.com,PROD-95820,2014-04-20 17:50:49,3
tqitnnf@gmail.com,PROD-40389,2016-02-26 16:47:51,1
tqitnnf@gmail.com,PROD-82732,2025-06-14 10:21:10,2
tqitnnf@gmail.com,PROD-86437,2017-03-04 03:28:37,5
tqitnnf@gmail.com,PROD-32407,2023-06-17 22:08:48,1
fftopna@mail.com,PROD-10909,2021-01-21 06:16:43,2
fftopna@mail.com,PROD-65425,2017-02-11 06:11:38,1
fftopna@mail.com,PROD-38971,2016-04-19 11:36:03,4
fftopna@mail.com,PROD-35301,2014-08-20 15:26:09,1
fftopna@mail.com,PROD-70081,2021-04-18 20:20:20,4
dvsswfw@gmail.com,PROD-60510,2020-06-14 09:30:17,4
dvsswfw@gmail.com,PROD-64115,2016-08-29 02:14:57,4
dvsswfw@gmail.com,PROD-73929,2022-08-11 20:57:58,5
bkqndzo@gmail.com,PROD-86064,2025-11-15 00:20:37,1
bkqndzo@gmail.com,PROD-64788,2017-07-03 01:46:24,2
bkqndzo@gmail.com,PROD-31330,2024-04-08 13:38:18,3
bkqndzo@gmail.com,PROD-39980,2013-08-30 13:16:11,4
xmtszun@yahoo.com,PROD-66863,2023-10-23 00:48:09,1
xmtszun@yahoo.com,PROD-38367,2025-07-22 02:14:58,2
xmtszun@yahoo.com,PROD-42612,2019-01-06 23:05:25,1
kqwmfvr@mail.com,PROD-12281,2021-10-19 15:04:16,3
kqwmfvr@mail.com,PROD-82732,2019-09-09 22:03:08,3
exgjrnn@mail.com,PROD-18875,2024-10-26 15:03:12,1
exgjrnn@mail.com,PROD-73988,2025-05-25 01:53:52,3
exgjrnn@mail.com,PROD-38493,2019-08-06 21:28:42,4
xtrqopa@mail.com,PROD-52227,2015-02-14 08:17:54,4
uwlhtdi@yahoo.com,PROD-30035,2020-08-20 01:59:55,1
uwlhtdi@yahoo.com,PROD-64210,2014-11-12 18:43:12,3
uwlhtdi@yahoo.com,PROD-92521,2017-06-04 00:33:53,5
uwlhtdi@yahoo.com,PROD-77941,2020-04-21 08:12:26,5
xjkpsus@outlook.com,PROD-85757,2014-03-09 14:36:01,5
xjkpsus@outlook.com,PROD-28693,2017-08-21 12:25:20,1
xjkpsus@outlook.com,PROD-29410,2023-10-12 23:47:28,2
vzwabur@yahoo.com,PROD-87437,2014-09-02 09:34:23,3
vzwabur@yahoo.com,PROD-47584,2022-11-24 23:54:49,2
vzwabur@yahoo.com,PROD-35602,2014-01-26 01:50:50,4
tlklpwd@mail.com,PROD-28693,2016-01-16 11:28:15,3
tlklpwd@mail.com,PROD-75684,2018-01-17 10:35:12,2
tlklpwd@mail.com,PROD-67127,2025-08-26 12:49:25,1
tlklpwd@mail.com,PROD-10229,2019-08-14 01:05:58,4
tlklpwd@mail.com,PROD-31968,2019-08-10 07:07:00,3
xbeltgk@gmail.com,PROD-54552,2013-09-19 16:03:28,3
xbeltgk@gmail.com,PROD-69297,2025-07-22 02:57:55,1
xbeltgk@gmail.com,PROD-40209,2022-05-29 22:43:26,3
xbeltgk@gmail.com,PROD-63237,2019-08-30 11:05:12,5
xbeltgk@gmail.com,PROD-13657,2020-08-03 23:11:30,5
swmdzxg@outlook.com,PROD-47829,2021-02-17 08:48:27,3
swmdzxg@outlook.com,PROD-54426,2025-05-04 03:52:41,4
swmdzxg@outlook.com,PROD-48757,2014-05-11 04:45:51,4
rmemcdl@yahoo.com,PROD-35301,2024-05-31 23:00:19,2
rmemcdl@yahoo.com,PROD-69694,2016-04-07 05:51:38,3
trqujzm@gmail.com,PROD-70400,2015-08-08 22:06:19,4
trqujzm@gmail.com,PROD-82732,2025-08-27 02:24:14,4
trqujzm@gmail.com,PROD-91394,2012-05-13 02:26:04,5
trqujzm@gmail.com,PROD-34019,2017-08-04 17:42:44,2
lsgygch@gmail.com,PROD-16621,2018-07-15 20:18:06,5
lsgygch@gmail.com,PROD-70400,2018-11-14 00:05:04,3
lsgygch@gmail.com,PROD-11528,2013-08-15 09:05:18,3
lsgygch@gmail.com,PROD-60510,2020-11-17 14:10:59,1
lsgygch@gmail.com,PROD-34019,2017-06-20 08:46:44,3
arkamkv@gmail.com,PROD-54642,2018-11-24 10:28:36,1
sjlgixi@yahoo.com,PROD-72231,2023-06-21 06:11:47,1
sjlgixi@yahoo.com,PROD-78957,2016-05-20 11:42:52,3
sjlgixi@yahoo.com,PROD-29979,2014-11-04 23:54:16,5
sjlgixi@yahoo.com,PROD-72545,2012-03-19 03:41:41,2
vgmjqil@mail.com,PROD-69030,2022-03-24 22:05:01,3
vgmjqil@mail.com,PROD-64115,2018-05-09 00:52:21,5
iosmdyg@outlook.com,PROD-34289,2019-05-28 15:57:13,2
iosmdyg@outlook.com,PROD-38153,2017-06-22 15:35:41,2
iosmdyg@outlook.com,PROD-53736,2021-02-20 20:53:02,3
iosmdyg@outlook.com,PROD-82029,2022-09-05 04:08:07,3
iosmdyg@outlook.com,PROD-60028,2017-07-07 05:00:21,2
pabxzrb@mail.com,PROD-84595,2022-06-11 02:28:10,1
pabxzrb@mail.com,PROD-38783,2013-09-24 21:47:33,3
pabxzrb@mail.com,PROD-89218,2013-05-26 17:20:14,1
vzryrgb@mail.com,PROD-22940,2025-11-19 04:24:52,1
vzryrgb@mail.com,PROD-80950,2017-11-27 19:33:36,1
muyqbof@outlook.com,PROD-45857,2014-01-15 10:20:21,2
muyqbof@outlook.com,PROD-65114,2012-08-30 12:32:31,2
muyqbof@outlook.com,PROD-22841,2021-06-01 17:59:41,4
muyqbof@outlook.com,PROD-13396,2014-05-03 05:30:41,2
muyqbof@outlook.com,PROD-37859,2016-11-18 17:32:30,5
jwtbodq@mail.com,PROD-34924,2013-10-31 12:52:51,5
jlamdsr@gmail.com,PROD-16588,2024-01-08 04:25:00,3
jlamdsr@gmail.com,PROD-91829,2015-05-23 07:20:57,1
jlamdsr@gmail.com,PROD-11427,2025-07-20 12:16:31,4
jlamdsr@gmail.com,PROD-60598,2013-03-07 17:59:06,2
jlamdsr@gmail.com,PROD-19190,2015-05-25 17:12:46,5
vhwhhzp@outlook.com,PROD-19190,2024-05-24 14:43:40,1
vhwhhzp@outlook.com,PROD-97885,2016-08-19 18:25:53,2
vhwhhzp@outlook.com,PROD-38493,2012-07-23 22:08:35,1
jxofzwu@gmail.com,PROD-87437,2021-02-25 10:19:12,5
jxofzwu@gmail.com,PROD-72164,2012-12-16 22:24:42,5
jxofzwu@gmail.com,PROD-70891,2020-03-11 15:49:37,5
jxofzwu@gmail.com,PROD-22808,2013-05-13 20:30:13,3
jxofzwu@gmail.com,PROD-59328,2017-06-30 03:52:30,2
afescir@mail.com,PROD-82902,2018-09-05 16:00:28,1
kflqrsw@yahoo.com,PROD-18875,2021-04-09 05:06:09,3
kflqrsw@yahoo.com,PROD-30994,2016-08-25 19:59:49,5
kflqrsw@yahoo.com,PROD-37394,2020-11-28 08:50:35,3
kflqrsw@yahoo.com,PROD-98376,2020-01-26 16:58:01,5
blinhkm@gmail.com,PROD-59328,2022-09-13 13:30:31,4
blinhkm@gmail.com,PROD-27088,2014-09-10 05:47:26,1
blinhkm@gmail.com,PROD-42866,2022-06-22 23:12:50,3
blinhkm@gmail.com,PROD-66997,2013-05-16 12:17:12,5
blinhkm@gmail.com,PROD-66211,2022-04-08 19:18:14,1
ldafyxq@gmail.com,PROD-35623,2020-09-22 13:57:34,4
ldafyxq@gmail.com,PROD-25011,2017-07-26 13:14:15,2
ldafyxq@gmail.com,PROD-82869,2019-04-27 02:42:38,5
ldafyxq@gmail.com,PROD-70859,2017-05-04 19:33:59,4
ldafyxq@gmail.com,PROD-97885,2019-04-16 16:21:48,1
eycnlpc@mail.com,PROD-74291,2024-03-20 23:42:11,3
bjyaibt@yahoo.com,PROD-31975,2022-08-09 10:06:08,3
bjyaibt@yahoo.com,PROD-42493,2021-09-27 20:01:04,4
bjyaibt@yahoo.com,PROD-22323,2020-01-28 08:57:03,2
bjyaibt@yahoo.com,PROD-66864,2024-10-11 04:05:48,3
bjyaibt@yahoo.com,PROD-13291,2018-03-20 22:02:56,4
kplwrzi@gmail.com,PROD-27278,2020-06-05 07:56:28,2
kplwrzi@gmail.com,PROD-70633,2013-06-03 17:54:27,4
wpxcedi@mail.com,PROD-34437,2023-10-20 19:42:39,4
wpxcedi@mail.com,PROD-74291,2017-07-16 20:07:32,1
wpxcedi@mail.com,PROD-67127,2025-12-25 12:31:06,5
wpxcedi@mail.com,PROD-84955,2014-05-25 16:43:44,5
rnbeiwz@mail.com,PROD-26581,2014-02-05 10:01:08,5
rnbeiwz@mail.com,PROD-24875,2013-08-31 05:24:28,4
rnbeiwz@mail.com,PROD-11722,2019-11-29 08:38:18,2
ddmamgu@gmail.com,PROD-59001,2019-09-20 01:02:37,4
ddmamgu@gmail.com,PROD-35857,2016-09-01 19:59:11,4
ddmamgu@gmail.com,PROD-28509,2020-10-06 12:10:07,1
ddmamgu@gmail.com,PROD-66534,2012-12-19 14:13:06,1
dnopcbz@mail.com,PROD-19190,2021-03-13 02:01:58,3
dnopcbz@mail.com,PROD-18875,2024-02-08 03:22:18,1
lcatbim@outlook.com,PROD-36338,2016-05-03 07:40:51,2
lcatbim@outlook.com,PROD-77941,2020-08-15 05:16:40,5
lcatbim@outlook.com,PROD-89678,2018-09-02 15:37:46,5
lcatbim@outlook.com,PROD-24103,2020-08-08 10:15:38,1
lksncjn@outlook.com,PROD-96494,2025-05-09 08:27:44,4
lksncjn@outlook.com,PROD-73988,2014-01-16 00:18:07,4
lksncjn@outlook.com,PROD-51896,2016-12-08 20:59:57,1
lksncjn@outlook.com,PROD-61052,2020-05-06 21:31:10,1
noqspkk@gmail.com,PROD-65114,2022-07-04 22:24:08,5
noqspkk@gmail.com,PROD-51361,2017-01-15 17:08:37,3
noqspkk@gmail.com,PROD-25011,2012-04-27 04:58:04,3
noqspkk@gmail.com,PROD-64788,2016-03-03 11:40:58,3
obuqyfr@outlook.com,PROD-53331,2025-06-02 15:25:40,4
obuqyfr@outlook.com,PROD-66307,2015-07-30 19:14:55,4
obuqyfr@outlook.com,PROD-13291,2021-10-11 06:06:25,4
eesewkd@mail.com,PROD-17867,2021-11-15 13:32:02,2
eesewkd@mail.com,PROD-41225,2022-03-25 16:35:19,1
dxatnil@mail.com,PROD-49575,2018-09-30 10:26:21,3
dxatnil@mail.com,PROD-39018,2023-02-26 09:36:05,4
ghrgfav@outlook.com,PROD-69694,2019-10-15 08:51:01,3
ghrgfav@outlook.com,PROD-58391,2025-07-07 11:46:05,1
ghrgfav@outlook.com,PROD-83670,2017-08-27 12:33:19,2
ghrgfav@outlook.com,PROD-96942,2023-09-29 18:59:32,3
zgxczgd@mail.com,PROD-80127,2023-04-28 06:45:10,2
zgxczgd@mail.com,PROD-16588,2015-12-30 23:42:26,4
zgxczgd@mail.com,PROD-92521,2014-11-25 15:27:08,5
oglnjst@outlook.com,PROD-57254,2012-04-26 16:42:17,2
kvgcnfm@mail.com,PROD-79778,2022-01-03 08:38:20,2
kvgcnfm@mail.com,PROD-98354,2015-07-19 18:57:21,5
kvgcnfm@mail.com,PROD-44864,2018-05-07 07:27:35,3
kvgcnfm@mail.com,PROD-83967,2024-11-15 16:55:40,2
ufoaacy@yahoo.com,PROD-61989,2025-07-12 23:16:22,2
ufoaacy@yahoo.com,PROD-73752,2012-03-14 02:40:53,3
rrzmdvu@gmail.com,PROD-24635,2020-05-23 01:00:56,2
kvruirh@mail.com,PROD-38920,2015-05-04 20:33:38,3
kvruirh@mail.com,PROD-56829,2015-11-21 19:29:52,1
kvruirh@mail.com,PROD-93524,2019-03-07 13:46:29,2
kvruirh@mail.com,PROD-87437,2024-04-26 09:50:51,3
mztbsdn@mail.com,PROD-77923,2019-08-03 11:36:02,5
scguvbc@gmail.com,PROD-75531,2014-12-07 06:49:14,3
scguvbc@gmail.com,PROD-96942,2019-08-25 15:04:39,5
scguvbc@gmail.com,PROD-50708,2019-09-27 18:21:57,5
scguvbc@gmail.com,PROD-24875,2025-05-05 23:39:09,2
pjpihhy@yahoo.com,PROD-91382,2015-02-04 00:10:55,2
gjsuhwo@gmail.com,PROD-96029,2024-11-23 20:14:52,3
ukrpthi@outlook.com,PROD-32701,2022-12-10 20:34:55,5
ukrpthi@outlook.com,PROD-79135,2014-09-06 17:58:52,4
ukrpthi@outlook.com,PROD-66863,2020-03-09 15:57:50,4
ukrpthi@outlook.com,PROD-26625,2019-06-02 13:41:15,1
ukrpthi@outlook.com,PROD-86783,2024-07-21 09:19:22,4
yfpuwpg@mail.com,PROD-12550,2014-07-22 03:30:18,5
yfpuwpg@mail.com,PROD-91790,2020-05-20 02:11:56,1
yfpuwpg@mail.com,PROD-42866,2019-04-22 05:21:21,1
yfpuwpg@mail.com,PROD-52885,2022-01-28 23:45:17,2
sksumoa@gmail.com,PROD-83646,2012-08-03 23:21:59,4
sksumoa@gmail.com,PROD-50392,2012-03-21 16:12:56,2
sksumoa@gmail.com,PROD-15798,2020-05-27 04:09:08,5
sksumoa@gmail.com,PROD-66534,2019-11-07 23:26:59,1
sksumoa@gmail.com,PROD-49182,2020-09-14 00:02:03,4
rnmsqlk@outlook.com,PROD-41462,2019-01-07 04:40:00,5
rnmsqlk@outlook.com,PROD-52227,2012-12-30 12:12:47,3
rnmsqlk@outlook.com,PROD-88778,2016-03-02 08:47:57,5
xbcxebl@mail.com,PROD-48757,2018-09-18 14:18:23,5
xbcxebl@mail.com,PROD-50832,2024-07-17 05:15:21,5
xbcxebl@mail.com,PROD-23912,2020-08-07 09:54:20,3
puvgsld@gmail.com,PROD-54293,2020-04-19 09:55:19,5
puvgsld@gmail.com,PROD-83967,2020-01-10 12:45:53,4
puvgsld@gmail.com,PROD-90761,2016-09-27 04:18:40,3
vikpvvy@yahoo.com,PROD-34924,2014-07-01 12:58:32,3
vikpvvy@yahoo.com,PROD-38269,2022-02-08 04:02:16,3
eytwxqp@outlook.com,PROD-75055,2022-07-19 06:09:02,5
eytwxqp@outlook.com,PROD-34204,2016-03-17 19:50:02,4
eytwxqp@outlook.com,PROD-17948,2018-07-20 11:10:36,5
eytwxqp@outlook.com,PROD-91346,2024-01-28 02:49:38,2
eytwxqp@outlook.com,PROD-34019,2025-11-25 15:35:51,2
aajqtru@mail.com,PROD-69694,2013-03-19 16:43:25,4
gaxnfjo@mail.com,PROD-91382,2022-07-30 19:03:09,3
gaxnfjo@mail.com,PROD-12136,2025-05-13 00:07:57,5
gaxnfjo@mail.com,PROD-26625,2014-12-08 01:09:10,4
gaxnfjo@mail.com,PROD-51361,2019-03-16 07:22:02,2
wvgdqxe@yahoo.com,PROD-18875,2016-06-20 07:12:16,2
wvgdqxe@yahoo.com,PROD-14099,2016-10-09 00:07:01,5
wvgdqxe@yahoo.com,PROD-87710,2019-04-22 01:23:07,4
wvgdqxe@yahoo.com,PROD-22808,2024-01-21 22:56:44,2
xivhqgd@mail.com,PROD-66864,2024-07-05 06:22:10,4
xivhqgd@mail.com,PROD-36246,2018-01-21 08:49:22,5
xivhqgd@mail.com,PROD-12281,2013-12-19 01:19:51,3
xivhqgd@mail.com,PROD-67127,2014-07-13 20:26:54,5
ocqufzg@yahoo.com,PROD-35623,2025-12-29 08:19:43,5
zkfpvav@gmail.com,PROD-70081,2025-04-14 15:57:02,5
zkfpvav@gmail.com,PROD-38783,2016-08-01 18:01:24,5
zkfpvav@gmail.com,PROD-16621,2017-08-06 10:11:42,5
zkfpvav@gmail.com,PROD-67656,2017-04-23 14:11:11,4
asosfsu@mail.com,PROD-19626,2014-12-22 07:34:40,4
zciqniu@mail.com,PROD-29674,2014-07-24 12:57:00,3
zciqniu@mail.com,PROD-12185,2017-06-29 00:25:40,3
boavlys@gmail.com,PROD-72231,2019-12-07 21:55:47,4
boavlys@gmail.com,PROD-38153,2016-12-13 03:59:32,2
hfvyacn@gmail.com,PROD-33749,2021-09-09 01:29:45,3
hfvyacn@gmail.com,PROD-41834,2013-07-07 20:56:21,4
hfvyacn@gmail.com,PROD-60374,2024-12-12 13:41:38,2
hfvyacn@gmail.com,PROD-72916,2023-09-09 09:12:02,4
hfvyacn@gmail.com,PROD-93725,2018-02-09 20:03:49,1
wifnjkd@gmail.com,PROD-70859,2014-03-31 21:58:48,1
xgxaxpp@mail.com,PROD-20489,2014-05-31 21:10:08,5
xgxaxpp@mail.com,PROD-26605,2015-04-29 12:33:51,2
xgxaxpp@mail.com,PROD-79606,2014-08-30 02:24:10,2
jiofcfk@outlook.com,PROD-80127,2019-07-16 00:20:22,5
jiofcfk@outlook.com,PROD-67543,2023-08-31 20:50:24,4
jiofcfk@outlook.com,PROD-54767,2021-09-05 09:01:41,4
ozwzrci@outlook.com,PROD-95209,2018-09-11 17:40:28,5
ozwzrci@outlook.com,PROD-67993,2020-04-15 10:40:08,4
ozwzrci@outlook.com,PROD-73929,2025-11-21 14:15:50,2
ozwzrci@outlook.com,PROD-49575,2017-07-06 07:21:20,3
ozwzrci@outlook.com,PROD-62335,2012-01-20 09:02:45,4
hcizlbj@gmail.com,PROD-60007,2025-12-23 01:55:30,1
lqvzonq@gmail.com,PROD-38775,2016-11-19 21:08:29,5
lqvzonq@gmail.com,PROD-66863,2019-03-09 07:58:21,5
lqvzonq@gmail.com,PROD-27294,2023-10-25 11:15:32,1
yfyxhuk@yahoo.com,PROD-83640,2022-11-23 01:53:50,3
fgnpwvv@mail.com,PROD-97645,2013-12-02 04:48:22,4
gclklkz@gmail.com,PROD-67656,2014-06-12 12:31:36,3
gclklkz@gmail.com,PROD-35602,2022-10-24 05:10:56,3
gclklkz@gmail.com,PROD-38153,2024-10-14 01:49:14,3
gclklkz@gmail.com,PROD-31330,2017-07-19 03:23:31,3
gclklkz@gmail.com,PROD-52909,2013-04-06 08:46:02,1
rrczseu@yahoo.com,PROD-69297,2015-09-11 01:13:17,4
dkjqkqn@gmail.com,PROD-70945,2020-08-09 15:51:53,1
dkjqkqn@gmail.com,PROD-70092,2019-09-21 12:27:38,3
kgwzzcp@mail.com,PROD-69297,2023-09-13 15:32:57,3
kgwzzcp@mail.com,PROD-18875,2015-05-23 13:50:36,1
kgwzzcp@mail.com,PROD-51896,2021-09-15 12:21:42,3
kgwzzcp@mail.com,PROD-85677,2022-12-31 05:29:12,3
kgwzzcp@mail.com,PROD-59959,2013-11-12 20:54:41,2
vvnugoc@yahoo.com,PROD-15798,2016-04-20 04:51:34,1
vvnugoc@yahoo.com,PROD-46005,2022-11-22 13:03:08,3
crfaynm@yahoo.com,PROD-11022,2014-08-21 07:26:30,1
rwwbgcv@outlook.com,PROD-63923,2023-09-27 17:10:34,5
rwwbgcv@outlook.com,PROD-42866,2021-10-14 17:38:07,3
rwwbgcv@outlook.com,PROD-67656,2019-05-19 07:11:48,1
uzhofth@outlook.com,PROD-88778,2013-08-20 11:06:48,5
trthqga@yahoo.com,PROD-34809,2025-09-01 17:52:08,4
trthqga@yahoo.com,PROD-11926,2019-08-27 06:15:13,3
trthqga@yahoo.com,PROD-36394,2012-10-18 12:34:16,4
fucihhz@gmail.com,PROD-93420,2025-04-04 16:00:54,5
fucihhz@gmail.com,PROD-70092,2017-04-15 15:55:47,3
loeekwp@yahoo.com,PROD-59365,2021-08-10 12:16:15,5
loeekwp@yahoo.com,PROD-49897,2020-01-08 08:34:03,5
loeekwp@yahoo.com,PROD-20445,2017-04-05 06:40:39,4
loeekwp@yahoo.com,PROD-97492,2025-01-24 10:48:03,2
loeekwp@yahoo.com,PROD-78196,2019-04-08 17:03:25,5
qyphznh@outlook.com,PROD-92521,2014-12-04 05:44:59,3
qyphznh@outlook.com,PROD-39223,2016-09-03 22:11:13,2
smgkgra@mail.com,PROD-47798,2016-11-13 21:22:52,5
smgkgra@mail.com,PROD-40564,2024-01-06 11:28:25,1
smgkgra@mail.com,PROD-19511,2023-06-09 06:34:16,3
tcepbdt@outlook.com,PROD-91394,2016-11-28 12:08:54,1
tcepbdt@outlook.com,PROD-71108,2017-06-05 12:17:20,2
tcepbdt@outlook.com,PROD-22323,2015-11-13 09:50:57,5
tcepbdt@outlook.com,PROD-77230,2024-11-11 15:15:34,4
tcepbdt@outlook.com,PROD-38920,2018-09-11 00:40:52,4
nxfelbx@yahoo.com,PROD-73548,2015-04-17 11:07:10,5
nxfelbx@yahoo.com,PROD-80127,2013-10-25 15:53:44,3
nxfelbx@yahoo.com,PROD-89883,2012-10-30 21:55:56,2
nxfelbx@yahoo.com,PROD-57745,2023-01-18 01:10:56,2
nxfelbx@yahoo.com,PROD-60556,2012-06-24 06:43:34,2
idgpitv@outlook.com,PROD-89678,2014-10-22 22:01:40,1
idgpitv@outlook.com,PROD-11427,2015-02-17 20:14:10,3
idgpitv@outlook.com,PROD-77230,2016-08-24 07:23:02,5
sxcoibq@gmail.com,PROD-71108,2013-11-29 02:16:24,5
kiigaks@mail.com,PROD-95125,2017-07-16 09:49:50,3
icdlcam@outlook.com,PROD-11074,2016-05-04 11:24:25,5
icdlcam@outlook.com,PROD-67543,2019-09-20 05:33:33,5
faxaneb@yahoo.com,PROD-58101,2022-03-31 11:16:34,4
faxaneb@yahoo.com,PROD-19190,2017-02-04 08:36:56,4
faxaneb@yahoo.com,PROD-90364,2019-02-04 21:49:57,1
dajotks@outlook.com,PROD-74635,2020-11-28 19:28:28,1
dajotks@outlook.com,PROD-16878,2025-06-14 08:46:47,2
dajotks@outlook.com,PROD-54767,2017-06-16 02:40:38,1
dajotks@outlook.com,PROD-44573,2023-07-24 20:46:57,2
strcmeg@gmail.com,PROD-13657,2013-02-18 22:51:06,1
strcmeg@gmail.com,PROD-80320,2018-10-25 23:40:52,5
strcmeg@gmail.com,PROD-32407,2021-01-08 08:32:26,4
vjmlexo@mail.com,PROD-78986,2016-04-01 11:40:27,4
vjmlexo@mail.com,PROD-40564,2016-03-16 08:55:05,2
vjmlexo@mail.com,PROD-34809,2024-09-20 00:27:28,3
vjmlexo@mail.com,PROD-50784,2017-02-21 03:51:14,5
pppvouv@yahoo.com,PROD-82029,2017-02-16 01:36:39,1
pppvouv@yahoo.com,PROD-60598,2013-08-24 16:35:22,1
pppvouv@yahoo.com,PROD-47798,2012-11-01 09:14:15,5
nhejmvf@outlook.com,PROD-50784,2015-09-24 03:24:09,3
nhejmvf@outlook.com,PROD-48817,2021-09-29 10:21:32,2
otwupgn@outlook.com,PROD-36412,2022-04-27 08:09:37,1
otwupgn@outlook.com,PROD-48757,2024-08-16 23:12:57,4
otwupgn@outlook.com,PROD-75684,2024-07-26 16:23:50,3
otwupgn@outlook.com,PROD-28959,2023-02-18 18:13:33,5
mjufwwy@gmail.com,PROD-11528,2020-10-15 21:38:19,4
mjufwwy@gmail.com,PROD-88547,2012-01-22 16:23:48,1
mjufwwy@gmail.com,PROD-99676,2016-03-22 01:34:26,5
xwvbaye@gmail.com,PROD-20866,2021-03-21 17:00:18,5
xwvbaye@gmail.com,PROD-10203,2023-03-29 06:06:00,4
xwvbaye@gmail.com,PROD-84065,2020-05-14 08:19:52,1
nzltuif@mail.com,PROD-38547,2019-01-22 23:14:52,3
nzltuif@mail.com,PROD-64115,2018-04-08 16:38:45,1
nzltuif@mail.com,PROD-83123,2022-10-01 22:33:19,2
nzltuif@mail.com,PROD-93725,2014-09-27 13:28:19,1
tnpzsud@yahoo.com,PROD-20834,2020-03-22 11:08:11,4
tnpzsud@yahoo.com,PROD-82732,2021-07-12 03:32:51,4
tnpzsud@yahoo.com,PROD-39580,2025-09-16 17:59:55,1
tnpzsud@yahoo.com,PROD-90761,2024-09-04 13:50:47,5
obykkwk@yahoo.com,PROD-91227,2014-03-21 02:20:29,2
obykkwk@yahoo.com,PROD-34437,2024-11-18 19:32:18,5
obykkwk@yahoo.com,PROD-57792,2023-08-30 06:20:46,3
obykkwk@yahoo.com,PROD-84656,2016-11-29 16:34:23,3
obykkwk@yahoo.com,PROD-91824,2023-04-21 21:02:53,1
mrsukzu@outlook.com,PROD-22828,2014-11-22 06:18:00,4
mrsukzu@outlook.com,PROD-60510,2016-02-22 15:04:13,1
mrsukzu@outlook.com,PROD-26431,2020-07-17 16:33:56,1
mrsukzu@outlook.com,PROD-99299,2016-07-05 05:04:32,3
tzrftqc@outlook.com,PROD-64243,2012-05-01 16:14:00,3
vrkufew@yahoo.com,PROD-52909,2014-12-04 12:29:53,3
vrkufew@yahoo.com,PROD-24875,2020-05-15 10:34:57,1
vrkufew@yahoo.com,PROD-84955,2013-03-08 02:21:08,2
ehyyohw@mail.com,PROD-87437,2018-01-02 13:12:16,2
qyubhaa@outlook.com,PROD-99355,2012-03-09 09:38:06,2
qyubhaa@outlook.com,PROD-16878,2019-10-01 18:39:11,4
qyubhaa@outlook.com,PROD-66664,2015-05-01 01:53:22,2
qyubhaa@outlook.com,PROD-54426,2014-08-10 15:14:41,2
qyubhaa@outlook.com,PROD-24103,2024-11-17 16:48:32,3
llhefab@yahoo.com,PROD-91394,2019-09-21 05:20:41,2
llhefab@yahoo.com,PROD-68297,2019-01-21 19:53:09,2
llhefab@yahoo.com,PROD-95093,2018-03-20 13:36:38,3
llhefab@yahoo.com,PROD-57151,2021-08-18 10:27:53,1
llhefab@yahoo.com,PROD-19190,2025-01-30 11:56:02,4
vtlfipo@yahoo.com,PROD-62335,2013-09-09 04:27:01,2
vtlfipo@yahoo.com,PROD-67993,2023-12-13 04:44:33,2
vtlfipo@yahoo.com,PROD-97645,2018-05-28 11:13:55,5
ukgqerw@mail.com,PROD-11573,2015-05-05 03:10:42,3
ukgqerw@mail.com,PROD-52909,2024-08-06 20:13:39,1
ukgqerw@mail.com,PROD-42866,2025-03-22 10:03:37,5
ukgqerw@mail.com,PROD-27085,2013-03-25 10:27:08,5
ulsegfz@yahoo.com,PROD-96942,2012-06-04 22:32:58,2
ulsegfz@yahoo.com,PROD-70730,2014-06-06 08:59:48,5
ulsegfz@yahoo.com,PROD-60374,2019-02-07 00:04:48,2
ulsegfz@yahoo.com,PROD-60510,2015-09-13 03:18:38,2
dfqhujx@yahoo.com,PROD-18047,2019-05-17 07:08:10,4
dfqhujx@yahoo.com,PROD-41834,2023-05-19 01:34:47,2
dfqhujx@yahoo.com,PROD-84057,2021-08-15 01:28:37,4
dfqhujx@yahoo.com,PROD-54230,2018-04-23 03:33:19,5
dfqhujx@yahoo.com,PROD-82029,2017-04-19 06:06:00,5
gpucsxp@gmail.com,PROD-14099,2020-04-15 23:40:33,5
gpucsxp@gmail.com,PROD-84886,2015-10-14 16:56:59,1
gpucsxp@gmail.com,PROD-80320,2012-04-24 14:42:56,5
gpucsxp@gmail.com,PROD-86783,2021-09-15 05:07:35,3
gpucsxp@gmail.com,PROD-38862,2012-03-14 08:44:08,1
acpepzz@outlook.com,PROD-92521,2021-08-06 11:08:30,4
acpepzz@outlook.com,PROD-34204,2017-06-18 18:44:35,5
acpepzz@outlook.com,PROD-64210,2023-11-27 00:40:23,3
acpepzz@outlook.com,PROD-66307,2015-01-21 13:28:16,3
zyiulfg@yahoo.com,PROD-75684,2012-09-21 11:15:57,1
zyiulfg@yahoo.com,PROD-96494,2022-10-10 16:17:01,3
zyiulfg@yahoo.com,PROD-38920,2021-09-01 00:28:35,3
zyiulfg@yahoo.com,PROD-92899,2012-07-30 17:50:12,1
zyiulfg@yahoo.com,PROD-32925,2023-11-30 17:43:47,4
mbfeiau@mail.com,PROD-28693,2023-01-16 03:54:16,2
mbfeiau@mail.com,PROD-84057,2019-08-07 23:37:36,4
mbfeiau@mail.com,PROD-35623,2012-02-11 11:50:47,1
mbfeiau@mail.com,PROD-46185,2017-03-29 12:01:26,5
mbfeiau@mail.com,PROD-18047,2012-08-03 02:50:05,5
gbmlmwo@mail.com,PROD-60373,2016-06-30 03:26:19,2
gbmlmwo@mail.com,PROD-20834,2023-03-28 00:43:13,2
gbmlmwo@mail.com,PROD-48521,2012-11-26 18:48:05,5
gbmlmwo@mail.com,PROD-69169,2021-06-20 18:21:39,4
nogokwv@mail.com,PROD-21354,2023-05-14 18:31:12,5
nogokwv@mail.com,PROD-44573,2015-09-04 14:57:56,3
bgfkgcv@yahoo.com,PROD-22940,2024-08-06 20:43:31,2
bgfkgcv@yahoo.com,PROD-78986,2018-10-25 16:06:03,5
aezlkni@outlook.com,PROD-81050,2021-02-02 09:55:00,3
aezlkni@outlook.com,PROD-42612,2023-10-28 13:30:17,4
aezlkni@outlook.com,PROD-77782,2017-12-13 05:52:28,2
aezlkni@outlook.com,PROD-57745,2017-12-24 06:01:23,1
qbcymcl@gmail.com,PROD-29484,2019-08-05 20:38:57,1
hmcarwl@outlook.com,PROD-82222,2014-12-26 09:16:08,4
hmcarwl@outlook.com,PROD-80551,2021-12-30 21:17:21,4
glqcydw@mail.com,PROD-82175,2017-06-29 14:42:06,3
niwzhcj@gmail.com,PROD-15466,2024-07-26 07:11:58,3
niwzhcj@gmail.com,PROD-29854,2014-12-12 20:29:52,1
niwzhcj@gmail.com,PROD-60657,2020-05-31 14:39:00,4
niwzhcj@gmail.com,PROD-81291,2013-09-22 13:18:39,5
ikqbevi@gmail.com,PROD-44864,2013-04-13 19:41:28,3
ikqbevi@gmail.com,PROD-11074,2023-08-12 05:08:59,3
ogsanfg@yahoo.com,PROD-30172,2015-05-26 13:56:29,1
ogsanfg@yahoo.com,PROD-37095,2024-06-27 02:22:22,3
ogsanfg@yahoo.com,PROD-32197,2014-10-27 16:35:50,3
ogsanfg@yahoo.com,PROD-96670,2024-09-15 23:44:30,3
ynzkfyc@mail.com,PROD-97492,2023-07-13 11:18:46,5
vlbfdhl@gmail.com,PROD-79778,2015-06-30 00:40:16,5
vlbfdhl@gmail.com,PROD-11926,2025-12-31 22:06:42,3
ytfeyvq@yahoo.com,PROD-69030,2012-09-08 11:24:30,4
ytfeyvq@yahoo.com,PROD-87437,2017-10-06 00:48:44,1
ytfeyvq@yahoo.com,PROD-11926,2012-01-12 09:22:47,2
ytfeyvq@yahoo.com,PROD-38367,2020-09-30 07:28:44,2
pkmankw@outlook.com,PROD-82310,2021-04-21 03:19:17,5
pkmankw@outlook.com,PROD-48225,2022-08-29 23:09:06,1
pkmankw@outlook.com,PROD-24635,2020-02-10 01:50:14,1
pkmankw@outlook.com,PROD-96029,2014-01-02 06:18:15,1
pkmankw@outlook.com,PROD-11427,2022-11-30 22:02:40,2
dexfhwy@yahoo.com,PROD-41225,2013-12-11 20:14:17,4
dexfhwy@yahoo.com,PROD-19626,2013-02-15 17:34:36,4
eqmjbkz@mail.com,PROD-90364,2018-08-04 02:04:30,5
rhnqctk@outlook.com,PROD-93725,2018-05-22 00:47:43,3
rhnqctk@outlook.com,PROD-70945,2014-10-21 10:28:33,4
rhnqctk@outlook.com,PROD-36291,2016-05-30 01:14:35,4
zeghism@yahoo.com,PROD-60657,2015-08-20 23:43:25,4
zeghism@yahoo.com,PROD-11722,2019-09-19 03:40:17,5
zeghism@yahoo.com,PROD-26431,2021-06-11 15:42:06,5
lilfukm@mail.com,PROD-83670,2020-06-16 11:43:34,1
lilfukm@mail.com,PROD-12185,2020-12-18 00:13:26,3
lilfukm@mail.com,PROD-41900,2013-01-19 23:28:49,4
lilfukm@mail.com,PROD-98770,2014-12-02 05:57:03,2
lilfukm@mail.com,PROD-83646,2023-06-12 09:27:59,1
wsltzoh@yahoo.com,PROD-48225,2016-12-04 11:59:03,5
ljyxchw@mail.com,PROD-74291,2018-10-17 14:39:26,3
ljyxchw@mail.com,PROD-51896,2017-04-12 12:11:25,4
ljyxchw@mail.com,PROD-38920,2023-09-27 10:08:34,4
ljyxchw@mail.com,PROD-85757,2013-09-04 07:30:06,3
vvstqkm@gmail.com,PROD-50934,2017-08-15 09:51:18,1
vvstqkm@gmail.com,PROD-51361,2022-01-17 11:36:10,4
vvstqkm@gmail.com,PROD-73988,2016-04-05 05:47:06,1
vvstqkm@gmail.com,PROD-63774,2012-04-04 05:50:38,2
ohzeirp@gmail.com,PROD-18047,2012-02-08 22:36:36,5
ohzeirp@gmail.com,PROD-42310,2021-08-10 23:02:15,1
krqnhim@gmail.com,PROD-32359,2022-06-26 15:54:53,3
kompjot@mail.com,PROD-41462,2025-12-26 08:49:19,3
kompjot@mail.com,PROD-81263,2017-11-08 19:58:48,5
kompjot@mail.com,PROD-47908,2013-03-27 21:43:53,3
kompjot@mail.com,PROD-57151,2014-11-08 08:29:31,3
kompjot@mail.com,PROD-18875,2024-08-03 13:44:40,3
svsfhpn@mail.com,PROD-73950,2020-06-12 08:23:00,5
svsfhpn@mail.com,PROD-51621,2014-07-23 08:52:54,1
svsfhpn@mail.com,PROD-77230,2014-02-05 21:36:41,3
cpeyrji@gmail.com,PROD-36338,2018-05-16 12:13:59,2
cpeyrji@gmail.com,PROD-52909,2021-07-07 14:05:56,3
cpeyrji@gmail.com,PROD-29115,2022-06-14 08:38:32,5
cpeyrji@gmail.com,PROD-44266,2024-01-06 22:00:37,2
zqydejf@gmail.com,PROD-60598,2019-04-19 02:59:55,3
ogfnhhs@gmail.com,PROD-37859,2023-05-07 03:02:02,2
ogfnhhs@gmail.com,PROD-55140,2014-11-24 14:44:03,4
ogfnhhs@gmail.com,PROD-12281,2017-05-15 08:05:50,5
ogfnhhs@gmail.com,PROD-51088,2012-08-11 09:24:10,3
ogfnhhs@gmail.com,PROD-81617,2018-11-05 04:59:40,2
exzoiww@outlook.com,PROD-68908,2024-07-27 10:58:27,2
exzoiww@outlook.com,PROD-89218,2014-07-28 09:32:20,3
rxzsert@outlook.com,PROD-35857,2014-04-27 19:45:49,3
rxzsert@outlook.com,PROD-79606,2020-07-29 19:03:20,3
rxzsert@outlook.com,PROD-20489,2013-02-07 13:03:06,4
gfnaran@yahoo.com,PROD-61067,2021-05-09 05:25:37,2
gfnaran@yahoo.com,PROD-99744,2012-02-20 18:16:58,4
gfnaran@yahoo.com,PROD-41155,2017-10-01 08:07:57,3
gfnaran@yahoo.com,PROD-73372,2021-06-02 14:45:45,2
gfnaran@yahoo.com,PROD-99355,2017-10-13 21:04:59,2
qoygyed@gmail.com,PROD-94246,2016-03-26 05:14:02,2
qoygyed@gmail.com,PROD-96670,2025-02-16 00:08:41,5
sfwjszk@yahoo.com,PROD-13291,2012-09-17 09:54:48,1
sfwjszk@yahoo.com,PROD-17948,2017-10-20 01:20:14,3
sfwjszk@yahoo.com,PROD-38971,2012-10-29 02:05:33,5
uqtlixc@gmail.com,PROD-97643,2023-06-06 10:20:06,2
uqtlixc@gmail.com,PROD-18403,2018-06-25 01:59:32,5
ovkscnw@gmail.com,PROD-22841,2018-01-15 14:22:13,1
ccqgioj@mail.com,PROD-66706,2018-12-02 15:53:56,2
ccqgioj@mail.com,PROD-57254,2016-09-20 19:41:17,1
ccqgioj@mail.com,PROD-65465,2020-04-21 11:14:48,1
ccqgioj@mail.com,PROD-45466,2022-04-23 22:26:31,3
yahdpbk@mail.com,PROD-56829,2023-05-23 05:31:58,4
bdtevdm@yahoo.com,PROD-66706,2018-10-24 02:29:20,5
bdtevdm@yahoo.com,PROD-94246,2018-10-09 18:01:30,3
bdtevdm@yahoo.com,PROD-49182,2020-02-04 03:53:43,2
bdtevdm@yahoo.com,PROD-50708,2018-03-14 18:19:49,4
tsrshmr@yahoo.com,PROD-32359,2020-04-13 13:31:58,2
tsrshmr@yahoo.com,PROD-34956,2017-08-16 19:27:44,4
tsrshmr@yahoo.com,PROD-83391,2024-03-01 16:34:16,2
tsrshmr@yahoo.com,PROD-48023,2012-05-12 01:29:57,5
tsrshmr@yahoo.com,PROD-12988,2012-11-19 01:53:56,1
yuvjyma@mail.com,PROD-82175,2023-09-20 05:22:42,2
yuvjyma@mail.com,PROD-57480,2023-04-26 14:41:06,1
yuvjyma@mail.com,PROD-60373,2020-12-10 01:24:36,4
yuvjyma@mail.com,PROD-86437,2022-02-24 12:54:16,2
yuvjyma@mail.com,PROD-59767,2017-09-21 12:23:01,2
fbnwife@yahoo.com,PROD-68297,2025-09-26 15:59:02,3
fbnwife@yahoo.com,PROD-96670,2017-02-24 06:04:53,1
fbnwife@yahoo.com,PROD-52909,2014-01-13 23:48:12,3
fbnwife@yahoo.com,PROD-38367,2022-06-07 08:45:54,5
msulbnw@yahoo.com,PROD-57254,2015-08-14 09:52:35,2
zuiygii@outlook.com,PROD-82732,2023-10-22 16:34:19,4
zuiygii@outlook.com,PROD-29410,2023-11-24 03:48:00,1
zuiygii@outlook.com,PROD-29858,2015-03-03 15:53:24,4
zuiygii@outlook.com,PROD-67543,2014-06-20 00:24:48,1
kagnmqv@outlook.com,PROD-67127,2025-04-20 10:14:41,2
kagnmqv@outlook.com,PROD-15466,2017-05-15 10:02:33,2
kagnmqv@outlook.com,PROD-92500,2012-07-16 18:56:42,5
kagnmqv@outlook.com,PROD-28693,2015-12-31 06:48:30,5
kagnmqv@outlook.com,PROD-52227,2017-03-22 21:05:46,1
tgffsxo@mail.com,PROD-93864,2025-06-15 03:12:53,1
cfxlcee@gmail.com,PROD-54767,2017-11-06 10:48:40,5
cfxlcee@gmail.com,PROD-36246,2012-06-17 07:00:48,1
cfxlcee@gmail.com,PROD-24583,2024-04-23 22:15:34,4
cfxlcee@gmail.com,PROD-48856,2024-07-23 00:33:39,1
cfxlcee@gmail.com,PROD-60598,2024-01-05 11:25:06,1
brvkrca@yahoo.com,PROD-34289,2015-05-11 02:18:25,3
brvkrca@yahoo.com,PROD-18902,2014-06-10 09:05:36,1
gniktvv@gmail.com,PROD-37095,2023-08-01 09:36:24,2
gniktvv@gmail.com,PROD-91394,2013-01-04 11:15:28,1
gniktvv@gmail.com,PROD-99355,2024-12-29 11:47:38,2
uvfupeo@outlook.com,PROD-83123,2013-08-23 18:50:22,4
xymelze@outlook.com,PROD-63237,2024-07-10 23:55:37,5
xymelze@outlook.com,PROD-74936,2015-11-21 16:58:16,3
xymelze@outlook.com,PROD-80679,2014-09-20 13:18:10,3
kxewjdr@yahoo.com,PROD-77923,2024-05-28 12:25:36,1
kxewjdr@yahoo.com,PROD-79778,2020-03-15 01:48:41,1
kxewjdr@yahoo.com,PROD-24583,2019-06-06 12:14:24,2
ayklqlo@yahoo.com,PROD-82902,2025-03-20 07:07:42,3
ayklqlo@yahoo.com,PROD-44826,2016-12-24 15:24:50,5
ayklqlo@yahoo.com,PROD-63814,2014-06-10 14:41:38,4
gnrkkmt@gmail.com,PROD-64243,2012-10-02 10:48:26,4
gnrkkmt@gmail.com,PROD-90364,2021-02-11 15:48:35,2
gnrkkmt@gmail.com,PROD-49575,2013-05-24 10:55:09,5
hyibzlf@yahoo.com,PROD-64788,2012-12-19 16:17:09,3
hyibzlf@yahoo.com,PROD-13396,2020-06-12 02:54:51,3
hyibzlf@yahoo.com,PROD-96670,2018-03-09 07:44:19,5
jcjhdon@yahoo.com,PROD-45439,2014-07-27 13:10:16,3
jcjhdon@yahoo.com,PROD-28623,2014-04-14 16:33:57,5
ssvbpwc@mail.com,PROD-87994,2018-07-04 01:43:50,1
ssvbpwc@mail.com,PROD-36338,2020-04-05 00:44:34,4
eeswryz@outlook.com,PROD-63768,2019-11-30 11:47:41,3
eeswryz@outlook.com,PROD-69694,2024-04-29 22:36:37,2
eeswryz@outlook.com,PROD-89078,2015-08-02 09:06:06,3
eeswryz@outlook.com,PROD-69045,2014-02-02 20:02:43,3
mgpxjrp@mail.com,PROD-63814,2017-12-11 22:05:17,5
mscrijw@outlook.com,PROD-33977,2020-12-02 03:54:24,4
mscrijw@outlook.com,PROD-11427,2021-02-08 09:44:29,5
mscrijw@outlook.com,PROD-38547,2021-08-05 07:42:24,5
mscrijw@outlook.com,PROD-89058,2024-11-08 15:35:37,3
bxiouaq@gmail.com,PROD-83640,2021-02-23 17:35:09,3
bxiouaq@gmail.com,PROD-75899,2015-10-12 04:45:57,2
bxiouaq@gmail.com,PROD-98375,2017-04-13 10:26:49,4
bxiouaq@gmail.com,PROD-57151,2017-07-13 01:43:11,5
flqbptq@mail.com,PROD-63768,2023-10-13 22:50:16,4
flqbptq@mail.com,PROD-93870,2017-02-18 06:32:59,2
flqbptq@mail.com,PROD-91824,2014-10-09 22:03:32,1
ulyaiwr@gmail.com,PROD-29858,2012-03-02 02:21:44,1
ulyaiwr@gmail.com,PROD-83640,2012-07-28 16:02:18,3
lhushho@gmail.com,PROD-24635,2024-07-30 22:32:37,4
lhushho@gmail.com,PROD-83123,2019-07-05 11:58:14,2
lhushho@gmail.com,PROD-44918,2018-11-19 18:33:24,2
fsbetql@outlook.com,PROD-26746,2022-09-21 09:54:19,2
fsbetql@outlook.com,PROD-48031,2015-07-20 20:19:36,1
fsbetql@outlook.com,PROD-17867,2025-05-13 15:37:32,5
fsbetql@outlook.com,PROD-34809,2013-11-07 23:42:49,2
qsygkvv@mail.com,PROD-54132,2019-05-27 18:11:24,5
qsygkvv@mail.com,PROD-96029,2023-12-03 09:21:19,2
ybsluud@mail.com,PROD-83621,2017-06-17 18:31:49,4
ybsluud@mail.com,PROD-38254,2012-11-03 21:57:33,5
ybsluud@mail.com,PROD-63329,2013-09-02 21:02:32,3
crckqdf@yahoo.com,PROD-75958,2014-01-04 01:51:27,5
crckqdf@yahoo.com,PROD-27085,2015-09-23 05:39:01,4
crckqdf@yahoo.com,PROD-66307,2014-12-28 21:23:22,5
crckqdf@yahoo.com,PROD-12281,2014-01-26 00:28:46,2
crckqdf@yahoo.com,PROD-30225,2023-07-24 05:19:06,2
nlrglim@yahoo.com,PROD-34315,2021-07-13 19:24:17,3
nodyikx@mail.com,PROD-97628,2016-04-17 05:27:46,1
nodyikx@mail.com,PROD-38862,2017-12-19 22:50:52,4
nodyikx@mail.com,PROD-24875,2017-12-30 18:13:37,3
nodyikx@mail.com,PROD-16566,2018-06-18 08:01:16,5
hxkotcr@mail.com,PROD-95820,2021-06-25 09:39:41,3
hxkotcr@mail.com,PROD-91790,2018-08-25 21:01:23,5
hxkotcr@mail.com,PROD-41155,2023-09-10 07:01:50,2
hxkotcr@mail.com,PROD-37671,2017-08-02 06:25:39,3
hxkotcr@mail.com,PROD-63774,2025-05-30 12:48:53,5
lutkoky@gmail.com,PROD-48289,2022-02-27 00:48:42,1
lutkoky@gmail.com,PROD-86204,2020-05-30 04:25:38,5
lutkoky@gmail.com,PROD-61067,2020-12-08 07:24:44,3
lutkoky@gmail.com,PROD-70891,2016-12-12 07:21:05,5
ubnejof@outlook.com,PROD-42251,2015-03-17 14:43:28,2
ubnejof@outlook.com,PROD-82222,2022-02-20 23:40:53,5
ubnejof@outlook.com,PROD-38153,2017-09-07 05:04:28,4
vymffeg@yahoo.com,PROD-54074,2022-04-09 17:20:52,5
vymffeg@yahoo.com,PROD-83192,2025-09-14 09:30:16,1
vymffeg@yahoo.com,PROD-84065,2017-12-28 19:19:54,5
rluyqfg@yahoo.com,PROD-38269,2019-07-02 01:45:27,3
rluyqfg@yahoo.com,PROD-36291,2022-03-31 09:09:25,1
yokdedv@yahoo.com,PROD-21600,2021-01-10 22:56:37,2
yrihhjo@mail.com,PROD-74375,2025-05-16 12:30:57,1
yrihhjo@mail.com,PROD-64115,2022-04-28 00:38:00,5
yrihhjo@mail.com,PROD-28249,2022-03-14 15:51:49,4
rjprsxa@outlook.com,PROD-93870,2023-03-29 09:20:34,5
rjprsxa@outlook.com,PROD-93725,2023-05-12 15:28:32,5
rjprsxa@outlook.com,PROD-61052,2025-07-12 03:39:01,3
wnmymhy@outlook.com,PROD-61928,2021-04-04 14:58:05,5
wnmymhy@outlook.com,PROD-69045,2024-05-03 06:52:43,3
wnmymhy@outlook.com,PROD-96494,2024-12-03 08:57:11,5
wnmymhy@outlook.com,PROD-29854,2018-11-18 01:17:13,1
rriysnr@yahoo.com,PROD-97645,2014-04-11 11:50:08,5
rriysnr@yahoo.com,PROD-70092,2021-02-02 08:04:38,4
rqasiji@gmail.com,PROD-93420,2019-06-14 02:46:16,4
rqasiji@gmail.com,PROD-67127,2022-06-03 15:52:40,1
uqbwrvd@gmail.com,PROD-98354,2022-04-22 10:53:43,1
uqbwrvd@gmail.com,PROD-75226,2012-12-13 06:16:42,3
uqbwrvd@gmail.com,PROD-14423,2023-05-18 06:10:49,5
uqbwrvd@gmail.com,PROD-92899,2021-08-17 09:47:58,3
uqbwrvd@gmail.com,PROD-81617,2022-03-11 05:19:48,3
qvjygen@mail.com,PROD-16588,2018-09-25 01:03:11,2
qvjygen@mail.com,PROD-39580,2016-09-19 12:59:20,5
qvjygen@mail.com,PROD-37394,2018-06-08 21:32:53,4
eoohwrb@yahoo.com,PROD-60265,2019-10-27 21:49:14,5
eoohwrb@yahoo.com,PROD-97492,2022-07-24 23:11:40,4
eoohwrb@yahoo.com,PROD-63923,2024-02-10 03:12:44,3
eoohwrb@yahoo.com,PROD-41834,2024-02-04 10:21:46,3
pvbttxq@outlook.com,PROD-42866,2014-01-29 00:21:20,2
pvbttxq@outlook.com,PROD-82732,2012-04-30 19:16:44,1
bjfffkz@mail.com,PROD-98375,2018-02-16 05:03:02,5
nnovvvx@outlook.com,PROD-52558,2012-10-15 11:43:58,5
nnovvvx@outlook.com,PROD-78986,2020-09-25 02:26:23,2
jviocul@mail.com,PROD-50708,2013-10-27 07:32:50,5
jviocul@mail.com,PROD-97645,2021-07-19 02:36:42,1
jviocul@mail.com,PROD-38153,2013-08-14 03:16:50,2
gqtrsxo@yahoo.com,PROD-18902,2012-03-08 22:12:09,4
gqtrsxo@yahoo.com,PROD-70891,2016-07-03 17:18:32,5
gqtrsxo@yahoo.com,PROD-86437,2016-01-01 20:16:35,1
ntxghdq@mail.com,PROD-30172,2021-12-25 08:58:49,4
ntxghdq@mail.com,PROD-59365,2012-12-25 01:11:28,3
ntxghdq@mail.com,PROD-32366,2013-11-23 15:04:11,5
ntxghdq@mail.com,PROD-30225,2019-12-02 14:27:58,3
ntxghdq@mail.com,PROD-28959,2018-02-21 21:20:45,5
nurdtbc@outlook.com,PROD-75899,2012-10-14 09:46:22,5
nurdtbc@outlook.com,PROD-47908,2012-09-05 11:31:30,2
nurdtbc@outlook.com,PROD-42726,2012-05-20 02:24:47,3
iqhvjfs@mail.com,PROD-22828,2017-12-28 12:58:20,5
iqhvjfs@mail.com,PROD-59860,2024-01-10 09:37:10,3
iqhvjfs@mail.com,PROD-52885,2016-09-24 12:34:50,4
iqhvjfs@mail.com,PROD-95093,2019-06-11 01:14:18,5
iqhvjfs@mail.com,PROD-31968,2012-02-17 15:37:04,5
lwcqhyw@gmail.com,PROD-51592,2016-11-24 20:07:23,1
lwcqhyw@gmail.com,PROD-18767,2024-11-21 03:50:57,1
lwcqhyw@gmail.com,PROD-84886,2015-07-23 21:18:36,5
lwcqhyw@gmail.com,PROD-36226,2014-04-22 15:21:31,3
rtpbidd@yahoo.com,PROD-99299,2019-08-31 02:58:34,5
rtpbidd@yahoo.com,PROD-89678,2014-12-20 23:37:20,4
rtpbidd@yahoo.com,PROD-95820,2019-06-30 05:14:30,5
rtpbidd@yahoo.com,PROD-45062,2015-07-30 14:39:27,1
sjwrbql@yahoo.com,PROD-50784,2015-08-14 02:40:29,4
sjwrbql@yahoo.com,PROD-65796,2024-07-29 00:01:35,4
sjwrbql@yahoo.com,PROD-70633,2013-01-10 01:20:02,3
sjwrbql@yahoo.com,PROD-75958,2015-03-16 23:05:06,5
sjwrbql@yahoo.com,PROD-85757,2015-02-08 21:18:11,3
iebysdz@gmail.com,PROD-30172,2023-04-11 14:51:45,5
iebysdz@gmail.com,PROD-82869,2022-07-13 03:50:31,5
iebysdz@gmail.com,PROD-38493,2018-08-22 16:19:33,1
iebysdz@gmail.com,PROD-73548,2018-11-26 10:15:12,2
iebysdz@gmail.com,PROD-49464,2020-12-21 16:59:13,3
fhdtzsn@mail.com,PROD-54230,2018-10-13 22:27:03,1
fhdtzsn@mail.com,PROD-48879,2020-11-01 11:08:45,2
exbpgwu@gmail.com,PROD-51896,2021-01-12 17:47:17,1
exbpgwu@gmail.com,PROD-84065,2016-03-12 04:50:45,5
exbpgwu@gmail.com,PROD-81556,2023-07-11 21:32:25,4
arpahvn@yahoo.com,PROD-29115,2021-10-08 21:38:51,3
arpahvn@yahoo.com,PROD-66864,2015-06-07 04:22:13,4
arpahvn@yahoo.com,PROD-83967,2014-06-18 09:06:03,2
ffwvvni@outlook.com,PROD-54230,2018-10-21 12:01:38,1
ffwvvni@outlook.com,PROD-89678,2016-07-30 04:36:36,3
laklqgo@outlook.com,PROD-46952,2021-05-26 20:56:37,5
laklqgo@outlook.com,PROD-96029,2012-03-26 09:37:31,3
laklqgo@outlook.com,PROD-59328,2017-09-28 09:36:35,1
laklqgo@outlook.com,PROD-11722,2025-08-21 07:08:39,5
laklqgo@outlook.com,PROD-34809,2019-06-16 10:11:44,5
wqgtlpk@yahoo.com,PROD-77230,2016-11-15 06:03:53,4
wqgtlpk@yahoo.com,PROD-63329,2015-10-19 18:37:49,2
wqgtlpk@yahoo.com,PROD-61989,2014-04-25 02:44:41,5
wqgtlpk@yahoo.com,PROD-32359,2013-08-26 23:29:23,2
wqgtlpk@yahoo.com,PROD-83868,2020-05-11 17:10:30,5
hkevyyd@yahoo.com,PROD-86783,2012-06-10 12:36:33,1
hkevyyd@yahoo.com,PROD-44573,2015-11-03 09:47:21,2
hcnspcz@gmail.com,PROD-24876,2024-10-18 17:55:21,2
hcnspcz@gmail.com,PROD-58224,2022-10-03 10:02:30,2
riavfmx@mail.com,PROD-54767,2013-11-09 12:55:33,2
uuyfdpv@gmail.com,PROD-40389,2012-06-02 08:20:18,2
jnukdpj@yahoo.com,PROD-52280,2012-12-24 06:17:15,4
jnukdpj@yahoo.com,PROD-26625,2016-10-12 11:37:42,4
eyihsyd@outlook.com,PROD-67656,2013-07-06 06:57:40,1
eyihsyd@outlook.com,PROD-37859,2014-08-15 03:07:22,1
eyihsyd@outlook.com,PROD-82175,2023-01-08 10:07:02,1
qasrspn@outlook.com,PROD-48521,2024-06-19 05:14:58,4
kauxsvz@gmail.com,PROD-86741,2012-01-21 14:39:12,5
kauxsvz@gmail.com,PROD-11722,2013-02-24 18:12:53,1
kauxsvz@gmail.com,PROD-57254,2022-08-06 11:16:36,2
kauxsvz@gmail.com,PROD-13838,2024-12-15 13:24:14,5
kauxsvz@gmail.com,PROD-30035,2013-08-02 16:15:43,2
bjovpek@gmail.com,PROD-29854,2013-04-04 16:33:56,5
bjovpek@gmail.com,PROD-57151,2024-07-27 23:34:01,4
bjovpek@gmail.com,PROD-41155,2023-06-13 23:42:55,5
bjovpek@gmail.com,PROD-74291,2024-08-01 18:17:33,1
bjovpek@gmail.com,PROD-69297,2018-12-06 03:14:17,3
rowaqua@yahoo.com,PROD-67543,2022-03-09 01:19:56,1
ajlfspe@yahoo.com,PROD-91394,2025-10-24 05:22:30,1
ajlfspe@yahoo.com,PROD-54426,2018-10-03 00:01:47,1
ajlfspe@yahoo.com,PROD-11427,2016-08-05 14:25:51,3
ajlfspe@yahoo.com,PROD-29858,2019-01-24 19:13:35,4
uzasupl@mail.com,PROD-11926,2015-10-14 01:03:47,4
uzasupl@mail.com,PROD-98375,2017-07-06 16:50:18,1
uzasupl@mail.com,PROD-14220,2016-09-17 20:11:34,1
uzasupl@mail.com,PROD-45062,2024-11-05 20:43:34,5
bnpawif@yahoo.com,PROD-72916,2012-04-28 12:47:06,1
bnpawif@yahoo.com,PROD-96494,2017-11-25 17:37:29,1
tuuuymq@yahoo.com,PROD-29484,2020-03-02 00:45:05,3
tuuuymq@yahoo.com,PROD-86783,2022-05-23 13:16:01,4
ptwyyfn@outlook.com,PROD-50708,2024-06-19 19:39:35,4
ptwyyfn@outlook.com,PROD-69771,2022-04-26 19:57:08,2
ptwyyfn@outlook.com,PROD-73752,2018-12-07 14:23:07,3
ptwyyfn@outlook.com,PROD-66307,2017-08-25 07:54:26,5
ptwyyfn@outlook.com,PROD-27964,2020-10-19 09:39:34,1
rdrmnxr@yahoo.com,PROD-39018,2021-10-07 10:24:43,4
rdrmnxr@yahoo.com,PROD-13657,2025-12-31 09:25:15,4
rdrmnxr@yahoo.com,PROD-93420,2021-09-28 21:54:00,3
djzndny@mail.com,PROD-83868,2017-08-08 20:33:28,4
djzndny@mail.com,PROD-17867,2020-06-03 16:42:48,1
djzndny@mail.com,PROD-24875,2016-07-14 23:21:53,3
djzndny@mail.com,PROD-14099,2021-01-17 07:29:51,1
djzndny@mail.com,PROD-80551,2024-02-24 01:57:10,4
ixjkzvj@outlook.com,PROD-78986,2020-09-22 03:31:08,2
ixjkzvj@outlook.com,PROD-16588,2015-04-22 23:37:17,5
onnoqph@yahoo.com,PROD-54642,2022-11-03 12:28:21,4
onnoqph@yahoo.com,PROD-60510,2013-05-28 23:25:32,4
tahzwhq@yahoo.com,PROD-46952,2019-03-02 07:53:44,2
tahzwhq@yahoo.com,PROD-90364,2023-05-14 01:45:58,5
tahzwhq@yahoo.com,PROD-75958,2025-01-13 10:07:08,4
tahzwhq@yahoo.com,PROD-64210,2018-07-19 09:48:19,3
tahzwhq@yahoo.com,PROD-93870,2015-11-28 15:01:54,5
mkbmoie@yahoo.com,PROD-26605,2013-09-07 20:39:09,5
mkbmoie@yahoo.com,PROD-27964,2023-07-25 10:22:02,5
mkbmoie@yahoo.com,PROD-66184,2013-09-11 05:02:28,4
mkbmoie@yahoo.com,PROD-57151,2013-06-29 20:10:37,5
mkbmoie@yahoo.com,PROD-16621,2019-10-06 18:34:41,1
uizohqh@yahoo.com,PROD-32701,2012-06-17 03:58:35,4
uizohqh@yahoo.com,PROD-66307,2017-02-17 15:29:20,2
uizohqh@yahoo.com,PROD-69030,2012-07-23 13:27:34,4
uizohqh@yahoo.com,PROD-15345,2017-06-12 05:55:13,5
uizohqh@yahoo.com,PROD-70092,2018-06-28 14:36:59,3
doccrhk@mail.com,PROD-20445,2024-06-07 10:38:46,4
doccrhk@mail.com,PROD-31640,2018-07-12 12:06:23,5
doccrhk@mail.com,PROD-32701,2013-04-02 00:57:56,3
doccrhk@mail.com,PROD-75055,2016-11-05 15:29:32,3
doccrhk@mail.com,PROD-82029,2021-11-10 22:57:16,4
ckhrybp@yahoo.com,PROD-68297,2020-11-09 22:38:14,5
ckhrybp@yahoo.com,PROD-29484,2015-09-28 00:49:47,2
ckhrybp@yahoo.com,PROD-18902,2014-11-26 18:49:15,3
ckhrybp@yahoo.com,PROD-69694,2016-06-21 07:30:31,3
gbvciue@yahoo.com,PROD-23912,2015-07-20 10:26:39,5
gbvciue@yahoo.com,PROD-61802,2021-03-06 19:07:24,4
gbvciue@yahoo.com,PROD-54459,2012-07-05 12:17:27,4
gbvciue@yahoo.com,PROD-97628,2018-09-17 22:14:33,2
gbvciue@yahoo.com,PROD-41900,2015-11-04 02:09:42,5
jeawyry@gmail.com,PROD-34809,2017-10-25 18:01:22,4
jeawyry@gmail.com,PROD-42251,2022-07-05 00:50:30,1
jeawyry@gmail.com,PROD-50934,2014-07-07 07:52:59,1
gbjdzhs@mail.com,PROD-31664,2018-10-31 18:25:32,1
gbjdzhs@mail.com,PROD-66863,2024-04-20 20:11:51,3
hnexyvk@mail.com,PROD-39223,2018-04-17 18:44:55,4
hnexyvk@mail.com,PROD-69302,2019-12-19 20:00:23,2
hnexyvk@mail.com,PROD-41900,2016-07-26 11:07:51,2
hnexyvk@mail.com,PROD-76675,2023-04-04 09:08:01,5
hnexyvk@mail.com,PROD-97628,2012-03-23 10:14:21,3
jzrsmtt@mail.com,PROD-19626,2018-05-15 06:49:04,3
jzrsmtt@mail.com,PROD-94246,2023-10-18 03:19:04,3
jzrsmtt@mail.com,PROD-14423,2014-04-21 10:15:07,4
jzrsmtt@mail.com,PROD-75958,2019-02-15 20:27:21,4
jzrsmtt@mail.com,PROD-39373,2025-11-25 20:58:12,1
opcbils@mail.com,PROD-84790,2014-02-21 21:07:13,5
opcbils@mail.com,PROD-28249,2014-12-14 09:39:26,3
opcbils@mail.com,PROD-28623,2018-11-20 07:12:46,5
opcbils@mail.com,PROD-42493,2012-11-23 06:11:03,1
uzgyyxb@mail.com,PROD-42726,2020-04-27 17:38:02,2
erhjvie@gmail.com,PROD-44573,2014-10-06 02:10:30,2
rnymrhw@outlook.com,PROD-11843,2021-09-30 22:07:00,3
rnymrhw@outlook.com,PROD-51592,2012-01-13 03:24:26,3
rnymrhw@outlook.com,PROD-39018,2014-06-25 15:33:56,4
ebhcdij@gmail.com,PROD-67543,2017-06-24 02:10:29,1
emogccp@gmail.com,PROD-15599,2021-08-29 04:29:22,1
emogccp@gmail.com,PROD-19511,2022-03-19 13:43:45,2
emogccp@gmail.com,PROD-31330,2012-06-02 19:10:16,2
emogccp@gmail.com,PROD-80679,2023-05-09 09:22:34,5
ezrbkct@outlook.com,PROD-66664,2022-04-23 04:47:47,5
inqmslr@yahoo.com,PROD-49575,2025-02-28 11:45:59,1
inqmslr@yahoo.com,PROD-69045,2017-04-13 21:26:01,4
inqmslr@yahoo.com,PROD-37859,2020-07-29 00:40:57,1
yktucly@mail.com,PROD-14423,2023-09-17 23:19:02,1
paoqktc@gmail.com,PROD-67099,2020-05-26 01:03:23,2
paoqktc@gmail.com,PROD-36855,2015-07-12 18:55:33,5
ljklmzs@mail.com,PROD-39580,2020-04-13 04:12:05,3
ljklmzs@mail.com,PROD-95093,2017-07-13 14:00:11,3
tecdzjw@mail.com,PROD-92521,2015-01-10 11:13:33,3
tecdzjw@mail.com,PROD-70081,2013-04-01 00:43:31,5
tecdzjw@mail.com,PROD-93864,2022-05-13 13:30:05,5
tecdzjw@mail.com,PROD-70633,2021-01-23 12:35:32,3
fjatyel@outlook.com,PROD-27964,2017-12-18 13:03:35,3
fjatyel@outlook.com,PROD-37859,2024-03-01 09:38:25,1
fjatyel@outlook.com,PROD-41462,2015-04-19 04:13:11,4
ocexgem@outlook.com,PROD-29410,2018-11-25 14:26:20,3
ssldapa@gmail.com,PROD-65425,2025-07-20 06:28:08,4
ssldapa@gmail.com,PROD-54132,2018-03-03 14:23:26,1
ssldapa@gmail.com,PROD-96932,2018-02-26 17:01:45,5
anfpnbc@mail.com,PROD-59001,2023-01-03 16:38:38,3
anfpnbc@mail.com,PROD-86783,2017-09-07 16:14:33,4
anfpnbc@mail.com,PROD-27030,2019-06-28 11:37:28,1
jtcofas@mail.com,PROD-38998,2017-10-05 02:20:19,3
jtcofas@mail.com,PROD-65114,2017-08-17 02:15:55,2
jtcofas@mail.com,PROD-68908,2024-08-18 19:01:56,4
jtcofas@mail.com,PROD-81617,2018-01-01 21:58:55,2
tojfwby@gmail.com,PROD-98354,2023-02-10 01:10:41,3
tojfwby@gmail.com,PROD-67127,2016-10-12 23:05:31,4
tojfwby@gmail.com,PROD-55140,2016-05-02 02:27:56,2
tojfwby@gmail.com,PROD-89883,2014-03-10 03:05:26,5
xozztwb@outlook.com,PROD-77782,2021-04-14 04:50:21,1
xozztwb@outlook.com,PROD-27964,2019-01-11 22:51:22,5
xozztwb@outlook.com,PROD-46952,2025-06-15 11:55:20,1
xozztwb@outlook.com,PROD-54767,2022-01-15 06:07:40,5
xozztwb@outlook.com,PROD-32359,2014-01-07 18:55:07,4
xfvxevg@gmail.com,PROD-10909,2023-01-09 14:37:47,4
pciczve@outlook.com,PROD-41900,2016-08-30 06:27:04,5
