product_code,product_name,product_description,price,currency,availability_status,color_name,weight_value,dimension_value,power_supply,subcategory_name,brand_name,manufacturer_name
PROD-91790,Dialysis Machine,Dialysis Machine is a high-quality product.,35763.61,USD,in stock,Black,6.32,76x149x176cm,220V,Plastic Surgery Lasers,Baxter,Olympus Corp
PROD-89883,Patient Monitor,Patient Monitor is a high-quality product.,1269.76,USD,discontinued,Red,60.5,144x24x113cm,110V,Respirators,Baxter,Shimadzu Medical
PROD-36226,Patient Monitor,Patient Monitor is a high-quality product.,26969.33,EUR,backorder,Gray,81.64,68x116x170cm,Battery,Cardiovascular Stents,B.Braun,GE Healthcare
PROD-26746,Surgical Laser,Surgical Laser is a high-quality product.,7990.73,USD,in stock,Gray,71.49,186x131x164cm,Multi-Voltage,ECG Machines,Stryker,Fujifilm Healthcare
PROD-73988,MRI Scanner,MRI Scanner is a high-quality product.,36686.42,GBP,in stock,Gray,29.09,162x114x114cm,Multi-Voltage,Medical Examination Tables,Johnson & Johnson,Terumo
PROD-38998,Defibrillator,Defibrillator is a high-quality product.,25198.85,GBP,backorder,Black,8.28,170x94x187cm,Battery,Lasers,Baxter,GE Healthcare
PROD-92521,Ultrasound Machine,Ultrasound Machine is a high-quality product.,21707.91,EUR,in stock,Yellow,92.2,198x54x131cm,220V,Laboratory Analyzers,Drager,Terumo
PROD-54552,Incubator,Incubator is a high-quality product.,32117.42,EUR,discontinued,Yellow,97.22,101x79x147cm,120-240V,Pulmonary Function Testers,Medtronic,Canon Medical Systems
PROD-16588,Endoscope,Endoscope is a high-quality product.,39570.39,USD,out of stock,Green,94.39,100x95x10cm,Battery,Laboratory Analyzers,Zimmer Biomet,Johnson & Johnson Medical
PROD-73752,CT Scanner,CT Scanner is a high-quality product.,20482.9,USD,backorder,Red,42.49,88x49x49cm,120-240V,Plastic Surgery Lasers,Johnson & Johnson,B.Braun Melsungen
PROD-69045,Respirator,Respirator is a high-quality product.,11685.37,USD,in stock,Blue,27.9,135x21x33cm,120-240V,Dental X-Ray Machines,3M,Canon Medical Systems
PROD-38269,Infusion Pump,Infusion Pump is a high-quality product.,27513.52,GBP,in stock,Red,45.68,101x77x195cm,120-240V,Plastic Surgery Lasers,3M,B.Braun Melsungen
PROD-41834,Infusion Pump,Infusion Pump is a high-quality product.,13082.33,GBP,discontinued,White,95.05,81x196x95cm,110V,Cardiovascular Stents,Roche,Olympus Corp
PROD-77923,Infusion Pump,Infusion Pump is a high-quality product.,46215.47,USD,backorder,Red,65.97,199x132x144cm,220V,Infusion Pumps,BD,Boston Scientific Corp
PROD-90934,Ultrasound Machine,Ultrasound Machine is a high-quality product.,15017.69,EUR,discontinued,Gray,81.97,15x165x29cm,220V,Regenerative Medicine Scaffolds,Canon Medical,Hitachi Medical
PROD-63329,Holter Monitor,Holter Monitor is a high-quality product.,49095.97,EUR,out of stock,Yellow,71.17,53x182x125cm,Multi-Voltage,Palliative Care Beds,Mindray,Philips Medical
PROD-77941,Defibrillator,Defibrillator is a high-quality product.,33172.49,GBP,in stock,Black,68.29,71x189x74cm,110V,Plastic Surgery Lasers,Johnson & Johnson,Terumo
PROD-65527,Operating Microscope,Operating Microscope is a high-quality product.,11099.53,GBP,out of stock,Red,83.29,173x188x12cm,Battery,Regenerative Medicine Scaffolds,Roche,Terumo
PROD-20489,Sterilizer,Sterilizer is a high-quality product.,6469.76,EUR,discontinued,Blue,1.42,118x199x30cm,110V,Speech Therapy Devices,Philips,GE Healthcare
PROD-89218,X-Ray Machine,X-Ray Machine is a high-quality product.,38383.3,EUR,discontinued,Green,17.6,101x79x147cm,220V,Palliative Care Beds,BD,Philips Medical
PROD-70571,Operating Microscope,Operating Microscope is a high-quality product.,5082.19,EUR,discontinued,Red,12.86,79x191x159cm,110V,Regenerative Medicine Scaffolds,Stryker,Abbott Laboratories
PROD-65425,Defibrillator,Defibrillator is a high-quality product.,2257.89,USD,discontinued,White,34.95,38x91x48cm,Battery,Lasers,Roche,GE Healthcare
PROD-24876,Defibrillator,Defibrillator is a high-quality product.,16474.22,GBP,discontinued,Yellow,67.9,172x126x59cm,120-240V,Medical Consumable Kits,Siemens,Roche Diagnostics
PROD-67656,Ultrasound Machine,Ultrasound Machine is a high-quality product.,39776.21,USD,discontinued,Gray,91.76,175x69x186cm,110V,Pulmonary Function Testers,Baxter,Shimadzu Medical
PROD-37859,Surgical Robot,Surgical Robot is a high-quality product.,49229.63,USD,backorder,Gray,45.61,139x186x19cm,120-240V,Regenerative Medicine Scaffolds,Hitachi Healthcare,Boston Scientific Corp
PROD-24875,Respirator,Respirator is a high-quality product.,19656.02,USD,out of stock,Black,6.32,166x171x33cm,110V,Dental X-Ray Machines,BD,Philips Medical
PROD-75510,Blood Analyzer,Blood Analyzer is a high-quality product.,47288.1,USD,out of stock,Red,64.1,142x112x157cm,110V,Medical Consumable Kits,Abbott,Terumo
PROD-66428,Ventilator,Ventilator is a high-quality product.,46373.8,GBP,backorder,Blue,75.74,147x114x24cm,Battery,Pulmonary Function Testers,ACME,Shimadzu Medical
PROD-35857,Dialysis Machine,Dialysis Machine is a high-quality product.,29536.25,EUR,backorder,Gray,46.37,69x20x77cm,110V,Speech Therapy Devices,ACME,Hitachi Medical
PROD-95093,Respirator,Respirator is a high-quality product.,3687.84,GBP,backorder,Black,9.76,56x59x58cm,220V,Dental X-Ray Machines,Abbott,Boston Scientific Corp
PROD-48879,Respirator,Respirator is a high-quality product.,35361.9,USD,backorder,Black,64.31,109x136x103cm,110V,Cardiovascular Stents,Zimmer Biomet,Boston Scientific Corp
PROD-56632,Surgical Robot,Surgical Robot is a high-quality product.,6791.36,EUR,backorder,Yellow,82.46,167x181x19cm,110V,Intensive Care Monitors,BD,Johnson & Johnson Medical
PROD-63768,Holter Monitor,Holter Monitor is a high-quality product.,39207.4,USD,discontinued,Green,2.92,191x98x158cm,Multi-Voltage,Biotechnology Reactors,Zimmer Biomet,Terumo
PROD-67993,Patient Monitor,Patient Monitor is a high-quality product.,17140.81,GBP,discontinued,Yellow,36.01,61x66x73cm,Battery,Cardiac Monitors,BD,Philips Medical
PROD-87710,Blood Analyzer,Blood Analyzer is a high-quality product.,32313.19,USD,out of stock,Black,45.57,65x179x83cm,220V,Infusion Pumps,Boston Scientific,Medtronic Inc
PROD-50784,Infusion Pump,Infusion Pump is a high-quality product.,32478.97,EUR,discontinued,Yellow,48.45,192x180x185cm,Multi-Voltage,ECG Machines,Stryker,Abbott Laboratories
PROD-72545,Anesthesia Machine,Anesthesia Machine is a high-quality product.,34239.09,USD,in stock,Blue,85.61,162x114x114cm,Battery,Cardiac Monitors,Mindray,Zimmer Biomet Holdings
PROD-98121,Holter Monitor,Holter Monitor is a high-quality product.,29834.93,EUR,discontinued,Green,50.5,50x43x155cm,120-240V,Speech Therapy Devices,3M,Philips Medical
PROD-84656,Mammography Unit,Mammography Unit is a high-quality product.,33559.12,EUR,discontinued,Green,91.17,126x144x75cm,110V,Cardiovascular Stents,Baxter,Shimadzu Medical
PROD-34315,ECG Monitor,ECG Monitor is a high-quality product.,8709.42,EUR,out of stock,Red,63.45,39x35x36cm,Multi-Voltage,Nephroscopes,Boston Scientific,Terumo
PROD-51403,Endoscope,Endoscope is a high-quality product.,32968.22,GBP,out of stock,Green,9.76,62x178x97cm,Battery,Respirators,Boston Scientific,Stryker Corp
PROD-69297,Dialysis Machine,Dialysis Machine is a high-quality product.,14392.45,GBP,in stock,Green,38.87,174x196x129cm,120-240V,Cardiac Monitors,GE,B.Braun Melsungen
PROD-99744,Endoscope,Endoscope is a high-quality product.,16686.12,EUR,discontinued,Blue,65.89,173x188x12cm,Multi-Voltage,Infusion Pumps,BD,Johnson & Johnson Medical
PROD-61802,C-Arm X-Ray,C-Arm X-Ray is a high-quality product.,41252.31,USD,in stock,Black,2.94,15x165x29cm,Multi-Voltage,Physical Therapy Equipment,Philips,Fujifilm Healthcare
PROD-14099,Patient Monitor,Patient Monitor is a high-quality product.,18763.39,GBP,backorder,Black,96.56,185x110x90cm,Battery,ECG Machines,Abbott,Philips Medical
PROD-46185,Anesthesia Machine,Anesthesia Machine is a high-quality product.,4421.58,USD,discontinued,White,13.86,32x135x79cm,Battery,Respirators,ACME,Fujifilm Healthcare
PROD-66864,Endoscope,Endoscope is a high-quality product.,27433.73,USD,in stock,Green,9.76,141x105x60cm,220V,Medical Examination Tables,BD,Terumo
PROD-75958,Respirator,Respirator is a high-quality product.,23925.62,GBP,out of stock,Yellow,9.76,30x22x140cm,220V,Medical Examination Tables,Baxter,B.Braun Melsungen
PROD-47985,MRI Scanner,MRI Scanner is a high-quality product.,4220.19,USD,in stock,Blue,21.83,155x122x133cm,120-240V,Urology Ultrasound Probes,Siemens,Hitachi Medical
PROD-21787,Endoscope,Endoscope is a high-quality product.,45807.96,GBP,discontinued,White,83.03,63x61x17cm,Battery,Urology Ultrasound Probes,BD,Philips Medical
PROD-81829,Surgical Robot,Surgical Robot is a high-quality product.,33902.86,USD,in stock,Black,69.84,95x15x121cm,110V,Infusion Pumps,3M,Shimadzu Medical
PROD-93798,Incubator,Incubator is a high-quality product.,15660.23,EUR,in stock,Black,40.08,155x122x133cm,220V,Medical Consumable Kits,Roche,Zimmer Biomet Holdings
PROD-25011,Anesthesia Machine,Anesthesia Machine is a high-quality product.,30170.51,EUR,backorder,Gray,35.85,165x169x37cm,Multi-Voltage,Lasers,BD,Boston Scientific Corp
PROD-16575,Electrosurgical Unit,Electrosurgical Unit is a high-quality product.,9404.39,USD,in stock,White,75.45,94x89x82cm,Multi-Voltage,Palliative Care Beds,Baxter,Roche Diagnostics
PROD-92899,CT Scanner,CT Scanner is a high-quality product.,10465.67,EUR,discontinued,Red,32.04,41x141x23cm,220V,Intensive Care Monitors,Medtronic,Zimmer Biomet Holdings
PROD-60510,Surgical Laser,Surgical Laser is a high-quality product.,30265.54,EUR,backorder,Black,46.79,102x179x157cm,Multi-Voltage,Respirators,Roche,Abbott Laboratories
PROD-13640,Mammography Unit,Mammography Unit is a high-quality product.,21885.56,GBP,in stock,Yellow,42.13,195x158x179cm,110V,Plastic Surgery Lasers,Boston Scientific,Philips Medical
PROD-61052,Bone Densitometer,Bone Densitometer is a high-quality product.,21403.44,EUR,discontinued,White,49.01,195x183x41cm,110V,Biotechnology Reactors,Siemens,Stryker Corp
PROD-47829,C-Arm X-Ray,C-Arm X-Ray is a high-quality product.,16506.37,EUR,out of stock,Blue,35.85,104x46x125cm,120-240V,Laboratory Analyzers,B.Braun,Shimadzu Medical
PROD-48579,CT Scanner,CT Scanner is a high-quality product.,1862.21,USD,out of stock,Blue,49.01,176x193x135cm,Multi-Voltage,ECG Machines,Boston Scientific,Boston Scientific Corp
PROD-80305,Dialysis Machine,Dialysis Machine is a high-quality product.,39846.61,GBP,out of stock,Red,43.34,141x48x124cm,110V,Cardiac Monitors,Olympus,GE Healthcare
PROD-95125,Anesthesia Machine,Anesthesia Machine is a high-quality product.,38166.37,EUR,backorder,Gray,63.59,171x195x102cm,Multi-Voltage,Medical Examination Tables,GE,Johnson & Johnson Medical
PROD-20866,Dialysis Machine,Dialysis Machine is a high-quality product.,2480.63,USD,backorder,Green,3.27,162x158x127cm,Battery,Respirators,Mindray,Philips Medical
PROD-84065,Endoscope,Endoscope is a high-quality product.,6432.29,EUR,out of stock,Red,58.06,26x60x188cm,Multi-Voltage,Speech Therapy Devices,ACME,B.Braun Melsungen
PROD-92023,C-Arm X-Ray,C-Arm X-Ray is a high-quality product.,48610.39,EUR,backorder,Black,77.4,59x11x67cm,Multi-Voltage,ECG Machines,Baxter,Siemens Healthineers
PROD-37095,Surgical Laser,Surgical Laser is a high-quality product.,20835.51,EUR,discontinued,Blue,59.21,41x99x37cm,Battery,Speech Therapy Devices,Mindray,Zimmer Biomet Holdings
PROD-27816,Defibrillator,Defibrillator is a high-quality product.,23409.3,GBP,discontinued,White,52.93,48x125x100cm,Battery,Infusion Pumps,Drager,Shimadzu Medical
PROD-59860,Respirator,Respirator is a high-quality product.,14401.83,EUR,out of stock,White,52.46,97x162x112cm,Multi-Voltage,Physical Therapy Equipment,Baxter,Hitachi Medical
PROD-81088,Endoscope,Endoscope is a high-quality product.,49270.39,USD,backorder,Blue,92.41,38x83x170cm,110V,Infusion Pumps,GE,Dräger
PROD-15466,CT Scanner,CT Scanner is a high-quality product.,8220.53,USD,out of stock,Black,25.03,38x161x109cm,120-240V,Laboratory Analyzers,Canon Medical,Johnson & Johnson Medical
PROD-18767,Infusion Pump,Infusion Pump is a high-quality product.,19795.83,USD,discontinued,Green,48.12,29x15x155cm,Multi-Voltage,Medical Examination Tables,Abbott,B.Braun Melsungen
PROD-34019,MRI Scanner,MRI Scanner is a high-quality product.,39699.8,EUR,backorder,Black,23.74,193x41x168cm,220V,Infusion Pumps,GE,Olympus Corp
PROD-96029,Incubator,Incubator is a high-quality product.,18386.74,EUR,backorder,Yellow,75.66,86x34x72cm,220V,Cardiac Monitors,3M,Stryker Corp
PROD-93524,Patient Monitor,Patient Monitor is a high-quality product.,22357.2,GBP,discontinued,Red,38.36,79x121x144cm,220V,Infusion Pumps,GE,Terumo
PROD-73929,Holter Monitor,Holter Monitor is a high-quality product.,9664.34,GBP,backorder,Green,87.83,77x166x85cm,110V,Intensive Care Monitors,Baxter,B.Braun Melsungen
PROD-86437,ECG Monitor,ECG Monitor is a high-quality product.,23196.95,GBP,in stock,White,74.74,162x114x114cm,110V,Cardiovascular Stents,Boston Scientific,Shimadzu Medical
PROD-60265,Ventilator,Ventilator is a high-quality product.,3850.22,EUR,backorder,White,3.27,125x37x161cm,220V,Biotechnology Reactors,Medtronic,Hitachi Medical
PROD-72164,MRI Scanner,MRI Scanner is a high-quality product.,1068.98,USD,in stock,Red,72.69,156x141x172cm,Battery,Lasers,Zimmer Biomet,Dräger
PROD-54767,Endoscope,Endoscope is a high-quality product.,46214.39,USD,in stock,Green,23.67,121x163x41cm,Multi-Voltage,Cardiovascular Stents,Roche,Johnson & Johnson Medical
PROD-24497,Respirator,Respirator is a high-quality product.,9853.1,USD,out of stock,White,25.12,159x135x195cm,110V,Urology Ultrasound Probes,ACME,Baxter International
PROD-13291,Sterilizer,Sterilizer is a high-quality product.,27591.9,USD,backorder,Blue,80.23,168x135x65cm,220V,Medical Examination Tables,3M,Shimadzu Medical
PROD-29858,Endoscope,Endoscope is a high-quality product.,28269.1,USD,out of stock,Red,51.44,139x186x19cm,Multi-Voltage,Lasers,Philips,Shimadzu Medical
PROD-38775,X-Ray Machine,X-Ray Machine is a high-quality product.,37732.58,USD,out of stock,Red,2.94,64x23x145cm,120-240V,Laboratory Analyzers,Boston Scientific,Hitachi Medical
PROD-47908,Endoscope,Endoscope is a high-quality product.,31461.47,GBP,discontinued,Green,84.19,193x147x146cm,220V,Respirators,ACME,Medtronic Inc
PROD-12550,Anesthesia Machine,Anesthesia Machine is a high-quality product.,2434.11,GBP,backorder,Black,69.13,53x155x154cm,120-240V,Regenerative Medicine Scaffolds,Philips,Canon Medical Systems
PROD-82869,Endoscope,Endoscope is a high-quality product.,24309.91,USD,out of stock,White,69.8,172x17x84cm,Multi-Voltage,Speech Therapy Devices,Hitachi Healthcare,Baxter International
PROD-80551,Patient Monitor,Patient Monitor is a high-quality product.,28204.58,USD,in stock,Yellow,65.96,97x137x78cm,220V,Biotechnology Reactors,Johnson & Johnson,B.Braun Melsungen
PROD-59483,Incubator,Incubator is a high-quality product.,3703.34,USD,backorder,Blue,29.05,61x16x140cm,110V,Laboratory Analyzers,3M,Terumo
PROD-22940,Blood Analyzer,Blood Analyzer is a high-quality product.,38782.26,EUR,in stock,Green,94.67,169x86x101cm,120-240V,Cardiovascular Stents,Zimmer Biomet,Stryker Corp
PROD-41225,Incubator,Incubator is a high-quality product.,10503.09,EUR,in stock,Green,60.53,61x66x73cm,Battery,Regenerative Medicine Scaffolds,Abbott,Roche Diagnostics
PROD-60556,Ventilator,Ventilator is a high-quality product.,41613.43,USD,discontinued,Green,80.86,109x47x143cm,Multi-Voltage,Infusion Pumps,Olympus,Roche Diagnostics
PROD-19626,Endoscope,Endoscope is a high-quality product.,33919.19,EUR,backorder,Gray,9.76,66x112x79cm,Multi-Voltage,Speech Therapy Devices,Canon Medical,Baxter International
PROD-14220,Surgical Robot,Surgical Robot is a high-quality product.,19024.23,EUR,backorder,Gray,71.18,155x32x140cm,Multi-Voltage,Medical Examination Tables,Boston Scientific,Siemens Healthineers
PROD-29059,Dialysis Machine,Dialysis Machine is a high-quality product.,36789.45,GBP,backorder,Blue,89.49,172x168x81cm,Multi-Voltage,Laboratory Analyzers,3M,Philips Medical
PROD-31664,Ultrasound Machine,Ultrasound Machine is a high-quality product.,30934.34,EUR,out of stock,Red,2.56,53x134x200cm,Battery,Urology Ultrasound Probes,Mindray,GE Healthcare
PROD-89058,Radiation Therapy System,Radiation Therapy System is a high-quality product.,36886.94,GBP,out of stock,Yellow,59.21,190x102x125cm,220V,Medical Consumable Kits,ACME,Dräger
PROD-29979,Respirator,Respirator is a high-quality product.,48161.58,USD,backorder,Yellow,69.04,62x53x156cm,110V,Medical Examination Tables,Medtronic,Zimmer Biomet Holdings
PROD-93195,Mammography Unit,Mammography Unit is a high-quality product.,18912.28,USD,out of stock,Green,79.06,75x130x195cm,120-240V,Cardiac Monitors,Stryker,Hitachi Medical
PROD-91921,MRI Scanner,MRI Scanner is a high-quality product.,14071.8,EUR,discontinued,White,2.88,91x119x31cm,120-240V,Speech Therapy Devices,Mindray,Roche Diagnostics
PROD-46005,Ventilator,Ventilator is a high-quality product.,28856.7,USD,out of stock,Green,34.56,126x169x163cm,120-240V,Nephroscopes,Zimmer Biomet,Hitachi Medical
PROD-57480,Incubator,Incubator is a high-quality product.,36631.1,GBP,in stock,White,79.61,61x60x95cm,220V,Cardiac Monitors,B.Braun,Dräger
PROD-83646,Endoscope,Endoscope is a high-quality product.,18449.13,GBP,in stock,Red,89.49,91x97x109cm,110V,Laboratory Analyzers,Stryker,Hitachi Medical
PROD-52227,Anesthesia Machine,Anesthesia Machine is a high-quality product.,23232.48,EUR,backorder,White,80.18,199x112x54cm,120-240V,Laboratory Analyzers,Roche,GE Healthcare
PROD-48289,Respirator,Respirator is a high-quality product.,31808.79,EUR,out of stock,Green,32.45,148x139x152cm,220V,Cardiovascular Stents,Canon Medical,Philips Medical
PROD-41462,Ventilator,Ventilator is a high-quality product.,3332.0,USD,discontinued,Gray,11.95,53x91x55cm,Multi-Voltage,Speech Therapy Devices,Baxter,Shimadzu Medical
PROD-68182,CT Scanner,CT Scanner is a high-quality product.,10059.66,EUR,in stock,Green,63.51,15x86x79cm,120-240V,Laboratory Analyzers,GE,Shimadzu Medical
PROD-81617,MRI Scanner,MRI Scanner is a high-quality product.,29463.6,USD,backorder,White,47.46,104x46x125cm,220V,Nephroscopes,Mindray,Siemens Healthineers
PROD-85677,Electrosurgical Unit,Electrosurgical Unit is a high-quality product.,15965.81,EUR,in stock,Yellow,1.4,98x66x147cm,110V,Medical Consumable Kits,Drager,Johnson & Johnson Medical
PROD-87994,Electrosurgical Unit,Electrosurgical Unit is a high-quality product.,40375.65,USD,out of stock,Red,47.13,56x58x91cm,220V,Speech Therapy Devices,Johnson & Johnson,Philips Medical
PROD-37671,Incubator,Incubator is a high-quality product.,48832.59,EUR,backorder,Gray,64.66,199x51x163cm,110V,Nephroscopes,Abbott,Terumo
PROD-17050,Defibrillator,Defibrillator is a high-quality product.,32016.48,USD,in stock,Blue,70.63,178x77x68cm,220V,Cardiovascular Stents,Siemens,Terumo
PROD-70859,Ultrasound Machine,Ultrasound Machine is a high-quality product.,35957.88,EUR,out of stock,Green,49.04,143x131x46cm,Multi-Voltage,Lasers,Boston Scientific,Olympus Corp
PROD-79135,ECG Monitor,ECG Monitor is a high-quality product.,38541.7,GBP,in stock,Red,13.08,74x174x11cm,110V,Cardiovascular Stents,Olympus,Abbott Laboratories
PROD-84955,Ventilator,Ventilator is a high-quality product.,6997.52,GBP,in stock,White,57.74,30x182x162cm,Battery,Cardiac Monitors,B.Braun,Fujifilm Healthcare
PROD-50832,Ventilator,Ventilator is a high-quality product.,33967.08,USD,out of stock,Red,69.05,48x125x100cm,120-240V,Infusion Pumps,Roche,Olympus Corp
PROD-91829,C-Arm X-Ray,C-Arm X-Ray is a high-quality product.,37539.56,GBP,in stock,Green,11.34,95x57x21cm,Multi-Voltage,ECG Machines,Medtronic,Baxter International
PROD-30425,Surgical Laser,Surgical Laser is a high-quality product.,30632.27,GBP,out of stock,Yellow,21.06,151x51x111cm,220V,Lasers,Canon Medical,Canon Medical Systems
PROD-66184,Anesthesia Machine,Anesthesia Machine is a high-quality product.,3399.34,GBP,backorder,Red,29.18,15x86x79cm,Multi-Voltage,Cardiovascular Stents,B.Braun,Shimadzu Medical
PROD-95820,Surgical Laser,Surgical Laser is a high-quality product.,10339.3,GBP,discontinued,Blue,33.49,109x47x143cm,120-240V,Intensive Care Monitors,Abbott,B.Braun Melsungen
PROD-27278,X-Ray Machine,X-Ray Machine is a high-quality product.,8751.59,EUR,out of stock,Yellow,86.72,15x86x79cm,Battery,Urology Ultrasound Probes,Baxter,Hitachi Medical
PROD-15361,Holter Monitor,Holter Monitor is a high-quality product.,14633.79,EUR,out of stock,Yellow,73.06,59x102x84cm,110V,Laboratory Analyzers,Stryker,Dräger
PROD-68908,Endoscope,Endoscope is a high-quality product.,15172.01,EUR,out of stock,Blue,63.45,70x155x136cm,110V,Lasers,Johnson & Johnson,Dräger
PROD-74635,Holter Monitor,Holter Monitor is a high-quality product.,10745.17,USD,backorder,Gray,43.22,194x33x135cm,Battery,Infusion Pumps,Medtronic,Johnson & Johnson Medical
PROD-38254,Infusion Pump,Infusion Pump is a high-quality product.,46418.06,USD,backorder,Red,23.67,85x16x117cm,220V,Medical Consumable Kits,Philips,Zimmer Biomet Holdings
PROD-72231,Radiation Therapy System,Radiation Therapy System is a high-quality product.,45324.7,EUR,discontinued,Green,22.2,184x129x106cm,Battery,Plastic Surgery Lasers,BD,Siemens Healthineers
PROD-55345,Ultrasound Machine,Ultrasound Machine is a high-quality product.,10201.03,GBP,out of stock,Black,55.26,54x62x114cm,110V,Nephroscopes,Johnson & Johnson,Mindray Bio-Medical
PROD-66997,Dialysis Machine,Dialysis Machine is a high-quality product.,22887.73,EUR,backorder,Green,7.48,93x162x153cm,220V,Lasers,3M,Johnson & Johnson Medical
PROD-95209,Dialysis Machine,Dialysis Machine is a high-quality product.,3977.1,USD,discontinued,Yellow,96.56,200x44x139cm,Multi-Voltage,Cardiovascular Stents,Johnson & Johnson,Abbott Laboratories
PROD-39018,X-Ray Machine,X-Ray Machine is a high-quality product.,28134.37,USD,in stock,Red,73.06,37x100x70cm,110V,Pulmonary Function Testers,Hitachi Healthcare,Fujifilm Healthcare
PROD-91382,Dialysis Machine,Dialysis Machine is a high-quality product.,36777.15,USD,in stock,White,49.26,100x151x146cm,Multi-Voltage,Cardiovascular Stents,Siemens,Baxter International
PROD-79606,Operating Microscope,Operating Microscope is a high-quality product.,41303.03,EUR,out of stock,Black,79.49,48x125x100cm,Battery,Palliative Care Beds,Abbott,Shimadzu Medical
PROD-17774,Blood Analyzer,Blood Analyzer is a high-quality product.,12506.71,GBP,out of stock,Black,68.29,107x166x42cm,110V,Infusion Pumps,Abbott,Johnson & Johnson Medical
PROD-80950,Electrosurgical Unit,Electrosurgical Unit is a high-quality product.,47548.34,GBP,backorder,Blue,32.04,79x121x144cm,120-240V,Palliative Care Beds,Siemens,Baxter International
PROD-57151,Radiation Therapy System,Radiation Therapy System is a high-quality product.,36467.63,GBP,in stock,Red,52.28,61x184x120cm,Battery,Intensive Care Monitors,3M,Mindray Bio-Medical
PROD-48031,CT Scanner,CT Scanner is a high-quality product.,26172.62,USD,in stock,White,68.29,30x122x120cm,120-240V,Medical Examination Tables,Zimmer Biomet,Boston Scientific Corp
PROD-30172,Ultrasound Machine,Ultrasound Machine is a high-quality product.,36106.74,USD,in stock,Green,22.22,109x158x65cm,Multi-Voltage,Laboratory Analyzers,B.Braun,Medtronic Inc
PROD-88547,CT Scanner,CT Scanner is a high-quality product.,7940.36,EUR,out of stock,White,52.91,135x21x33cm,Battery,Cardiac Monitors,GE,Roche Diagnostics
PROD-60373,Endoscope,Endoscope is a high-quality product.,35219.39,GBP,discontinued,Yellow,92.27,191x140x96cm,Battery,Medical Consumable Kits,B.Braun,Shimadzu Medical
PROD-49710,Defibrillator,Defibrillator is a high-quality product.,24461.34,EUR,in stock,Green,67.85,42x22x56cm,Battery,Cardiac Monitors,Drager,Boston Scientific Corp
PROD-34956,Patient Monitor,Patient Monitor is a high-quality product.,21764.94,GBP,backorder,Yellow,25.03,162x154x120cm,120-240V,Speech Therapy Devices,Philips,Baxter International
PROD-60028,C-Arm X-Ray,C-Arm X-Ray is a high-quality product.,36706.55,USD,in stock,Red,75.22,142x112x157cm,220V,Infusion Pumps,Olympus,Canon Medical Systems
PROD-48225,MRI Scanner,MRI Scanner is a high-quality product.,4066.95,GBP,in stock,Yellow,30.29,43x22x87cm,Battery,Pulmonary Function Testers,Boston Scientific,Canon Medical Systems
PROD-37103,MRI Scanner,MRI Scanner is a high-quality product.,3297.37,EUR,backorder,White,81.49,95x175x37cm,120-240V,Infusion Pumps,Drager,Philips Medical
PROD-10203,Ventilator,Ventilator is a high-quality product.,2988.06,EUR,out of stock,Yellow,64.66,127x197x123cm,120-240V,Nephroscopes,Hitachi Healthcare,Roche Diagnostics
PROD-81556,Blood Analyzer,Blood Analyzer is a high-quality product.,41979.62,USD,discontinued,Black,25.93,99x91x35cm,110V,Pulmonary Function Testers,Mindray,Mindray Bio-Medical
PROD-18047,Bone Densitometer,Bone Densitometer is a high-quality product.,41789.27,EUR,in stock,Black,71.83,80x77x82cm,110V,ECG Machines,Hitachi Healthcare,B.Braun Melsungen
PROD-67543,Respirator,Respirator is a high-quality product.,6947.98,USD,out of stock,White,71.49,167x181x19cm,110V,ECG Machines,Medtronic,Canon Medical Systems
PROD-38153,Infusion Pump,Infusion Pump is a high-quality product.,11346.95,GBP,backorder,Blue,52.93,56x58x91cm,220V,Palliative Care Beds,Abbott,Boston Scientific Corp
PROD-90761,Bone Densitometer,Bone Densitometer is a high-quality product.,17653.6,EUR,in stock,White,13.04,15x86x79cm,110V,Regenerative Medicine Scaffolds,Philips,Terumo
PROD-91227,Defibrillator,Defibrillator is a high-quality product.,5344.74,EUR,out of stock,Gray,42.49,168x50x167cm,120-240V,Pulmonary Function Testers,Siemens,Zimmer Biomet Holdings
PROD-60657,X-Ray Machine,X-Ray Machine is a high-quality product.,22608.79,GBP,out of stock,Red,8.73,181x149x159cm,Multi-Voltage,Dental X-Ray Machines,Olympus,Roche Diagnostics
PROD-89678,CT Scanner,CT Scanner is a high-quality product.,36081.03,EUR,backorder,Black,65.89,170x51x140cm,120-240V,Dental X-Ray Machines,Drager,Abbott Laboratories
PROD-31330,Defibrillator,Defibrillator is a high-quality product.,36829.68,GBP,in stock,Gray,57.74,149x20x86cm,120-240V,Intensive Care Monitors,Mindray,Siemens Healthineers
PROD-27085,Patient Monitor,Patient Monitor is a high-quality product.,47802.92,EUR,in stock,Red,2.1,122x29x159cm,Multi-Voltage,Respirators,BD,Canon Medical Systems
PROD-49575,Surgical Laser,Surgical Laser is a high-quality product.,47922.12,EUR,out of stock,Green,64.28,61x66x73cm,120-240V,Dental X-Ray Machines,Roche,Siemens Healthineers
PROD-17867,Respirator,Respirator is a high-quality product.,19687.7,EUR,out of stock,Black,78.05,164x59x38cm,220V,Laboratory Analyzers,Siemens,Terumo
PROD-85757,Dialysis Machine,Dialysis Machine is a high-quality product.,13687.06,EUR,backorder,White,13.02,112x127x98cm,Multi-Voltage,Dental X-Ray Machines,Medtronic,Roche Diagnostics
PROD-28693,C-Arm X-Ray,C-Arm X-Ray is a high-quality product.,27050.16,GBP,out of stock,White,72.44,13x109x69cm,120-240V,Urology Ultrasound Probes,Drager,Olympus Corp
PROD-15798,Bone Densitometer,Bone Densitometer is a high-quality product.,39702.29,EUR,out of stock,Green,38.87,63x61x17cm,220V,Nephroscopes,Stryker,Terumo
PROD-69771,Sterilizer,Sterilizer is a high-quality product.,22488.41,USD,backorder,Green,24.34,102x179x157cm,Multi-Voltage,Intensive Care Monitors,Olympus,Mindray Bio-Medical
PROD-38920,CT Scanner,CT Scanner is a high-quality product.,24801.1,GBP,in stock,Blue,59.21,119x161x179cm,120-240V,Intensive Care Monitors,Johnson & Johnson,Olympus Corp
PROD-57254,Electrosurgical Unit,Electrosurgical Unit is a high-quality product.,8917.4,GBP,discontinued,Black,5.6,188x91x134cm,220V,Intensive Care Monitors,Abbott,Siemens Healthineers
PROD-49464,CT Scanner,CT Scanner is a high-quality product.,34325.79,EUR,out of stock,Black,29.29,78x110x87cm,Multi-Voltage,Regenerative Medicine Scaffolds,Roche,B.Braun Melsungen
PROD-38646,Respirator,Respirator is a high-quality product.,19735.87,EUR,discontinued,Gray,32.83,170x51x140cm,Battery,Lasers,Zimmer Biomet,Zimmer Biomet Holdings
PROD-42251,Surgical Laser,Surgical Laser is a high-quality product.,10736.69,USD,out of stock,Black,78.35,143x131x46cm,120-240V,Urology Ultrasound Probes,Stryker,Philips Medical
PROD-21600,Incubator,Incubator is a high-quality product.,31308.19,GBP,in stock,Gray,58.08,191x114x173cm,220V,Regenerative Medicine Scaffolds,GE,Olympus Corp
PROD-14732,Incubator,Incubator is a high-quality product.,45601.06,USD,out of stock,Green,81.26,89x99x14cm,Multi-Voltage,Lasers,Zimmer Biomet,Roche Diagnostics
PROD-37153,MRI Scanner,MRI Scanner is a high-quality product.,23064.71,USD,backorder,Black,74.41,130x64x95cm,110V,Nephroscopes,Philips,Siemens Healthineers
PROD-70400,Surgical Laser,Surgical Laser is a high-quality product.,9817.32,GBP,out of stock,Blue,38.32,104x153x195cm,Multi-Voltage,Dental X-Ray Machines,Olympus,B.Braun Melsungen
PROD-30845,X-Ray Machine,X-Ray Machine is a high-quality product.,20847.35,EUR,discontinued,Red,13.86,75x32x96cm,Battery,Medical Examination Tables,B.Braun,B.Braun Melsungen
PROD-36394,CT Scanner,CT Scanner is a high-quality product.,13422.23,GBP,out of stock,White,4.21,107x64x142cm,Battery,Pulmonary Function Testers,Canon Medical,Olympus Corp
PROD-51592,Anesthesia Machine,Anesthesia Machine is a high-quality product.,11330.99,GBP,out of stock,Blue,97.13,39x61x138cm,220V,Dental X-Ray Machines,Philips,Shimadzu Medical
PROD-12281,Incubator,Incubator is a high-quality product.,15405.97,GBP,discontinued,Blue,63.47,91x119x31cm,Battery,Medical Consumable Kits,Medtronic,B.Braun Melsungen
PROD-11022,Endoscope,Endoscope is a high-quality product.,32212.17,GBP,out of stock,Yellow,27.61,45x108x35cm,220V,Speech Therapy Devices,Olympus,Johnson & Johnson Medical
PROD-12988,CT Scanner,CT Scanner is a high-quality product.,4958.13,GBP,discontinued,Gray,66.48,180x76x46cm,Battery,Infusion Pumps,Siemens,Baxter International
PROD-17128,Surgical Laser,Surgical Laser is a high-quality product.,4611.58,GBP,backorder,Red,54.78,62x53x156cm,Battery,Cardiovascular Stents,Boston Scientific,Mindray Bio-Medical
PROD-81263,Blood Analyzer,Blood Analyzer is a high-quality product.,3360.62,EUR,out of stock,White,72.44,168x118x103cm,110V,Plastic Surgery Lasers,Drager,Roche Diagnostics
PROD-35623,Holter Monitor,Holter Monitor is a high-quality product.,23297.9,EUR,out of stock,White,41.83,188x91x134cm,Multi-Voltage,Nephroscopes,Baxter,Terumo
PROD-31968,Patient Monitor,Patient Monitor is a high-quality product.,49385.31,EUR,out of stock,Green,12.98,63x123x136cm,220V,Regenerative Medicine Scaffolds,Canon Medical,Stryker Corp
PROD-60374,Operating Microscope,Operating Microscope is a high-quality product.,44201.73,USD,backorder,White,54.2,160x107x69cm,Multi-Voltage,Nephroscopes,Johnson & Johnson,Stryker Corp
PROD-70945,Respirator,Respirator is a high-quality product.,24467.98,EUR,out of stock,Black,18.98,121x165x185cm,Battery,Biotechnology Reactors,B.Braun,Philips Medical
PROD-84057,ECG Monitor,ECG Monitor is a high-quality product.,19532.2,GBP,in stock,Green,94.45,194x199x155cm,120-240V,Palliative Care Beds,B.Braun,Terumo
PROD-50392,Patient Monitor,Patient Monitor is a high-quality product.,37436.89,USD,discontinued,Red,39.16,65x179x83cm,110V,Biotechnology Reactors,Roche,Dräger
PROD-11722,Blood Analyzer,Blood Analyzer is a high-quality product.,26494.37,EUR,discontinued,Yellow,91.97,29x136x178cm,Battery,Regenerative Medicine Scaffolds,Johnson & Johnson,Philips Medical
PROD-50934,CT Scanner,CT Scanner is a high-quality product.,29698.14,EUR,backorder,White,9.76,68x116x170cm,220V,Speech Therapy Devices,Hitachi Healthcare,Olympus Corp
PROD-48023,Ventilator,Ventilator is a high-quality product.,29707.64,EUR,out of stock,Gray,92.2,158x131x54cm,120-240V,Laboratory Analyzers,Olympus,Shimadzu Medical
PROD-48757,Sterilizer,Sterilizer is a high-quality product.,3969.54,EUR,out of stock,Yellow,16.8,135x19x51cm,Battery,Pulmonary Function Testers,Abbott,Roche Diagnostics
PROD-99355,Ultrasound Machine,Ultrasound Machine is a high-quality product.,3902.84,GBP,in stock,White,68.39,119x149x143cm,Battery,Speech Therapy Devices,Canon Medical,Mindray Bio-Medical
PROD-70081,Incubator,Incubator is a high-quality product.,17889.52,USD,backorder,Blue,31.36,71x51x167cm,Multi-Voltage,Intensive Care Monitors,Olympus,Dräger
PROD-38971,Infusion Pump,Infusion Pump is a high-quality product.,33985.92,EUR,backorder,White,92.27,96x121x90cm,220V,Pulmonary Function Testers,Olympus,Stryker Corp
PROD-60598,Sterilizer,Sterilizer is a high-quality product.,39998.09,EUR,out of stock,Red,64.69,122x29x159cm,110V,Intensive Care Monitors,3M,Baxter International
PROD-87437,Incubator,Incubator is a high-quality product.,33544.27,USD,out of stock,Blue,47.36,182x61x101cm,120-240V,Pulmonary Function Testers,Drager,Boston Scientific Corp
PROD-31975,Bone Densitometer,Bone Densitometer is a high-quality product.,46258.26,GBP,out of stock,Yellow,83.29,168x135x65cm,110V,Lasers,GE,B.Braun Melsungen
PROD-37394,Electrosurgical Unit,Electrosurgical Unit is a high-quality product.,28580.96,GBP,out of stock,Red,26.02,27x95x10cm,110V,Plastic Surgery Lasers,B.Braun,GE Healthcare
PROD-74375,Infusion Pump,Infusion Pump is a high-quality product.,34950.28,EUR,backorder,Green,37.89,100x177x126cm,Battery,Infusion Pumps,B.Braun,Abbott Laboratories
PROD-27002,MRI Scanner,MRI Scanner is a high-quality product.,28839.48,EUR,out of stock,Blue,95.05,135x135x81cm,Multi-Voltage,Plastic Surgery Lasers,Stryker,Johnson & Johnson Medical
PROD-39748,Endoscope,Endoscope is a high-quality product.,30180.33,GBP,out of stock,Yellow,64.1,50x115x18cm,110V,Urology Ultrasound Probes,Drager,Mindray Bio-Medical
PROD-99676,Holter Monitor,Holter Monitor is a high-quality product.,5909.46,EUR,backorder,Black,74.41,50x43x155cm,Multi-Voltage,Intensive Care Monitors,BD,Siemens Healthineers
PROD-94685,Ventilator,Ventilator is a high-quality product.,25461.27,USD,discontinued,Gray,8.38,183x16x121cm,220V,Pulmonary Function Testers,Hitachi Healthcare,Siemens Healthineers
PROD-54293,Bone Densitometer,Bone Densitometer is a high-quality product.,18950.23,EUR,out of stock,Black,23.74,146x151x25cm,120-240V,Urology Ultrasound Probes,Zimmer Biomet,Boston Scientific Corp
PROD-44266,Mammography Unit,Mammography Unit is a high-quality product.,29687.56,USD,in stock,Black,16.26,175x69x186cm,120-240V,Infusion Pumps,Roche,Mindray Bio-Medical
PROD-58391,Respirator,Respirator is a high-quality product.,20588.35,GBP,backorder,White,54.48,170x94x187cm,Multi-Voltage,Nephroscopes,Philips,Terumo
PROD-86741,Operating Microscope,Operating Microscope is a high-quality product.,20174.68,EUR,backorder,Black,72.51,22x139x154cm,Multi-Voltage,Pulmonary Function Testers,Hitachi Healthcare,Mindray Bio-Medical
PROD-69694,ECG Monitor,ECG Monitor is a high-quality product.,2309.19,USD,in stock,Green,96.73,197x32x147cm,110V,Infusion Pumps,Hitachi Healthcare,B.Braun Melsungen
PROD-92500,Mammography Unit,Mammography Unit is a high-quality product.,4581.01,USD,out of stock,Red,22.16,60x80x11cm,110V,Pulmonary Function Testers,Zimmer Biomet,Roche Diagnostics
PROD-77230,Surgical Laser,Surgical Laser is a high-quality product.,23761.97,USD,backorder,Blue,45.88,176x95x60cm,Battery,Respirators,B.Braun,Johnson & Johnson Medical
PROD-18875,Anesthesia Machine,Anesthesia Machine is a high-quality product.,47813.82,USD,in stock,Black,67.35,28x160x12cm,120-240V,Intensive Care Monitors,Siemens,Siemens Healthineers
PROD-67099,Blood Analyzer,Blood Analyzer is a high-quality product.,32199.37,USD,discontinued,Black,90.18,156x119x82cm,220V,Plastic Surgery Lasers,3M,Dräger
PROD-54642,Patient Monitor,Patient Monitor is a high-quality product.,22454.03,USD,in stock,Red,22.8,38x91x48cm,120-240V,Dental X-Ray Machines,Stryker,Boston Scientific Corp
PROD-29854,Mammography Unit,Mammography Unit is a high-quality product.,22569.68,EUR,backorder,Green,92.41,194x33x135cm,120-240V,ECG Machines,Stryker,Shimadzu Medical
PROD-61067,Radiation Therapy System,Radiation Therapy System is a high-quality product.,4607.32,GBP,out of stock,Blue,71.71,13x109x69cm,110V,Dental X-Ray Machines,Siemens,Mindray Bio-Medical
PROD-96494,Surgical Robot,Surgical Robot is a high-quality product.,47495.79,GBP,discontinued,Blue,67.52,141x105x60cm,Battery,Pulmonary Function Testers,BD,Abbott Laboratories
PROD-14423,Incubator,Incubator is a high-quality product.,48256.47,GBP,backorder,White,57.74,151x166x20cm,110V,ECG Machines,Mindray,B.Braun Melsungen
PROD-73372,Infusion Pump,Infusion Pump is a high-quality product.,42399.04,EUR,discontinued,Green,35.49,125x37x161cm,Battery,Pulmonary Function Testers,Drager,Medtronic Inc
PROD-69302,Respirator,Respirator is a high-quality product.,16203.21,USD,backorder,Red,29.73,172x17x84cm,120-240V,Cardiovascular Stents,Roche,Roche Diagnostics
PROD-93870,Operating Microscope,Operating Microscope is a high-quality product.,40994.14,USD,backorder,White,98.68,125x30x184cm,Multi-Voltage,Respirators,Stryker,Philips Medical
PROD-36246,CT Scanner,CT Scanner is a high-quality product.,36078.34,EUR,in stock,Black,32.59,21x156x200cm,120-240V,Lasers,Canon Medical,Philips Medical
PROD-95304,Electrosurgical Unit,Electrosurgical Unit is a high-quality product.,12629.94,GBP,out of stock,White,91.13,154x49x192cm,Battery,Urology Ultrasound Probes,Olympus,GE Healthcare
PROD-55757,Anesthesia Machine,Anesthesia Machine is a high-quality product.,7161.52,GBP,backorder,Blue,22.2,139x32x99cm,120-240V,Nephroscopes,Hitachi Healthcare,Baxter International
PROD-74291,Holter Monitor,Holter Monitor is a high-quality product.,29602.66,EUR,out of stock,Blue,48.12,198x55x129cm,Multi-Voltage,Pulmonary Function Testers,Drager,Philips Medical
PROD-32407,ECG Monitor,ECG Monitor is a high-quality product.,24292.51,EUR,in stock,Blue,45.61,51x88x152cm,Battery,Urology Ultrasound Probes,Drager,Zimmer Biomet Holdings
PROD-20834,Bone Densitometer,Bone Densitometer is a high-quality product.,14786.8,USD,in stock,Black,67.52,96x133x109cm,120-240V,Plastic Surgery Lasers,ACME,B.Braun Melsungen
PROD-65796,Sterilizer,Sterilizer is a high-quality product.,43561.3,GBP,out of stock,Gray,45.82,10x197x117cm,Multi-Voltage,Cardiac Monitors,Roche,Boston Scientific Corp
PROD-22841,Holter Monitor,Holter Monitor is a high-quality product.,29913.09,EUR,out of stock,Green,85.5,139x32x99cm,110V,Plastic Surgery Lasers,Philips,Mindray Bio-Medical
PROD-39580,Dialysis Machine,Dialysis Machine is a high-quality product.,16631.19,EUR,out of stock,Yellow,8.51,17x13x23cm,Battery,Physical Therapy Equipment,BD,Olympus Corp
PROD-12527,Ventilator,Ventilator is a high-quality product.,21728.71,USD,discontinued,Red,91.76,165x22x98cm,Multi-Voltage,Respirators,Canon Medical,Baxter International
PROD-97492,Holter Monitor,Holter Monitor is a high-quality product.,10746.04,EUR,out of stock,Green,1.42,51x88x152cm,Multi-Voltage,Cardiac Monitors,Johnson & Johnson,Johnson & Johnson Medical
PROD-77782,Radiation Therapy System,Radiation Therapy System is a high-quality product.,23960.68,USD,discontinued,Gray,97.22,118x199x30cm,220V,Intensive Care Monitors,Baxter,GE Healthcare
PROD-70092,Dialysis Machine,Dialysis Machine is a high-quality product.,30816.43,GBP,backorder,Red,50.21,45x108x35cm,220V,Plastic Surgery Lasers,Baxter,Baxter International
PROD-18902,Holter Monitor,Holter Monitor is a high-quality product.,23684.02,GBP,out of stock,Black,9.73,174x117x30cm,220V,Nephroscopes,GE,Stryker Corp
PROD-59365,Electrosurgical Unit,Electrosurgical Unit is a high-quality product.,22010.9,USD,out of stock,Yellow,87.05,85x27x89cm,110V,Regenerative Medicine Scaffolds,Baxter,Roche Diagnostics
PROD-80679,MRI Scanner,MRI Scanner is a high-quality product.,42970.96,USD,out of stock,White,80.23,141x45x64cm,Multi-Voltage,Medical Consumable Kits,Roche,Dräger
PROD-82902,Incubator,Incubator is a high-quality product.,6540.9,GBP,discontinued,Yellow,2.88,110x186x175cm,120-240V,Cardiac Monitors,Stryker,Zimmer Biomet Holdings
PROD-91346,CT Scanner,CT Scanner is a high-quality product.,17879.9,USD,out of stock,Black,64.54,127x192x124cm,Battery,ECG Machines,B.Braun,Roche Diagnostics
PROD-41900,Electrosurgical Unit,Electrosurgical Unit is a high-quality product.,27578.06,EUR,in stock,White,58.32,176x193x135cm,Battery,Biotechnology Reactors,BD,Zimmer Biomet Holdings
PROD-97628,Blood Analyzer,Blood Analyzer is a high-quality product.,2575.55,GBP,out of stock,Blue,77.79,193x99x173cm,110V,Regenerative Medicine Scaffolds,Hitachi Healthcare,B.Braun Melsungen
PROD-83640,Operating Microscope,Operating Microscope is a high-quality product.,3242.77,EUR,out of stock,Yellow,52.07,190x102x125cm,Battery,Laboratory Analyzers,Olympus,Terumo
PROD-28842,Infusion Pump,Infusion Pump is a high-quality product.,21212.67,USD,discontinued,Yellow,45.68,70x155x136cm,Multi-Voltage,Dental X-Ray Machines,Abbott,B.Braun Melsungen
PROD-29410,Ultrasound Machine,Ultrasound Machine is a high-quality product.,36973.85,EUR,in stock,Black,81.92,97x137x78cm,Battery,Urology Ultrasound Probes,BD,Roche Diagnostics
PROD-41742,Electrosurgical Unit,Electrosurgical Unit is a high-quality product.,43213.64,USD,out of stock,Red,40.22,22x129x172cm,Battery,Intensive Care Monitors,Medtronic,Dräger
PROD-35301,C-Arm X-Ray,C-Arm X-Ray is a high-quality product.,20429.21,USD,out of stock,Yellow,26.85,37x97x153cm,120-240V,ECG Machines,Hitachi Healthcare,Roche Diagnostics
PROD-80127,Radiation Therapy System,Radiation Therapy System is a high-quality product.,12629.67,EUR,backorder,Red,78.05,45x63x183cm,120-240V,Plastic Surgery Lasers,Stryker,Shimadzu Medical
PROD-32185,Defibrillator,Defibrillator is a high-quality product.,4734.94,USD,discontinued,Gray,8.3,165x179x89cm,Multi-Voltage,Nephroscopes,Johnson & Johnson,Baxter International
PROD-52558,Incubator,Incubator is a high-quality product.,20465.94,EUR,in stock,Green,65.97,91x97x109cm,220V,Lasers,Medtronic,Olympus Corp
PROD-84595,Dialysis Machine,Dialysis Machine is a high-quality product.,12822.88,USD,discontinued,Blue,35.49,56x51x188cm,Battery,Dental X-Ray Machines,Mindray,Johnson & Johnson Medical
PROD-39643,Endoscope,Endoscope is a high-quality product.,32570.34,GBP,out of stock,Green,61.83,109x185x42cm,Battery,Palliative Care Beds,Zimmer Biomet,Boston Scientific Corp
PROD-83670,ECG Monitor,ECG Monitor is a high-quality product.,24643.52,GBP,discontinued,Red,2.35,95x77x178cm,Multi-Voltage,Urology Ultrasound Probes,Mindray,Terumo
PROD-49182,Infusion Pump,Infusion Pump is a high-quality product.,15197.84,GBP,in stock,White,18.4,96x121x90cm,Battery,Medical Examination Tables,Baxter,Roche Diagnostics
PROD-36855,X-Ray Machine,X-Ray Machine is a high-quality product.,39100.59,EUR,in stock,Red,7.23,28x160x12cm,Multi-Voltage,Infusion Pumps,BD,Baxter International
PROD-41155,Patient Monitor,Patient Monitor is a high-quality product.,11715.63,USD,discontinued,Yellow,47.36,119x49x145cm,Battery,Regenerative Medicine Scaffolds,Roche,Canon Medical Systems
PROD-24583,CT Scanner,CT Scanner is a high-quality product.,15510.8,GBP,discontinued,Green,9.49,89x108x178cm,220V,Urology Ultrasound Probes,3M,Mindray Bio-Medical
PROD-86204,Endoscope,Endoscope is a high-quality product.,29136.87,GBP,in stock,Black,91.13,114x132x155cm,220V,Urology Ultrasound Probes,Drager,Philips Medical
PROD-96670,Ventilator,Ventilator is a high-quality product.,2069.84,EUR,backorder,Red,74.85,84x122x132cm,Multi-Voltage,Respirators,Boston Scientific,Dräger
PROD-34289,Holter Monitor,Holter Monitor is a high-quality product.,46695.18,GBP,discontinued,Red,68.51,66x31x153cm,Battery,Infusion Pumps,BD,Siemens Healthineers
PROD-89078,Respirator,Respirator is a high-quality product.,9211.5,GBP,backorder,Blue,35.15,53x155x154cm,120-240V,Lasers,Abbott,B.Braun Melsungen
PROD-40564,Patient Monitor,Patient Monitor is a high-quality product.,19740.97,USD,in stock,Green,40.22,93x175x147cm,Multi-Voltage,Dental X-Ray Machines,Medtronic,Dräger
PROD-96942,ECG Monitor,ECG Monitor is a high-quality product.,28946.83,USD,discontinued,Yellow,68.55,185x108x144cm,220V,Cardiovascular Stents,3M,Dräger
PROD-24635,Operating Microscope,Operating Microscope is a high-quality product.,3055.76,EUR,in stock,Green,71.58,77x166x85cm,110V,Cardiovascular Stents,Stryker,Roche Diagnostics
PROD-96932,Anesthesia Machine,Anesthesia Machine is a high-quality product.,30787.2,GBP,in stock,Yellow,1.42,39x35x36cm,Multi-Voltage,Medical Consumable Kits,BD,Fujifilm Healthcare
PROD-13657,MRI Scanner,MRI Scanner is a high-quality product.,5074.5,USD,out of stock,Black,3.84,152x43x104cm,110V,Plastic Surgery Lasers,Boston Scientific,Johnson & Johnson Medical
PROD-86150,Endoscope,Endoscope is a high-quality product.,19653.09,GBP,in stock,Red,92.27,110x193x100cm,120-240V,Cardiovascular Stents,Boston Scientific,Canon Medical Systems
PROD-54426,Bone Densitometer,Bone Densitometer is a high-quality product.,29024.25,GBP,in stock,Yellow,87.21,96x133x109cm,Multi-Voltage,Cardiac Monitors,Roche,Stryker Corp
PROD-20445,Bone Densitometer,Bone Densitometer is a high-quality product.,46613.2,EUR,in stock,Gray,45.89,97x162x112cm,120-240V,Respirators,Philips,Baxter International
PROD-11074,Mammography Unit,Mammography Unit is a high-quality product.,34464.18,EUR,discontinued,Red,22.8,107x64x142cm,Battery,Cardiac Monitors,Zimmer Biomet,Terumo
PROD-19511,Electrosurgical Unit,Electrosurgical Unit is a high-quality product.,25272.0,USD,discontinued,Black,24.8,200x160x178cm,Multi-Voltage,Laboratory Analyzers,Zimmer Biomet,Stryker Corp
PROD-33986,Patient Monitor,Patient Monitor is a high-quality product.,20008.03,USD,in stock,Black,92.27,49x146x141cm,110V,Physical Therapy Equipment,GE,Canon Medical Systems
PROD-66863,Dialysis Machine,Dialysis Machine is a high-quality product.,31850.95,EUR,backorder,Yellow,94.11,57x191x172cm,110V,Medical Consumable Kits,B.Braun,Hitachi Medical
PROD-98375,X-Ray Machine,X-Ray Machine is a high-quality product.,45471.32,USD,backorder,White,67.85,89x99x14cm,Battery,Speech Therapy Devices,ACME,Terumo
PROD-80320,Surgical Laser,Surgical Laser is a high-quality product.,20847.94,GBP,discontinued,Green,29.29,70x153x50cm,Multi-Voltage,Pulmonary Function Testers,Abbott,Dräger
PROD-28249,Bone Densitometer,Bone Densitometer is a high-quality product.,8718.38,USD,discontinued,Yellow,99.4,149x20x86cm,120-240V,Physical Therapy Equipment,BD,Dräger
PROD-62335,C-Arm X-Ray,C-Arm X-Ray is a high-quality product.,21279.43,GBP,discontinued,White,82.46,30x22x140cm,220V,Nephroscopes,BD,Siemens Healthineers
PROD-66706,MRI Scanner,MRI Scanner is a high-quality product.,9111.58,USD,backorder,White,12.67,29x104x108cm,Multi-Voltage,Cardiac Monitors,Philips,GE Healthcare
PROD-34924,Surgical Laser,Surgical Laser is a high-quality product.,40230.94,GBP,backorder,Gray,80.4,68x116x170cm,120-240V,Speech Therapy Devices,Medtronic,GE Healthcare
PROD-64115,Endoscope,Endoscope is a high-quality product.,33879.98,EUR,out of stock,Green,89.49,128x33x188cm,220V,Cardiac Monitors,Canon Medical,GE Healthcare
PROD-52621,Radiation Therapy System,Radiation Therapy System is a high-quality product.,45348.13,GBP,discontinued,Red,52.46,71x189x74cm,220V,Medical Examination Tables,Stryker,Shimadzu Medical
PROD-42412,Defibrillator,Defibrillator is a high-quality product.,1425.99,GBP,discontinued,White,83.29,114x151x169cm,120-240V,ECG Machines,B.Braun,Dräger
PROD-11926,Bone Densitometer,Bone Densitometer is a high-quality product.,42004.41,GBP,backorder,Gray,9.73,135x135x81cm,Battery,Cardiovascular Stents,Medtronic,Fujifilm Healthcare
PROD-64243,X-Ray Machine,X-Ray Machine is a high-quality product.,33750.9,EUR,out of stock,Green,91.25,174x12x155cm,220V,Urology Ultrasound Probes,Drager,Roche Diagnostics
PROD-54459,Ventilator,Ventilator is a high-quality product.,10169.15,USD,discontinued,Yellow,13.02,186x164x195cm,120-240V,Laboratory Analyzers,Zimmer Biomet,Mindray Bio-Medical
PROD-13396,Blood Analyzer,Blood Analyzer is a high-quality product.,38448.02,EUR,in stock,Green,38.12,147x114x24cm,Multi-Voltage,Speech Therapy Devices,ACME,Zimmer Biomet Holdings
PROD-93864,Surgical Robot,Surgical Robot is a high-quality product.,6357.16,USD,in stock,Gray,88.5,197x105x89cm,Battery,Pulmonary Function Testers,ACME,Zimmer Biomet Holdings
PROD-56829,X-Ray Machine,X-Ray Machine is a high-quality product.,38050.55,USD,discontinued,White,80.91,20x26x15cm,Multi-Voltage,Palliative Care Beds,Philips,Canon Medical Systems
PROD-10909,Defibrillator,Defibrillator is a high-quality product.,17157.32,GBP,in stock,White,89.04,124x97x115cm,Battery,Plastic Surgery Lasers,Drager,B.Braun Melsungen
PROD-69030,Dialysis Machine,Dialysis Machine is a high-quality product.,6128.03,EUR,backorder,Green,30.02,79x162x128cm,Battery,Physical Therapy Equipment,Siemens,Hitachi Medical
PROD-25342,Surgical Robot,Surgical Robot is a high-quality product.,27688.73,EUR,discontinued,Yellow,29.18,154x49x192cm,120-240V,Dental X-Ray Machines,Boston Scientific,Canon Medical Systems
PROD-79060,Surgical Laser,Surgical Laser is a high-quality product.,39990.41,GBP,out of stock,Blue,16.67,63x166x66cm,220V,Urology Ultrasound Probes,Drager,Siemens Healthineers
PROD-27088,Mammography Unit,Mammography Unit is a high-quality product.,30673.72,EUR,discontinued,Yellow,15.62,126x105x61cm,Multi-Voltage,Cardiovascular Stents,ACME,Hitachi Medical
PROD-65465,Ultrasound Machine,Ultrasound Machine is a high-quality product.,41097.78,USD,in stock,Red,58.32,168x140x117cm,Battery,Regenerative Medicine Scaffolds,Drager,Abbott Laboratories
PROD-38493,Infusion Pump,Infusion Pump is a high-quality product.,5501.37,USD,backorder,Green,28.25,58x200x23cm,Multi-Voltage,Nephroscopes,Baxter,Shimadzu Medical
PROD-51896,X-Ray Machine,X-Ray Machine is a high-quality product.,28811.4,GBP,discontinued,Gray,32.86,94x138x176cm,120-240V,Cardiovascular Stents,BD,Shimadzu Medical
PROD-38783,Radiation Therapy System,Radiation Therapy System is a high-quality product.,47861.75,GBP,backorder,Gray,19.94,113x136x13cm,220V,Palliative Care Beds,ACME,Baxter International
PROD-44918,Blood Analyzer,Blood Analyzer is a high-quality product.,36721.38,USD,discontinued,Green,68.29,28x160x12cm,110V,Urology Ultrasound Probes,Drager,Mindray Bio-Medical
PROD-63244,Electrosurgical Unit,Electrosurgical Unit is a high-quality product.,41838.13,EUR,in stock,Gray,87.21,133x141x21cm,220V,Laboratory Analyzers,B.Braun,Abbott Laboratories
PROD-83192,Holter Monitor,Holter Monitor is a high-quality product.,1061.51,GBP,in stock,Black,54.8,129x99x82cm,Battery,Speech Therapy Devices,Abbott,Siemens Healthineers
PROD-75226,MRI Scanner,MRI Scanner is a high-quality product.,31802.07,GBP,in stock,Gray,25.03,79x121x144cm,Multi-Voltage,Cardiac Monitors,ACME,GE Healthcare
PROD-71108,C-Arm X-Ray,C-Arm X-Ray is a high-quality product.,35920.81,GBP,out of stock,Red,12.67,93x113x34cm,120-240V,Biotechnology Reactors,3M,Medtronic Inc
PROD-36291,Mammography Unit,Mammography Unit is a high-quality product.,7768.91,GBP,in stock,Gray,83.14,154x189x172cm,Multi-Voltage,Nephroscopes,Drager,Mindray Bio-Medical
PROD-24837,Endoscope,Endoscope is a high-quality product.,15551.47,EUR,out of stock,Black,90.18,161x137x77cm,220V,Intensive Care Monitors,Roche,Medtronic Inc
PROD-61989,Ventilator,Ventilator is a high-quality product.,17798.3,EUR,discontinued,Red,54.8,58x198x146cm,120-240V,Dental X-Ray Machines,Philips,Medtronic Inc
PROD-58101,Anesthesia Machine,Anesthesia Machine is a high-quality product.,43713.04,EUR,discontinued,Green,11.34,50x115x18cm,220V,Plastic Surgery Lasers,Roche,Canon Medical Systems
PROD-81291,Respirator,Respirator is a high-quality product.,25201.86,USD,discontinued,Gray,5.6,188x113x124cm,Battery,Cardiovascular Stents,Zimmer Biomet,Boston Scientific Corp
PROD-11059,ECG Monitor,ECG Monitor is a high-quality product.,40798.63,EUR,in stock,Black,11.95,121x163x41cm,Battery,Respirators,Johnson & Johnson,Medtronic Inc
PROD-42310,Holter Monitor,Holter Monitor is a high-quality product.,16538.83,GBP,discontinued,Gray,72.73,57x109x58cm,120-240V,Cardiovascular Stents,Drager,Olympus Corp
PROD-73548,Operating Microscope,Operating Microscope is a high-quality product.,33072.72,GBP,discontinued,Blue,29.94,166x171x33cm,220V,Regenerative Medicine Scaffolds,Johnson & Johnson,Abbott Laboratories
PROD-44826,ECG Monitor,ECG Monitor is a high-quality product.,10882.06,USD,discontinued,Blue,83.31,28x41x134cm,Battery,Medical Examination Tables,GE,Siemens Healthineers
PROD-53331,Bone Densitometer,Bone Densitometer is a high-quality product.,18607.69,USD,out of stock,Gray,55.29,10x108x89cm,220V,Urology Ultrasound Probes,ACME,Medtronic Inc
PROD-42612,Holter Monitor,Holter Monitor is a high-quality product.,35741.26,USD,discontinued,White,2.88,187x63x19cm,220V,Medical Consumable Kits,Baxter,Hitachi Medical
PROD-58224,MRI Scanner,MRI Scanner is a high-quality product.,21109.4,GBP,backorder,Green,87.21,41x149x148cm,120-240V,Infusion Pumps,Johnson & Johnson,Dräger
PROD-57745,Incubator,Incubator is a high-quality product.,22528.02,GBP,in stock,Gray,73.83,175x69x186cm,220V,Plastic Surgery Lasers,Olympus,Philips Medical
PROD-54074,Mammography Unit,Mammography Unit is a high-quality product.,44738.2,USD,discontinued,Gray,35.85,57x109x58cm,Battery,Speech Therapy Devices,Roche,Dräger
PROD-75899,ECG Monitor,ECG Monitor is a high-quality product.,25920.8,EUR,backorder,White,16.99,34x131x123cm,Battery,Pulmonary Function Testers,Mindray,Fujifilm Healthcare
PROD-45466,Ventilator,Ventilator is a high-quality product.,5670.37,EUR,in stock,White,61.95,142x13x44cm,Battery,Laboratory Analyzers,Baxter,Shimadzu Medical
PROD-52909,Dialysis Machine,Dialysis Machine is a high-quality product.,43167.05,EUR,backorder,Gray,61.83,66x31x153cm,220V,Regenerative Medicine Scaffolds,BD,Dräger
PROD-35839,Ventilator,Ventilator is a high-quality product.,24593.42,EUR,backorder,White,65.96,94x89x82cm,Multi-Voltage,Speech Therapy Devices,3M,Medtronic Inc
PROD-40389,Patient Monitor,Patient Monitor is a high-quality product.,28980.27,EUR,out of stock,Blue,49.26,150x69x75cm,110V,Pulmonary Function Testers,Stryker,Mindray Bio-Medical
PROD-73827,Bone Densitometer,Bone Densitometer is a high-quality product.,3873.64,GBP,backorder,Black,80.74,195x183x41cm,Battery,Regenerative Medicine Scaffolds,GE,Dräger
PROD-94523,Dialysis Machine,Dialysis Machine is a high-quality product.,42433.72,EUR,backorder,Red,5.46,145x115x74cm,Multi-Voltage,Laboratory Analyzers,Johnson & Johnson,Philips Medical
PROD-70325,C-Arm X-Ray,C-Arm X-Ray is a high-quality product.,13674.12,GBP,discontinued,Red,67.35,123x33x91cm,110V,Medical Examination Tables,Medtronic,Stryker Corp
PROD-94246,Blood Analyzer,Blood Analyzer is a high-quality product.,38077.6,EUR,discontinued,Black,17.11,158x131x54cm,110V,Dental X-Ray Machines,3M,Siemens Healthineers
PROD-30994,Endoscope,Endoscope is a high-quality product.,39528.04,EUR,discontinued,White,89.13,102x179x157cm,120-240V,Speech Therapy Devices,Stryker,Stryker Corp
PROD-36338,C-Arm X-Ray,C-Arm X-Ray is a high-quality product.,13998.74,GBP,backorder,Blue,83.81,55x63x100cm,120-240V,Cardiovascular Stents,Medtronic,Canon Medical Systems
PROD-27835,Surgical Laser,Surgical Laser is a high-quality product.,28898.28,GBP,out of stock,Gray,61.89,66x133x169cm,Battery,Nephroscopes,BD,Zimmer Biomet Holdings
PROD-45439,Surgical Laser,Surgical Laser is a high-quality product.,38001.73,EUR,discontinued,Red,35.77,101x79x147cm,120-240V,Infusion Pumps,ACME,Siemens Healthineers
PROD-83123,Blood Analyzer,Blood Analyzer is a high-quality product.,33005.06,GBP,discontinued,White,36.4,70x88x193cm,Battery,Plastic Surgery Lasers,Roche,Medtronic Inc
PROD-66534,Infusion Pump,Infusion Pump is a high-quality product.,31362.65,USD,discontinued,White,17.11,70x188x60cm,Multi-Voltage,Lasers,Zimmer Biomet,Baxter International
PROD-12185,Anesthesia Machine,Anesthesia Machine is a high-quality product.,16008.26,EUR,in stock,Black,29.35,144x120x137cm,Battery,Palliative Care Beds,B.Braun,GE Healthcare
PROD-11843,Ventilator,Ventilator is a high-quality product.,38687.58,EUR,out of stock,Red,18.19,60x80x11cm,110V,Cardiovascular Stents,Mindray,Fujifilm Healthcare
PROD-52885,ECG Monitor,ECG Monitor is a high-quality product.,12986.4,EUR,backorder,Red,65.96,133x82x116cm,Multi-Voltage,Speech Therapy Devices,Baxter,B.Braun Melsungen
PROD-67127,Endoscope,Endoscope is a high-quality product.,47435.51,EUR,discontinued,Yellow,25.66,64x12x109cm,Multi-Voltage,Physical Therapy Equipment,Johnson & Johnson,Dräger
PROD-59767,Respirator,Respirator is a high-quality product.,38778.87,USD,in stock,Black,11.34,119x149x143cm,120-240V,Dental X-Ray Machines,Baxter,Dräger
PROD-51621,CT Scanner,CT Scanner is a high-quality product.,37201.27,USD,out of stock,Green,71.83,135x19x51cm,Multi-Voltage,Nephroscopes,Abbott,Dräger
PROD-15599,ECG Monitor,ECG Monitor is a high-quality product.,41499.65,GBP,discontinued,Blue,49.66,200x76x55cm,220V,Urology Ultrasound Probes,Stryker,B.Braun Melsungen
PROD-48856,Anesthesia Machine,Anesthesia Machine is a high-quality product.,9874.78,USD,backorder,Black,29.29,146x165x100cm,120-240V,Medical Consumable Kits,Medtronic,Abbott Laboratories
PROD-36412,Surgical Laser,Surgical Laser is a high-quality product.,24624.42,USD,out of stock,Blue,81.91,121x149x117cm,120-240V,Intensive Care Monitors,GE,Johnson & Johnson Medical
PROD-24103,Infusion Pump,Infusion Pump is a high-quality product.,6188.68,USD,in stock,Green,8.37,56x51x188cm,120-240V,Laboratory Analyzers,Siemens,Medtronic Inc
PROD-22808,Mammography Unit,Mammography Unit is a high-quality product.,43007.8,GBP,discontinued,White,74.74,200x124x140cm,Multi-Voltage,Infusion Pumps,Roche,Roche Diagnostics
PROD-28959,Ventilator,Ventilator is a high-quality product.,41368.44,USD,in stock,Blue,37.87,43x22x87cm,120-240V,Cardiac Monitors,Baxter,B.Braun Melsungen
PROD-84886,Holter Monitor,Holter Monitor is a high-quality product.,9556.9,USD,in stock,Blue,39.04,192x180x185cm,Battery,ECG Machines,Boston Scientific,Zimmer Biomet Holdings
PROD-39223,Surgical Laser,Surgical Laser is a high-quality product.,30392.71,USD,discontinued,Red,85.17,122x129x99cm,110V,Medical Consumable Kits,Hitachi Healthcare,Shimadzu Medical
PROD-64749,Respirator,Respirator is a high-quality product.,20384.23,USD,in stock,Black,27.61,30x122x120cm,Battery,Dental X-Ray Machines,Hitachi Healthcare,Fujifilm Healthcare
PROD-78196,Patient Monitor,Patient Monitor is a high-quality product.,47922.41,GBP,discontinued,Blue,40.58,121x149x117cm,220V,Physical Therapy Equipment,Drager,Philips Medical
PROD-48521,Blood Analyzer,Blood Analyzer is a high-quality product.,20120.73,EUR,backorder,Black,37.87,165x195x75cm,Multi-Voltage,Biotechnology Reactors,Boston Scientific,Hitachi Medical
PROD-47798,Incubator,Incubator is a high-quality product.,33700.8,EUR,in stock,Yellow,72.69,38x161x109cm,Battery,Nephroscopes,Philips,Roche Diagnostics
PROD-11573,MRI Scanner,MRI Scanner is a high-quality product.,43872.97,EUR,out of stock,White,91.51,104x46x125cm,220V,Lasers,3M,Hitachi Medical
PROD-58317,Ventilator,Ventilator is a high-quality product.,18918.06,EUR,backorder,Green,20.18,11x169x114cm,Multi-Voltage,ECG Machines,Johnson & Johnson,B.Braun Melsungen
PROD-39980,Anesthesia Machine,Anesthesia Machine is a high-quality product.,7730.61,USD,discontinued,Gray,51.78,63x123x136cm,110V,Dental X-Ray Machines,B.Braun,Boston Scientific Corp
PROD-64788,Blood Analyzer,Blood Analyzer is a high-quality product.,37595.33,GBP,discontinued,Black,64.41,75x23x99cm,Battery,Nephroscopes,Hitachi Healthcare,Abbott Laboratories
PROD-38862,CT Scanner,CT Scanner is a high-quality product.,16145.42,USD,discontinued,White,97.22,53x91x55cm,Multi-Voltage,Dental X-Ray Machines,Mindray,Olympus Corp
PROD-93420,C-Arm X-Ray,C-Arm X-Ray is a high-quality product.,23699.4,EUR,out of stock,Black,48.12,141x105x60cm,Multi-Voltage,Nephroscopes,Zimmer Biomet,B.Braun Melsungen
PROD-98522,Endoscope,Endoscope is a high-quality product.,2157.97,EUR,out of stock,Black,80.91,112x84x192cm,Battery,Palliative Care Beds,BD,Boston Scientific Corp
PROD-65114,MRI Scanner,MRI Scanner is a high-quality product.,18994.92,EUR,backorder,Yellow,86.05,29x15x155cm,Battery,Intensive Care Monitors,Baxter,Hitachi Medical
PROD-70633,Defibrillator,Defibrillator is a high-quality product.,32839.93,GBP,discontinued,Blue,28.17,186x197x103cm,Battery,Urology Ultrasound Probes,Medtronic,Stryker Corp
PROD-40209,C-Arm X-Ray,C-Arm X-Ray is a high-quality product.,47315.98,GBP,discontinued,Gray,23.52,21x145x156cm,120-240V,Cardiac Monitors,BD,Stryker Corp
PROD-32925,Sterilizer,Sterilizer is a high-quality product.,39845.26,USD,discontinued,Gray,52.91,42x22x56cm,110V,Infusion Pumps,Canon Medical,Boston Scientific Corp
PROD-51361,Surgical Laser,Surgical Laser is a high-quality product.,22551.32,EUR,in stock,Green,29.73,124x196x176cm,120-240V,Physical Therapy Equipment,Olympus,Canon Medical Systems
PROD-17948,Sterilizer,Sterilizer is a high-quality product.,31588.36,GBP,out of stock,Black,56.36,29x104x108cm,220V,Medical Examination Tables,Philips,Baxter International
PROD-87628,X-Ray Machine,X-Ray Machine is a high-quality product.,16985.73,USD,out of stock,Green,79.71,65x18x23cm,120-240V,Laboratory Analyzers,Baxter,Canon Medical Systems
PROD-38547,CT Scanner,CT Scanner is a high-quality product.,31760.95,USD,out of stock,Yellow,83.31,64x12x109cm,Battery,Medical Examination Tables,Drager,Medtronic Inc
PROD-78957,Dialysis Machine,Dialysis Machine is a high-quality product.,1033.45,GBP,out of stock,Black,18.98,75x32x96cm,Multi-Voltage,Infusion Pumps,Stryker,Shimadzu Medical
PROD-99299,Surgical Laser,Surgical Laser is a high-quality product.,24013.41,GBP,out of stock,Blue,47.86,53x91x55cm,110V,Dental X-Ray Machines,Medtronic,Medtronic Inc
PROD-76675,Electrosurgical Unit,Electrosurgical Unit is a high-quality product.,32505.88,EUR,in stock,Green,72.44,10x33x192cm,Multi-Voltage,Physical Therapy Equipment,Zimmer Biomet,Johnson & Johnson Medical
PROD-48817,X-Ray Machine,X-Ray Machine is a high-quality product.,47908.61,EUR,out of stock,Gray,41.38,183x16x121cm,Multi-Voltage,Infusion Pumps,Zimmer Biomet,Siemens Healthineers
PROD-54132,Sterilizer,Sterilizer is a high-quality product.,22703.51,GBP,out of stock,Yellow,59.88,29x90x149cm,120-240V,Respirators,Zimmer Biomet,Canon Medical Systems
PROD-71348,Sterilizer,Sterilizer is a high-quality product.,7517.09,GBP,discontinued,Green,16.8,28x160x12cm,Battery,Infusion Pumps,Johnson & Johnson,Dräger
PROD-46952,Operating Microscope,Operating Microscope is a high-quality product.,35872.79,EUR,out of stock,Yellow,39.34,77x166x85cm,220V,Plastic Surgery Lasers,Philips,Hitachi Medical
PROD-49897,Surgical Robot,Surgical Robot is a high-quality product.,23018.87,EUR,discontinued,Gray,85.98,121x136x72cm,120-240V,ECG Machines,Olympus,Mindray Bio-Medical
PROD-16621,C-Arm X-Ray,C-Arm X-Ray is a high-quality product.,25588.32,USD,in stock,Gray,35.42,95x120x192cm,Multi-Voltage,Physical Therapy Equipment,Mindray,B.Braun Melsungen
PROD-98770,Holter Monitor,Holter Monitor is a high-quality product.,46446.55,USD,out of stock,Gray,16.44,57x187x135cm,120-240V,Cardiovascular Stents,Olympus,Mindray Bio-Medical
PROD-86783,Sterilizer,Sterilizer is a high-quality product.,30653.31,EUR,backorder,Black,21.63,137x55x144cm,220V,Pulmonary Function Testers,Philips,Abbott Laboratories
PROD-70730,Surgical Robot,Surgical Robot is a high-quality product.,38453.25,USD,out of stock,Black,85.61,193x147x146cm,Multi-Voltage,Biotechnology Reactors,Hitachi Healthcare,Philips Medical
PROD-69169,Dialysis Machine,Dialysis Machine is a high-quality product.,40954.94,GBP,in stock,White,56.52,142x13x44cm,120-240V,Medical Examination Tables,GE,B.Braun Melsungen
PROD-82732,Endoscope,Endoscope is a high-quality product.,3072.79,GBP,backorder,Green,75.67,52x108x79cm,Multi-Voltage,Nephroscopes,Mindray,Zimmer Biomet Holdings
PROD-26431,Dialysis Machine,Dialysis Machine is a high-quality product.,24940.17,USD,backorder,Red,56.36,182x88x105cm,110V,Plastic Surgery Lasers,Roche,Canon Medical Systems
PROD-19315,CT Scanner,CT Scanner is a high-quality product.,38403.07,USD,backorder,Gray,92.27,118x106x119cm,120-240V,Nephroscopes,Siemens,Medtronic Inc
PROD-26581,Dialysis Machine,Dialysis Machine is a high-quality product.,41326.03,EUR,out of stock,Black,69.84,127x85x93cm,220V,Intensive Care Monitors,Zimmer Biomet,Boston Scientific Corp
PROD-97885,Incubator,Incubator is a high-quality product.,19484.05,EUR,discontinued,Yellow,12.32,175x172x16cm,220V,Cardiac Monitors,ACME,Baxter International
PROD-21103,Surgical Robot,Surgical Robot is a high-quality product.,4441.04,GBP,in stock,Blue,73.24,27x95x10cm,220V,Lasers,Roche,Stryker Corp
PROD-31640,Operating Microscope,Operating Microscope is a high-quality product.,42132.83,EUR,backorder,Green,2.85,109x136x103cm,Multi-Voltage,Nephroscopes,3M,Abbott Laboratories
PROD-27294,Dialysis Machine,Dialysis Machine is a high-quality product.,25036.0,EUR,discontinued,White,87.4,25x186x95cm,Multi-Voltage,Speech Therapy Devices,Siemens,Terumo
PROD-35602,Holter Monitor,Holter Monitor is a high-quality product.,19999.96,GBP,discontinued,Gray,83.81,35x114x193cm,110V,Medical Consumable Kits,Stryker,Zimmer Biomet Holdings
PROD-75684,Surgical Laser,Surgical Laser is a high-quality product.,29405.45,EUR,out of stock,Red,83.14,41x99x37cm,Battery,Respirators,Zimmer Biomet,B.Braun Melsungen
PROD-32701,Incubator,Incubator is a high-quality product.,43122.96,GBP,out of stock,Yellow,59.21,176x95x60cm,Multi-Voltage,Plastic Surgery Lasers,Johnson & Johnson,Medtronic Inc
PROD-91394,Anesthesia Machine,Anesthesia Machine is a high-quality product.,24922.01,GBP,out of stock,Gray,55.86,147x114x24cm,Battery,Intensive Care Monitors,GE,GE Healthcare
PROD-11528,Ultrasound Machine,Ultrasound Machine is a high-quality product.,37499.61,USD,backorder,Green,29.35,126x144x75cm,110V,Physical Therapy Equipment,Drager,Stryker Corp
PROD-97643,Sterilizer,Sterilizer is a high-quality product.,32696.16,GBP,backorder,Yellow,45.89,163x62x171cm,120-240V,Speech Therapy Devices,Mindray,GE Healthcare
PROD-93725,Sterilizer,Sterilizer is a high-quality product.,42587.6,EUR,in stock,Black,92.41,117x112x121cm,120-240V,Nephroscopes,B.Braun,Johnson & Johnson Medical
PROD-63774,C-Arm X-Ray,C-Arm X-Ray is a high-quality product.,11734.77,EUR,discontinued,Black,68.39,80x77x82cm,Multi-Voltage,Intensive Care Monitors,Stryker,Zimmer Biomet Holdings
PROD-84227,Ventilator,Ventilator is a high-quality product.,10252.41,GBP,discontinued,White,18.85,159x113x144cm,Multi-Voltage,Physical Therapy Equipment,Philips,Canon Medical Systems
PROD-16566,MRI Scanner,MRI Scanner is a high-quality product.,27566.77,USD,discontinued,Blue,95.82,78x53x89cm,Multi-Voltage,Regenerative Medicine Scaffolds,GE,Olympus Corp
PROD-52280,Electrosurgical Unit,Electrosurgical Unit is a high-quality product.,34827.76,USD,backorder,White,6.4,107x103x38cm,120-240V,Palliative Care Beds,Hitachi Healthcare,Medtronic Inc
PROD-83868,Anesthesia Machine,Anesthesia Machine is a high-quality product.,7628.6,EUR,in stock,Gray,26.38,23x47x157cm,Multi-Voltage,Cardiovascular Stents,ACME,Johnson & Johnson Medical
PROD-44864,Endoscope,Endoscope is a high-quality product.,24130.14,EUR,backorder,Gray,12.28,28x160x12cm,110V,Urology Ultrasound Probes,BD,Baxter International
PROD-18403,Electrosurgical Unit,Electrosurgical Unit is a high-quality product.,29309.89,EUR,in stock,Green,73.06,160x107x69cm,Multi-Voltage,Nephroscopes,GE,B.Braun Melsungen
PROD-32714,Operating Microscope,Operating Microscope is a high-quality product.,12583.33,GBP,out of stock,Yellow,80.23,141x105x60cm,Multi-Voltage,Cardiovascular Stents,Philips,Boston Scientific Corp
PROD-26625,CT Scanner,CT Scanner is a high-quality product.,44384.86,EUR,out of stock,Black,80.86,197x105x89cm,220V,Respirators,ACME,Olympus Corp
PROD-75055,Anesthesia Machine,Anesthesia Machine is a high-quality product.,42495.84,USD,in stock,White,86.22,126x103x57cm,220V,Urology Ultrasound Probes,Abbott,Shimadzu Medical
PROD-74936,Respirator,Respirator is a high-quality product.,31886.46,USD,backorder,Green,75.67,63x123x136cm,120-240V,Palliative Care Beds,ACME,B.Braun Melsungen
PROD-32359,Patient Monitor,Patient Monitor is a high-quality product.,4181.45,USD,in stock,Gray,25.03,25x136x32cm,Battery,Cardiac Monitors,Drager,Medtronic Inc
PROD-34204,MRI Scanner,MRI Scanner is a high-quality product.,13592.53,GBP,discontinued,Black,68.39,53x91x55cm,120-240V,Biotechnology Reactors,Olympus,Philips Medical
PROD-22323,Dialysis Machine,Dialysis Machine is a high-quality product.,47479.42,GBP,discontinued,White,41.38,196x37x90cm,Battery,Infusion Pumps,Hitachi Healthcare,Hitachi Medical
PROD-12136,Infusion Pump,Infusion Pump is a high-quality product.,30611.02,EUR,backorder,Black,74.74,162x114x114cm,110V,Cardiovascular Stents,GE,Johnson & Johnson Medical
PROD-26429,Infusion Pump,Infusion Pump is a high-quality product.,47812.04,USD,in stock,Green,8.73,94x138x176cm,Battery,Physical Therapy Equipment,Abbott,Fujifilm Healthcare
PROD-45062,Respirator,Respirator is a high-quality product.,26126.54,USD,discontinued,Green,42.77,62x53x156cm,Battery,Respirators,Zimmer Biomet,Baxter International
PROD-29115,CT Scanner,CT Scanner is a high-quality product.,19266.04,USD,in stock,Blue,7.44,56x59x58cm,110V,Nephroscopes,Stryker,Johnson & Johnson Medical
PROD-45611,CT Scanner,CT Scanner is a high-quality product.,5080.4,USD,in stock,Yellow,35.77,34x131x123cm,110V,Intensive Care Monitors,Stryker,Fujifilm Healthcare
PROD-29937,ECG Monitor,ECG Monitor is a high-quality product.,1663.47,GBP,out of stock,Black,43.1,172x17x84cm,Multi-Voltage,Infusion Pumps,Zimmer Biomet,Stryker Corp
PROD-73950,Patient Monitor,Patient Monitor is a high-quality product.,15199.46,EUR,backorder,White,86.71,170x94x187cm,Battery,Biotechnology Reactors,Johnson & Johnson,Stryker Corp
PROD-21368,Bone Densitometer,Bone Densitometer is a high-quality product.,29012.58,GBP,out of stock,Blue,30.06,65x18x23cm,220V,Biotechnology Reactors,Hitachi Healthcare,B.Braun Melsungen
PROD-60764,CT Scanner,CT Scanner is a high-quality product.,6410.5,GBP,out of stock,White,22.8,127x197x123cm,120-240V,Lasers,B.Braun,Canon Medical Systems
PROD-19190,C-Arm X-Ray,C-Arm X-Ray is a high-quality product.,49888.14,USD,in stock,White,79.91,146x151x25cm,110V,Biotechnology Reactors,Medtronic,Mindray Bio-Medical
PROD-98354,Mammography Unit,Mammography Unit is a high-quality product.,18278.05,GBP,discontinued,Black,43.42,100x151x146cm,220V,Respirators,3M,Dräger
PROD-98376,ECG Monitor,ECG Monitor is a high-quality product.,9746.84,USD,out of stock,Red,79.49,186x164x195cm,Battery,ECG Machines,Drager,Mindray Bio-Medical
PROD-15930,MRI Scanner,MRI Scanner is a high-quality product.,8208.13,EUR,in stock,Gray,18.98,96x24x120cm,120-240V,Pulmonary Function Testers,BD,Baxter International
PROD-83621,Sterilizer,Sterilizer is a high-quality product.,7422.77,EUR,out of stock,Green,21.83,78x110x87cm,120-240V,Respirators,GE,Roche Diagnostics
PROD-66664,Mammography Unit,Mammography Unit is a high-quality product.,23318.51,EUR,out of stock,Black,82.73,79x191x159cm,120-240V,Medical Examination Tables,GE,Roche Diagnostics
PROD-68297,X-Ray Machine,X-Ray Machine is a high-quality product.,17946.61,GBP,backorder,Yellow,15.62,162x158x127cm,Multi-Voltage,Urology Ultrasound Probes,ACME,Baxter International
PROD-29484,Incubator,Incubator is a high-quality product.,3425.4,USD,in stock,White,52.91,184x129x106cm,120-240V,Medical Examination Tables,Johnson & Johnson,Boston Scientific Corp
PROD-52606,Mammography Unit,Mammography Unit is a high-quality product.,43554.89,GBP,out of stock,Blue,5.53,89x155x51cm,110V,Medical Examination Tables,Siemens,Fujifilm Healthcare
PROD-39373,Radiation Therapy System,Radiation Therapy System is a high-quality product.,4370.9,USD,in stock,Black,20.32,186x131x164cm,120-240V,Medical Examination Tables,Hitachi Healthcare,Siemens Healthineers
PROD-27964,Respirator,Respirator is a high-quality product.,8227.4,USD,out of stock,Blue,17.6,186x146x193cm,Multi-Voltage,Cardiac Monitors,Medtronic,Siemens Healthineers
PROD-47584,Radiation Therapy System,Radiation Therapy System is a high-quality product.,38593.99,USD,backorder,Yellow,25.66,105x175x28cm,110V,Cardiac Monitors,Zimmer Biomet,Abbott Laboratories
PROD-47021,Operating Microscope,Operating Microscope is a high-quality product.,4784.84,USD,out of stock,White,18.98,97x137x78cm,110V,Laboratory Analyzers,Drager,Hitachi Medical
PROD-54230,Ultrasound Machine,Ultrasound Machine is a high-quality product.,4722.35,EUR,in stock,Yellow,47.0,97x137x78cm,110V,Nephroscopes,Abbott,Siemens Healthineers
PROD-69864,Electrosurgical Unit,Electrosurgical Unit is a high-quality product.,38910.28,GBP,in stock,Yellow,97.43,48x125x100cm,Battery,Speech Therapy Devices,Philips,Canon Medical Systems
PROD-33749,ECG Monitor,ECG Monitor is a high-quality product.,17187.16,USD,in stock,Red,18.98,133x82x116cm,220V,Cardiac Monitors,Mindray,GE Healthcare
PROD-61928,Surgical Laser,Surgical Laser is a high-quality product.,18210.4,GBP,out of stock,Gray,94.11,107x148x179cm,220V,Plastic Surgery Lasers,ACME,Olympus Corp
PROD-44573,Ultrasound Machine,Ultrasound Machine is a high-quality product.,39972.26,GBP,in stock,Red,83.14,147x106x83cm,110V,Urology Ultrasound Probes,Medtronic,Stryker Corp
PROD-57792,Electrosurgical Unit,Electrosurgical Unit is a high-quality product.,49368.0,GBP,out of stock,White,32.66,102x112x92cm,Multi-Voltage,Plastic Surgery Lasers,B.Braun,Shimadzu Medical
PROD-16878,Radiation Therapy System,Radiation Therapy System is a high-quality product.,7562.87,EUR,backorder,White,97.43,176x95x60cm,Multi-Voltage,Medical Consumable Kits,Johnson & Johnson,Hitachi Medical
PROD-81050,Anesthesia Machine,Anesthesia Machine is a high-quality product.,9579.42,USD,in stock,Yellow,97.43,117x49x121cm,Multi-Voltage,Laboratory Analyzers,ACME,Johnson & Johnson Medical
PROD-83967,Operating Microscope,Operating Microscope is a high-quality product.,3458.95,EUR,backorder,Black,96.33,62x124x167cm,110V,Plastic Surgery Lasers,3M,Dräger
PROD-11427,Dialysis Machine,Dialysis Machine is a high-quality product.,31003.5,GBP,out of stock,White,32.02,142x112x157cm,Battery,Plastic Surgery Lasers,Johnson & Johnson,Dräger
PROD-42493,ECG Monitor,ECG Monitor is a high-quality product.,39971.46,EUR,backorder,Gray,6.32,125x30x184cm,Multi-Voltage,Lasers,Olympus,GE Healthcare
PROD-64210,Electrosurgical Unit,Electrosurgical Unit is a high-quality product.,45053.06,USD,out of stock,Red,14.39,103x90x17cm,120-240V,Lasers,Baxter,Mindray Bio-Medical
PROD-59001,Ventilator,Ventilator is a high-quality product.,32402.23,EUR,out of stock,Green,86.72,105x175x28cm,110V,Physical Therapy Equipment,Boston Scientific,B.Braun Melsungen
PROD-47320,Holter Monitor,Holter Monitor is a high-quality product.,46631.84,GBP,discontinued,White,88.22,190x102x125cm,120-240V,Laboratory Analyzers,Hitachi Healthcare,Shimadzu Medical
PROD-13838,Infusion Pump,Infusion Pump is a high-quality product.,6918.67,GBP,out of stock,Green,3.27,142x112x157cm,110V,Biotechnology Reactors,Olympus,Dräger
PROD-66307,Bone Densitometer,Bone Densitometer is a high-quality product.,20050.66,USD,discontinued,Gray,16.99,89x99x14cm,120-240V,Lasers,Philips,Canon Medical Systems
PROD-32366,Incubator,Incubator is a high-quality product.,28967.87,EUR,backorder,Blue,98.16,59x11x67cm,110V,Cardiac Monitors,Stryker,B.Braun Melsungen
PROD-63923,Mammography Unit,Mammography Unit is a high-quality product.,37171.22,EUR,in stock,Gray,74.9,190x102x125cm,Multi-Voltage,Cardiovascular Stents,B.Braun,Shimadzu Medical
PROD-15629,Anesthesia Machine,Anesthesia Machine is a high-quality product.,11639.04,EUR,discontinued,Yellow,33.81,184x129x106cm,110V,Speech Therapy Devices,Hitachi Healthcare,Dräger
PROD-60007,Mammography Unit,Mammography Unit is a high-quality product.,4999.96,EUR,backorder,Green,77.66,109x173x194cm,220V,Cardiac Monitors,Drager,Philips Medical
PROD-86064,MRI Scanner,MRI Scanner is a high-quality product.,5786.14,GBP,backorder,Black,69.13,127x198x31cm,Battery,Cardiac Monitors,Olympus,Johnson & Johnson Medical
PROD-63466,Ventilator,Ventilator is a high-quality product.,43591.1,GBP,in stock,Black,13.08,75x32x96cm,220V,Medical Examination Tables,GE,Medtronic Inc
PROD-30225,Defibrillator,Defibrillator is a high-quality product.,31253.61,EUR,backorder,Red,75.22,28x160x12cm,120-240V,Dental X-Ray Machines,BD,Olympus Corp
PROD-62525,Surgical Laser,Surgical Laser is a high-quality product.,11516.89,GBP,out of stock,White,97.65,59x77x131cm,120-240V,Pulmonary Function Testers,Olympus,Johnson & Johnson Medical
PROD-34437,Blood Analyzer,Blood Analyzer is a high-quality product.,15961.79,GBP,out of stock,Green,14.3,126x144x75cm,Battery,Respirators,Mindray,GE Healthcare
PROD-72916,Incubator,Incubator is a high-quality product.,37762.66,EUR,in stock,Gray,26.85,107x64x142cm,120-240V,Speech Therapy Devices,Stryker,Siemens Healthineers
PROD-29399,Anesthesia Machine,Anesthesia Machine is a high-quality product.,11644.96,EUR,backorder,White,85.5,116x34x200cm,220V,ECG Machines,Olympus,Roche Diagnostics
PROD-59328,Bone Densitometer,Bone Densitometer is a high-quality product.,34126.41,GBP,in stock,White,53.33,70x39x111cm,Battery,Lasers,Philips,Stryker Corp
PROD-38367,Patient Monitor,Patient Monitor is a high-quality product.,28345.94,EUR,out of stock,Green,40.07,92x23x57cm,Battery,Regenerative Medicine Scaffolds,GE,Stryker Corp
PROD-28509,Blood Analyzer,Blood Analyzer is a high-quality product.,42226.83,EUR,in stock,Red,60.08,41x149x148cm,120-240V,Physical Therapy Equipment,Philips,Terumo
PROD-32197,Infusion Pump,Infusion Pump is a high-quality product.,27573.41,USD,discontinued,Gray,41.16,135x19x51cm,220V,Medical Consumable Kits,B.Braun,Stryker Corp
PROD-95043,ECG Monitor,ECG Monitor is a high-quality product.,42557.24,USD,discontinued,White,32.86,59x77x131cm,220V,Medical Examination Tables,Abbott,Johnson & Johnson Medical
PROD-88778,Respirator,Respirator is a high-quality product.,8843.17,USD,discontinued,Blue,91.97,194x199x155cm,110V,Cardiac Monitors,B.Braun,Olympus Corp
PROD-83391,X-Ray Machine,X-Ray Machine is a high-quality product.,19797.96,USD,in stock,Yellow,99.09,162x172x12cm,Battery,Speech Therapy Devices,Canon Medical,Medtronic Inc
PROD-45857,Electrosurgical Unit,Electrosurgical Unit is a high-quality product.,40794.72,USD,in stock,Gray,64.54,127x192x124cm,Multi-Voltage,Medical Examination Tables,Hitachi Healthcare,Shimadzu Medical
PROD-90364,Ventilator,Ventilator is a high-quality product.,31360.85,EUR,out of stock,Yellow,80.18,186x131x164cm,Multi-Voltage,Biotechnology Reactors,Roche,Johnson & Johnson Medical
PROD-60677,C-Arm X-Ray,C-Arm X-Ray is a high-quality product.,18958.51,EUR,in stock,White,83.15,95x15x121cm,220V,Infusion Pumps,Zimmer Biomet,Terumo
PROD-82029,Mammography Unit,Mammography Unit is a high-quality product.,3480.8,EUR,out of stock,Yellow,47.46,133x141x21cm,Battery,Biotechnology Reactors,Baxter,Stryker Corp
PROD-59959,Holter Monitor,Holter Monitor is a high-quality product.,24747.53,EUR,in stock,Gray,94.11,41x99x37cm,110V,Regenerative Medicine Scaffolds,Philips,Dräger
PROD-30035,Incubator,Incubator is a high-quality product.,11714.28,EUR,out of stock,Blue,56.59,168x135x65cm,Battery,Medical Examination Tables,Roche,Shimadzu Medical
PROD-97645,MRI Scanner,MRI Scanner is a high-quality product.,6136.04,EUR,out of stock,Black,72.51,144x24x113cm,Battery,Cardiovascular Stents,Hitachi Healthcare,Canon Medical Systems
PROD-82222,Respirator,Respirator is a high-quality product.,39842.1,USD,discontinued,Gray,56.36,64x23x145cm,Multi-Voltage,Urology Ultrasound Probes,Hitachi Healthcare,Stryker Corp
PROD-13643,Operating Microscope,Operating Microscope is a high-quality product.,7401.16,GBP,backorder,Gray,44.15,160x148x75cm,220V,Palliative Care Beds,BD,GE Healthcare
PROD-42866,Endoscope,Endoscope is a high-quality product.,42435.2,EUR,backorder,Red,29.05,152x43x104cm,120-240V,Cardiac Monitors,Abbott,Philips Medical
PROD-70891,Incubator,Incubator is a high-quality product.,23890.52,GBP,in stock,Green,79.06,162x114x114cm,220V,Pulmonary Function Testers,ACME,Baxter International
PROD-15345,Surgical Robot,Surgical Robot is a high-quality product.,11419.78,USD,in stock,Gray,7.48,10x197x117cm,Battery,Medical Consumable Kits,3M,Mindray Bio-Medical
PROD-50708,Infusion Pump,Infusion Pump is a high-quality product.,8172.02,USD,in stock,Black,92.41,121x100x114cm,220V,Speech Therapy Devices,Canon Medical,Philips Medical
PROD-35537,Dialysis Machine,Dialysis Machine is a high-quality product.,31235.33,GBP,out of stock,Green,12.28,128x33x188cm,120-240V,Speech Therapy Devices,Drager,Dräger
PROD-34592,Electrosurgical Unit,Electrosurgical Unit is a high-quality product.,40177.14,GBP,backorder,Black,63.94,77x166x85cm,Battery,Regenerative Medicine Scaffolds,Siemens,Roche Diagnostics
PROD-79778,Blood Analyzer,Blood Analyzer is a high-quality product.,49604.17,GBP,backorder,Black,82.46,126x71x158cm,120-240V,Intensive Care Monitors,Olympus,Dräger
PROD-55140,Patient Monitor,Patient Monitor is a high-quality product.,35781.13,USD,in stock,Blue,40.07,194x33x135cm,110V,Cardiovascular Stents,Philips,Baxter International
PROD-63237,Holter Monitor,Holter Monitor is a high-quality product.,27739.24,USD,discontinued,Gray,67.35,170x109x148cm,110V,Cardiac Monitors,Drager,Medtronic Inc
PROD-66211,CT Scanner,CT Scanner is a high-quality product.,41422.69,USD,backorder,Green,74.95,172x168x81cm,220V,Plastic Surgery Lasers,Stryker,Canon Medical Systems
PROD-84790,Holter Monitor,Holter Monitor is a high-quality product.,39114.74,GBP,backorder,Gray,43.17,124x97x115cm,Battery,Speech Therapy Devices,Abbott,Olympus Corp
PROD-53736,Surgical Robot,Surgical Robot is a high-quality product.,40636.08,USD,in stock,Red,38.8,179x86x182cm,Battery,Pulmonary Function Testers,Drager,Boston Scientific Corp
PROD-51088,Surgical Laser,Surgical Laser is a high-quality product.,25233.52,EUR,in stock,Red,5.53,180x76x46cm,Multi-Voltage,Speech Therapy Devices,Abbott,Shimadzu Medical
PROD-96866,Bone Densitometer,Bone Densitometer is a high-quality product.,21033.88,EUR,backorder,White,89.13,147x114x24cm,Multi-Voltage,Infusion Pumps,Boston Scientific,Terumo
PROD-34809,Anesthesia Machine,Anesthesia Machine is a high-quality product.,2394.51,EUR,in stock,Green,57.39,126x51x154cm,Multi-Voltage,Medical Consumable Kits,Baxter,Johnson & Johnson Medical
PROD-21354,ECG Monitor,ECG Monitor is a high-quality product.,33567.23,USD,out of stock,Black,54.8,179x86x182cm,220V,Respirators,3M,Fujifilm Healthcare
PROD-50592,Incubator,Incubator is a high-quality product.,5950.28,GBP,out of stock,White,81.26,172x168x81cm,Battery,Nephroscopes,Medtronic,Boston Scientific Corp
PROD-10229,Radiation Therapy System,Radiation Therapy System is a high-quality product.,6795.51,GBP,backorder,Red,79.06,121x149x117cm,Multi-Voltage,Palliative Care Beds,Hitachi Healthcare,Shimadzu Medical
PROD-16885,Blood Analyzer,Blood Analyzer is a high-quality product.,29835.35,USD,in stock,Gray,16.98,196x79x154cm,Multi-Voltage,Plastic Surgery Lasers,BD,B.Braun Melsungen
PROD-91824,Respirator,Respirator is a high-quality product.,22949.5,USD,in stock,Gray,58.08,50x158x188cm,220V,Cardiovascular Stents,B.Braun,Roche Diagnostics
PROD-29674,Holter Monitor,Holter Monitor is a high-quality product.,24095.96,EUR,discontinued,Yellow,74.41,165x195x75cm,120-240V,Speech Therapy Devices,Boston Scientific,Olympus Corp
PROD-63814,Blood Analyzer,Blood Analyzer is a high-quality product.,43480.97,EUR,in stock,Black,97.96,63x166x66cm,Multi-Voltage,Physical Therapy Equipment,Canon Medical,Medtronic Inc
PROD-78986,CT Scanner,CT Scanner is a high-quality product.,14046.64,EUR,in stock,Black,63.51,41x35x163cm,Battery,Palliative Care Beds,B.Braun,Olympus Corp
PROD-33977,CT Scanner,CT Scanner is a high-quality product.,2482.79,EUR,discontinued,Red,56.07,177x98x107cm,220V,Biotechnology Reactors,Olympus,Philips Medical
PROD-22828,Incubator,Incubator is a high-quality product.,15518.83,USD,backorder,Gray,29.43,107x166x42cm,220V,Palliative Care Beds,Stryker,Canon Medical Systems
PROD-26605,Mammography Unit,Mammography Unit is a high-quality product.,32049.57,USD,discontinued,Yellow,82.18,172x17x84cm,220V,Plastic Surgery Lasers,Canon Medical,Abbott Laboratories
PROD-82175,Dialysis Machine,Dialysis Machine is a high-quality product.,24262.33,GBP,in stock,White,22.22,104x88x18cm,Multi-Voltage,Medical Consumable Kits,Mindray,Dräger
PROD-81274,Endoscope,Endoscope is a high-quality product.,29271.44,EUR,in stock,Blue,68.41,162x154x120cm,220V,Plastic Surgery Lasers,BD,Medtronic Inc
PROD-82310,C-Arm X-Ray,C-Arm X-Ray is a high-quality product.,27625.64,EUR,out of stock,White,21.62,166x171x33cm,110V,Dental X-Ray Machines,GE,Fujifilm Healthcare
PROD-28623,X-Ray Machine,X-Ray Machine is a high-quality product.,8221.1,USD,discontinued,Red,56.6,63x166x66cm,110V,Respirators,3M,Dräger
PROD-75531,Anesthesia Machine,Anesthesia Machine is a high-quality product.,28112.47,USD,out of stock,Blue,23.52,25x136x32cm,Multi-Voltage,Infusion Pumps,Drager,Olympus Corp
PROD-23912,Patient Monitor,Patient Monitor is a high-quality product.,31699.21,EUR,out of stock,Black,15.29,142x38x166cm,220V,Biotechnology Reactors,BD,Siemens Healthineers
PROD-48085,C-Arm X-Ray,C-Arm X-Ray is a high-quality product.,43330.03,USD,backorder,White,31.36,86x34x72cm,Battery,Pulmonary Function Testers,ACME,Fujifilm Healthcare
PROD-27030,Respirator,Respirator is a high-quality product.,11126.1,GBP,out of stock,Blue,66.37,22x133x80cm,220V,Lasers,Abbott,Hitachi Medical
PROD-42726,C-Arm X-Ray,C-Arm X-Ray is a high-quality product.,12058.06,EUR,discontinued,Green,32.59,171x195x102cm,120-240V,Speech Therapy Devices,Boston Scientific,Terumo
