email,first_name,last_name,username,password,role,phone,status,birthdate,is_verified,profile_picture_url
lsbfmtp@gmail.com,Samantha,Howard,samhow999,$2b$12$JXOaT0gu3IZP8kExhT0FCb,customer,+39 (298) 375-6123,True,1957-06-01,False,https://cdn.biomedix.com/samhow999.png
phlpkji@mail.com,Autumn,Daniels,autdan948,$2b$12$RKxr6e8DF9dyckXj6zS9Qa,admin,+39 (906) 949-3278,False,1981-06-18,False,https://cdn.biomedix.com/autdan948.png
vcxgdgf@outlook.com,Connor,Mcdonald,conmcd621,$2b$12$MDzKtmPhBLNi1cxD9ajweP,customer,+49 (553) 659-3021,True,1955-08-29,True,https://cdn.biomedix.com/conmcd621.png
lxogysg@outlook.com,Alex,Diaz,aledia905,$2b$12$3MTFKwNEsN7LOthIYwMr6V,admin,+33 (974) 666-7791,True,2002-07-13,False,https://cdn.biomedix.com/aledia905.png
gearbut@mail.com,Victoria,Martin,vicmar334,$2b$12$O1Eb5dP4hdn1OW6SooiptR,customer,+1 (612) 280-3515,True,1956-06-06,False,https://cdn.biomedix.com/vicmar334.png
ztvsngx@mail.com,Evan,Tran,evatra368,$2b$12$WRAvaB5Agu7ySPUtlWLRqI,admin,+33 (124) 347-2265,True,1974-05-01,True,https://cdn.biomedix.com/evatra368.png
mzwetgm@gmail.com,Isaiah,Gonzales,isagon246,$2b$12$qJunghpSJVJAxFJe3TqZqP,customer,+33 (417) 540-5005,False,1959-07-29,True,https://cdn.biomedix.com/isagon246.png
yccxwli@mail.com,Ryan,Ortiz,ryaort404,$2b$12$lSjS0OLd0zwdCX7LtSyhcF,admin,+49 (136) 285-8242,False,1977-06-28,True,https://cdn.biomedix.com/ryaort404.png
wasegbj@outlook.com,Hailey,Peterson,haipet205,$2b$12$OhUCypBlCtt6eVjWSBOWmu,customer,+81 (570) 557-7904,False,1995-10-24,True,https://cdn.biomedix.com/haipet205.png
apzmtrw@mail.com,Abigail,Cole,abicol718,$2b$12$rBAOrsS9EJP7fgp3tMGf2k,customer,+33 (773) 192-7477,True,1998-11-07,True,https://cdn.biomedix.com/abicol718.png
ymgxzsh@yahoo.com,Peyton,Doe,peydoe487,$2b$12$Nk5BPJ5bMsGvE40TbVQx9r,admin,+41 (873) 622-6238,False,1952-08-06,False,https://cdn.biomedix.com/peydoe487.png
uyllflz@mail.com,Penelope,Ramos,penram451,$2b$12$SRuwdSQtQXUQUdY4d7Fh20,customer,+44 (725) 394-1919,False,1966-01-08,False,https://cdn.biomedix.com/penram451.png
kcgviub@yahoo.com,Morgan,Harrison,morhar571,$2b$12$NW5AzNhwjAeU9RqqNj1hJ9,customer,+41 (516) 600-6787,True,1995-02-09,False,https://cdn.biomedix.com/morhar571.png
decebls@gmail.com,Riley,Aguilar,rilagu871,$2b$12$rpDVL5BDXnU8p6ysJGXi66,customer,+39 (350) 678-3572,False,1960-09-28,False,https://cdn.biomedix.com/rilagu871.png
qfzuzgt@yahoo.com,Violet,Adams,vioada701,$2b$12$MeNFQ8Dd1Ao3LWmEeEZxbh,admin,+44 (180) 450-1738,False,1950-02-04,False,https://cdn.biomedix.com/vioada701.png
urfugdd@outlook.com,Ian,Chapman,iancha341,$2b$12$UVPcha3jlEeoQN92NcZm0X,admin,+34 (140) 528-6111,True,1984-08-01,True,https://cdn.biomedix.com/iancha341.png
nskivfi@gmail.com,Eli,Gordon,eligor637,$2b$12$2lt2en4f36W070WKrijkJx,admin,+41 (262) 464-7068,True,1951-12-29,True,https://cdn.biomedix.com/eligor637.png
fepctht@gmail.com,Charles,Palmer,chapal278,$2b$12$3gIGeQAVfXVVFWOc9Aa60G,customer,+49 (927) 261-4234,False,1996-12-31,True,https://cdn.biomedix.com/chapal278.png
feaohwv@yahoo.com,Christopher,Young,chryou919,$2b$12$j9MxRqAb28twKxRidQ6iqa,admin,+81 (316) 923-2057,True,2009-08-17,True,https://cdn.biomedix.com/chryou919.png
snsixqj@mail.com,Sofia,Dixon,sofdix495,$2b$12$digau1udAnxAME1LqNOFkr,customer,+39 (414) 990-7053,True,1967-06-07,False,https://cdn.biomedix.com/sofdix495.png
phookky@outlook.com,Emery,Vaughn,emevau948,$2b$12$LORb61Hshz91dcAFUxKi3e,admin,+34 (755) 924-6783,True,1953-02-01,False,https://cdn.biomedix.com/emevau948.png
sdxanyp@mail.com,Ethan,Payne,ethpay837,$2b$12$2sUKxmgzCKHTAgNNi64wJ9,customer,+49 (659) 418-6575,False,1957-01-05,True,https://cdn.biomedix.com/ethpay837.png
willzwq@gmail.com,Genesis,Parsons,genpar155,$2b$12$klmfop9yNovhpueRnlnDYS,customer,+81 (106) 317-9185,True,1962-10-13,False,https://cdn.biomedix.com/genpar155.png
qyvbqgx@gmail.com,Kinsley,Olson,kinols420,$2b$12$iJ3WUvreIi6OvvYLyx9HlT,customer,+39 (412) 373-6867,False,1976-01-11,True,https://cdn.biomedix.com/kinols420.png
uwsmspn@outlook.com,Colton,Riley,colril370,$2b$12$bYewXzqJbBwzL8MOkyDUog,admin,+34 (930) 453-7370,False,1995-06-25,False,https://cdn.biomedix.com/colril370.png
eiqnuit@outlook.com,Ezra,Perkins,ezrper454,$2b$12$jZQWBgzmzXRJDio2xAN4VJ,admin,+33 (226) 713-2228,False,1999-06-24,True,https://cdn.biomedix.com/ezrper454.png
dgsvqou@mail.com,Jeremiah,Castillo,jercas618,$2b$12$Nfy9mBpTBEJqKdWXqOXx7i,customer,+33 (241) 938-2608,True,1969-11-09,True,https://cdn.biomedix.com/jercas618.png
wehqurn@yahoo.com,Grace,Collins,gracol568,$2b$12$yCEe1a6lat2HkrxjBnb32o,customer,+39 (117) 819-7606,True,1989-07-10,False,https://cdn.biomedix.com/gracol568.png
fwlmarx@mail.com,Alice,Zimmerman,alizim521,$2b$12$4lOnb1rGL8rn4LlCZ8Pfd8,customer,+39 (695) 527-5838,True,1963-12-12,False,https://cdn.biomedix.com/alizim521.png
bwuzxqa@yahoo.com,Jane,Watson,janwat148,$2b$12$Hn9fwaKu1j9D2uSKyzPqbq,customer,+1 (879) 273-6785,True,1979-03-07,False,https://cdn.biomedix.com/janwat148.png
ygbzaze@outlook.com,Aria,Ruiz,arirui811,$2b$12$G927kGXSd6YJyZgcVd0Mgn,admin,+33 (182) 501-1657,True,1999-02-15,False,https://cdn.biomedix.com/arirui811.png
ooovoql@yahoo.com,Nora,Cooley,norcoo729,$2b$12$QfAvOkDge2TAXccclnqlmW,customer,+34 (134) 157-8810,False,1976-03-15,True,https://cdn.biomedix.com/norcoo729.png
pihpaml@yahoo.com,Samuel,Sanchez,samsan693,$2b$12$hXqfFVi4FUlkMuruSzUTsC,customer,+44 (762) 605-1933,True,1950-04-01,True,https://cdn.biomedix.com/samsan693.png
fbjjuab@gmail.com,Audrey,Fletcher,audfle359,$2b$12$vderh5psPFr2N2svGoHUpo,customer,+33 (806) 978-6087,True,2000-05-27,False,https://cdn.biomedix.com/audfle359.png
stnlslh@yahoo.com,Ethan,Perez,ethper951,$2b$12$OfnyfYMk8LSJeaDgksOI0r,admin,+44 (464) 858-7766,False,2006-04-26,False,https://cdn.biomedix.com/ethper951.png
pvrplmu@mail.com,Piper,Kennedy,pipken649,$2b$12$SJmT3INukzSvuClx5L047o,admin,+49 (520) 973-9503,True,1968-04-26,True,https://cdn.biomedix.com/pipken649.png
dgokmzw@gmail.com,Claire,Luna,clalun380,$2b$12$Lu8TOAqaEYsD3eHyfIZSBl,admin,+41 (168) 317-5063,True,1968-10-09,True,https://cdn.biomedix.com/clalun380.png
vluxjqv@gmail.com,Avery,Evans,aveeva552,$2b$12$2sYJb1vduJykHyTGhk6Lx2,admin,+44 (389) 804-4207,True,1966-03-20,False,https://cdn.biomedix.com/aveeva552.png
zzudnbe@mail.com,Genesis,Scott,gensco792,$2b$12$nS6MrTn1yBg0m5hvglmWyi,customer,+81 (249) 889-8754,False,1991-12-15,True,https://cdn.biomedix.com/gensco792.png
lmdxxxk@gmail.com,Zoe,Payne,zoepay962,$2b$12$Nz8T9d9cGfKEAHPw3MSfxu,customer,+33 (698) 896-4577,False,1973-10-04,True,https://cdn.biomedix.com/zoepay962.png
sohjyvk@gmail.com,Genesis,Witt,genwit306,$2b$12$4w0N5lWVIne72n9xI3ydkh,customer,+81 (737) 840-5860,True,1971-11-11,False,https://cdn.biomedix.com/genwit306.png
ugwgseq@outlook.com,Parker,Aguilar,paragu763,$2b$12$TNQy5c47gXdodmkNNZDp2U,customer,+81 (428) 115-8632,False,1986-04-25,False,https://cdn.biomedix.com/paragu763.png
lcuugfk@yahoo.com,Piper,Owens,pipowe400,$2b$12$oGtA8no63FjhoDZOkzNq1Q,customer,+34 (750) 584-3256,False,2001-10-28,True,https://cdn.biomedix.com/pipowe400.png
mvkyofu@yahoo.com,Savannah,Hood,savhoo812,$2b$12$8YLaqUZTxRLygqRGhYpxoO,customer,+49 (632) 390-9254,False,1970-01-08,True,https://cdn.biomedix.com/savhoo812.png
scgufhd@gmail.com,Parker,Matthews,parmat983,$2b$12$bYAeTnySF3eMG3cJHUwqfn,customer,+41 (740) 631-6781,True,2008-12-27,True,https://cdn.biomedix.com/parmat983.png
epdgagp@outlook.com,Hunter,Carpenter,huncar535,$2b$12$r9MGi6oAZ4b483QVdX3ScF,customer,+81 (371) 498-4783,False,1976-04-10,False,https://cdn.biomedix.com/huncar535.png
dvnmcfc@outlook.com,Aria,Shaw,arisha380,$2b$12$1tPi3J0rVJ8d42Q0fQjPqs,customer,+81 (283) 893-8082,False,1956-10-08,True,https://cdn.biomedix.com/arisha380.png
bhimyci@mail.com,Hannah,Estrada,hanest321,$2b$12$gq6JrP0ybXysFVmMaEhFjX,customer,+39 (358) 851-4237,True,1962-01-19,True,https://cdn.biomedix.com/hanest321.png
gujhoay@yahoo.com,Connor,Price,conpri180,$2b$12$MHq0dEl70CtBI6Ezs1UrcT,customer,+44 (300) 105-4484,True,1983-02-25,True,https://cdn.biomedix.com/conpri180.png
bpfhzyi@outlook.com,Chloe,Maddox,chlmad729,$2b$12$ES5kecGwEwCz96ReOwGAni,customer,+39 (795) 812-3818,False,2008-07-26,True,https://cdn.biomedix.com/chlmad729.png
jgbgbwv@gmail.com,Michael,Armstrong,micarm873,$2b$12$yyh8xdYEWKdN075kuBf7Jc,admin,+33 (561) 676-2344,True,1970-08-19,True,https://cdn.biomedix.com/micarm873.png
amvmhae@mail.com,Riley,Alvarado,rilalv784,$2b$12$4MySvXDCoJLrEs5iHNVi6D,customer,+41 (585) 499-4558,True,1989-04-19,False,https://cdn.biomedix.com/rilalv784.png
sbuyjji@outlook.com,Luna,Cunningham,luncun745,$2b$12$pF2RhgN3dOH2GXpV2K30TT,customer,+33 (608) 102-1148,False,1987-12-04,True,https://cdn.biomedix.com/luncun745.png
vbhmwfk@mail.com,Serenity,Black,serbla522,$2b$12$prHW7nqKWfgmFKWpRHJCxk,customer,+34 (545) 435-5478,True,1993-10-06,True,https://cdn.biomedix.com/serbla522.png
njluyyo@outlook.com,Jonathan,Stephens,jonste865,$2b$12$EkFMLQOgnorxjnRhEJ2g2i,admin,+81 (556) 655-8525,True,1978-10-08,False,https://cdn.biomedix.com/jonste865.png
xplhobc@mail.com,Carl,Wright,carwri611,$2b$12$W31YTeebpR0c8ShGI7c6Hj,customer,+34 (721) 547-1543,False,1975-07-11,True,https://cdn.biomedix.com/carwri611.png
skxlqgx@gmail.com,Zoey,Freeman,zoefre879,$2b$12$RBb0yz6sZ4S64pimSwDTzx,customer,+1 (312) 106-3866,False,1957-01-26,False,https://cdn.biomedix.com/zoefre879.png
jxnqrdg@outlook.com,Bella,Fletcher,belfle993,$2b$12$mZHhULOzNpP5lsrSTnbT6x,customer,+39 (930) 306-8407,False,2000-03-15,True,https://cdn.biomedix.com/belfle993.png
zdksfhe@mail.com,Audrey,Miles,audmil233,$2b$12$ghRCHiOejdNgLTVkSit3bi,customer,+33 (817) 156-5476,True,1992-03-05,False,https://cdn.biomedix.com/audmil233.png
iibgacr@yahoo.com,Camila,Morgan,cammor303,$2b$12$1Td5PDvLBI2AewQ34Acd9r,admin,+81 (102) 778-8830,True,1999-12-02,True,https://cdn.biomedix.com/cammor303.png
dsweknj@gmail.com,Nathan,Bonilla,natbon168,$2b$12$gme6MTwyNmBf2tmsxYe0pq,admin,+41 (844) 730-9730,False,1964-06-19,False,https://cdn.biomedix.com/natbon168.png
vfmycfl@gmail.com,Anthony,Hood,anthoo338,$2b$12$cvTIVnY6u4KPnBPWwsqE6N,admin,+49 (284) 742-5512,True,2010-09-16,True,https://cdn.biomedix.com/anthoo338.png
othywro@mail.com,Elliana,Pierce,ellpie398,$2b$12$oQ8UCWESaaQRZXXqId107z,customer,+81 (844) 436-8616,False,2003-10-21,False,https://cdn.biomedix.com/ellpie398.png
zfeohqt@outlook.com,Hazel,Powell,hazpow658,$2b$12$hUtR0pqdaYInUuuI9D9BqD,admin,+39 (420) 447-4272,True,1971-05-18,False,https://cdn.biomedix.com/hazpow658.png
vvoplxf@gmail.com,Anthony,Bowers,antbow259,$2b$12$hNkfLjEIlU6MxDiZyazZFU,admin,+81 (854) 470-6139,False,1980-11-26,False,https://cdn.biomedix.com/antbow259.png
ofhotnq@gmail.com,Logan,Salazar,logsal155,$2b$12$3eCnP18IyKIAA0yiv6Qi5E,admin,+44 (184) 397-8405,True,1995-10-17,True,https://cdn.biomedix.com/logsal155.png
lnllqza@yahoo.com,Joshua,Stephens,josste375,$2b$12$WzqaBx0gl8j3JO7JfdAnSG,customer,+33 (862) 416-6260,True,2003-05-17,False,https://cdn.biomedix.com/josste375.png
pztmwvt@outlook.com,Nathaniel,Hood,nathoo235,$2b$12$36v0VQ9nw5edWJpPWcPibe,customer,+41 (341) 855-2540,False,1969-01-03,True,https://cdn.biomedix.com/nathoo235.png
hpyorlj@outlook.com,Jane,Atkinson,janatk547,$2b$12$AlyZDpPgG4D3z45JxMKtAA,admin,+1 (939) 110-1954,False,1969-09-19,False,https://cdn.biomedix.com/janatk547.png
otcyjii@gmail.com,Maria,Richardson,marric576,$2b$12$hDaA1xJq4GWdq1oBajao0B,customer,+34 (559) 365-1445,True,1993-10-09,True,https://cdn.biomedix.com/marric576.png
jsodkhk@gmail.com,Hannah,Thomas,hantho347,$2b$12$zJkzpyW6ysvyAtDRmZWrib,customer,+39 (805) 531-2614,True,1957-05-26,True,https://cdn.biomedix.com/hantho347.png
fqtvilb@yahoo.com,Evelyn,Jones,evejon485,$2b$12$oF1arBvA4wNZR7o5nC6vqp,customer,+44 (872) 926-4817,False,1995-02-23,False,https://cdn.biomedix.com/evejon485.png
yotoqlf@yahoo.com,Nathaniel,Wright,natwri813,$2b$12$hXc7OT7HMNkQzDaV91tEAW,customer,+41 (312) 462-5316,True,2010-05-12,True,https://cdn.biomedix.com/natwri813.png
zotpnui@outlook.com,Harper,Gibson,hargib528,$2b$12$iIOU1ogD8LVs5mya0eZHc8,admin,+49 (630) 579-3882,True,1957-12-13,False,https://cdn.biomedix.com/hargib528.png
zgvhpyn@gmail.com,Brooklyn,Nguyen,brongu328,$2b$12$cpM1iZmXgqbOf2xaXHMipZ,customer,+34 (418) 743-7926,False,2006-10-26,True,https://cdn.biomedix.com/brongu328.png
cfbodee@outlook.com,Lincoln,Hart,linhar830,$2b$12$P9T2LRLmKAWUcafq0Ca8c7,customer,+81 (212) 583-3120,False,1950-04-03,False,https://cdn.biomedix.com/linhar830.png
hundezb@mail.com,Aaron,Wilson,aarwil949,$2b$12$qbGCjjl8K2gzvxqiMwdqBh,admin,+34 (202) 400-9401,True,1956-10-29,False,https://cdn.biomedix.com/aarwil949.png
vyysqna@yahoo.com,Natalie,French,natfre328,$2b$12$ibVz5GZwebv8YN5SXzWtcj,customer,+34 (102) 961-7181,False,2008-05-25,True,https://cdn.biomedix.com/natfre328.png
qydrzqo@outlook.com,Emma,Mendoza,emmmen234,$2b$12$mqKK4OpUds5AqXTvsDlMp1,admin,+1 (693) 661-3624,False,1956-04-06,False,https://cdn.biomedix.com/emmmen234.png
blxdfwt@yahoo.com,Ryan,Peterson,ryapet324,$2b$12$GU7y3iiN6LKjEmXHIQEhkh,customer,+41 (705) 319-4370,True,1999-07-19,False,https://cdn.biomedix.com/ryapet324.png
omsfnpq@gmail.com,Nevaeh,Cantrell,nevcan318,$2b$12$qmNd3feYJRX3pDKibxGKix,admin,+34 (621) 832-5448,True,2000-10-02,True,https://cdn.biomedix.com/nevcan318.png
qpezwjy@outlook.com,Emilia,Ramos,emiram307,$2b$12$kXI914Ar48PKrWeIojGDvV,customer,+81 (724) 173-8144,True,1992-08-12,False,https://cdn.biomedix.com/emiram307.png
vzaltwa@yahoo.com,Luna,Campos,luncam140,$2b$12$8cXsQQW63JwKBZU30eGMzH,admin,+44 (863) 804-6509,True,1968-08-16,True,https://cdn.biomedix.com/luncam140.png
jznzhcj@mail.com,Peyton,Anderson,peyand199,$2b$12$pHTg6KSzNuZLNEU8GW7rs3,admin,+44 (575) 187-7996,False,1955-07-26,True,https://cdn.biomedix.com/peyand199.png
lgdopvh@yahoo.com,Connor,Baker,conbak287,$2b$12$liEj72RMXCarXHdsHsSV61,customer,+49 (890) 902-6905,False,2004-09-24,False,https://cdn.biomedix.com/conbak287.png
htiwgqy@outlook.com,Naomi,Dixon,naodix366,$2b$12$mFYTjrQntKDecR6jqPQVDV,customer,+1 (522) 626-5210,True,1987-04-23,False,https://cdn.biomedix.com/naodix366.png
ohbzler@mail.com,Ava,Mcintosh,avamci744,$2b$12$PdwEjo81ZK7jipfLVSztay,customer,+33 (961) 226-5000,False,1999-06-03,False,https://cdn.biomedix.com/avamci744.png
aowkxaa@mail.com,Evelyn,Nunez,evenun321,$2b$12$4FsrdTywaUQbGMFmDVxhAT,admin,+41 (259) 660-9152,True,1980-01-15,True,https://cdn.biomedix.com/evenun321.png
txgiitf@outlook.com,Grace,Bailey,grabai396,$2b$12$gnDbmixrBCwKqhgzAJE8ZB,admin,+44 (467) 188-8778,True,1977-09-09,False,https://cdn.biomedix.com/grabai396.png
abumozu@yahoo.com,John,Herrera,johher426,$2b$12$iAaLsv8Po7vXorOhvx0VLD,admin,+39 (960) 611-9388,True,1979-10-05,False,https://cdn.biomedix.com/johher426.png
aghaqhf@gmail.com,Zoey,Kim,zoekim556,$2b$12$GsZyMBrI5CYLSFpvcc3CWq,admin,+49 (125) 804-5174,True,1960-08-31,True,https://cdn.biomedix.com/zoekim556.png
xomyknj@gmail.com,Logan,Contreras,logcon287,$2b$12$qJx4X7ZWeEFyiDU0LwTtNu,customer,+39 (514) 487-9823,False,2002-10-12,True,https://cdn.biomedix.com/logcon287.png
wjxqwng@yahoo.com,Grace,Smith,grasmi214,$2b$12$aC8gu8LWL52xebRTAAipnC,admin,+44 (601) 253-2289,False,1979-06-16,False,https://cdn.biomedix.com/grasmi214.png
yfuesyc@mail.com,Matthew,Ruiz,matrui733,$2b$12$l6vpTw0dO4DMklJSYAYZHX,customer,+41 (844) 425-5386,True,1970-11-09,True,https://cdn.biomedix.com/matrui733.png
juusijq@gmail.com,Reagan,Wells,reawel177,$2b$12$ofWuHirjcl0cL0JntvsmM4,customer,+81 (820) 685-7188,False,1991-11-08,True,https://cdn.biomedix.com/reawel177.png
zobmdvc@yahoo.com,James,Butler,jambut264,$2b$12$2eBxAoMSxeTctraUDTPzrj,admin,+33 (108) 192-3507,True,1977-12-02,False,https://cdn.biomedix.com/jambut264.png
rtgeaif@gmail.com,Jacob,Pierce,jacpie897,$2b$12$IWqnRCpjfDX9XdbvZtg2qZ,customer,+81 (284) 629-1760,False,1962-10-31,True,https://cdn.biomedix.com/jacpie897.png
xkeuowy@outlook.com,Grayson,Mckinney,gramck929,$2b$12$na7SA9wEIpE8drKLlrJxBo,customer,+81 (908) 980-2461,False,1995-10-17,False,https://cdn.biomedix.com/gramck929.png
ecffcjz@yahoo.com,Isabella,Perkins,isaper570,$2b$12$JYbto47fFvj8294KOiEL6T,admin,+34 (864) 888-1046,True,1992-08-11,True,https://cdn.biomedix.com/isaper570.png
lftakrv@gmail.com,Hannah,Schmidt,hansch709,$2b$12$3tOxHcwg58QKHC5pzAjNau,customer,+41 (916) 495-1092,False,2002-08-09,False,https://cdn.biomedix.com/hansch709.png
puiautz@yahoo.com,Aaliyah,Baker,aalbak244,$2b$12$1v959FN5IOQGPcjh3PpwO2,customer,+49 (402) 397-7265,True,1952-09-12,True,https://cdn.biomedix.com/aalbak244.png
uhneayp@outlook.com,Genesis,Davis,gendav168,$2b$12$KvKy9ksgM0TE1hAdcKIjVZ,customer,+39 (562) 303-8506,False,2004-10-26,False,https://cdn.biomedix.com/gendav168.png
sdlqsnm@mail.com,Kennedy,Jimenez,kenjim609,$2b$12$JVrD0brPc37WqT9HSmPbMh,admin,+34 (449) 354-1930,False,2003-07-11,False,https://cdn.biomedix.com/kenjim609.png
rixetxa@mail.com,Mia,Knight,miakni337,$2b$12$Cm6oetlAoC4FXIRX2QBIIM,admin,+33 (492) 401-2181,True,1995-12-11,False,https://cdn.biomedix.com/miakni337.png
hwdyjbw@mail.com,Savannah,Hudson,savhud771,$2b$12$Lf9emCnKCWLmycCqGfzElC,admin,+44 (781) 921-4681,False,1955-08-31,True,https://cdn.biomedix.com/savhud771.png
gwwrdrm@gmail.com,Owen,Owens,oweowe619,$2b$12$huC3WA6I4B3fXuj2CwGrDk,admin,+1 (833) 826-4590,True,2010-02-17,True,https://cdn.biomedix.com/oweowe619.png
dcphwsa@gmail.com,Serenity,Rose,serros133,$2b$12$3tINIjehVxQSwwWIniq0b6,admin,+49 (305) 787-9992,True,1950-12-23,False,https://cdn.biomedix.com/serros133.png
doydgxk@outlook.com,Charles,Ward,chawar337,$2b$12$ET3YqQ0ExamfAGFjTaTv9P,customer,+1 (773) 132-3731,False,1984-11-29,False,https://cdn.biomedix.com/chawar337.png
oqywrnu@mail.com,Riley,Horn,rilhor465,$2b$12$sQ2LIvAHtlnJtD1dFBOoCD,customer,+81 (880) 457-3772,True,2004-07-21,False,https://cdn.biomedix.com/rilhor465.png
dqivmgv@yahoo.com,Noah,Parker,noapar882,$2b$12$vjBUW1pGFQBKBAatKQkXOo,admin,+1 (752) 488-9793,True,1952-02-20,False,https://cdn.biomedix.com/noapar882.png
kzbqsnx@gmail.com,Brooklyn,Spencer,brospe477,$2b$12$CvNLnqKozhZHFfJ9wZEPhz,customer,+49 (919) 378-1350,True,2008-09-01,True,https://cdn.biomedix.com/brospe477.png
xttygfq@mail.com,Mateo,Cohen,matcoh394,$2b$12$tmXh33NxoelsaLqvJacZPG,customer,+34 (584) 430-1038,False,2006-09-06,True,https://cdn.biomedix.com/matcoh394.png
kwkilgf@yahoo.com,Naomi,Miller,naomil268,$2b$12$ZEsno4dcb61q8YJa9DOVDG,admin,+81 (144) 532-8338,True,1994-07-01,False,https://cdn.biomedix.com/naomil268.png
aeruchq@mail.com,Aubrey,Stark,aubsta249,$2b$12$MXYJut03CT9wd7y0ZlBP9P,admin,+81 (524) 541-6841,False,1984-02-23,True,https://cdn.biomedix.com/aubsta249.png
eajcutb@outlook.com,Colton,Allen,colall609,$2b$12$8FtMh3uy46mvNkzvyawttt,customer,+1 (494) 562-6196,False,1988-09-06,False,https://cdn.biomedix.com/colall609.png
ghxlhhu@outlook.com,Noah,Russell,noarus663,$2b$12$on36VFcY9HlpmjXvlkrQ51,customer,+1 (938) 693-6219,True,1998-12-29,True,https://cdn.biomedix.com/noarus663.png
fcafjyo@yahoo.com,Alex,Reed,aleree121,$2b$12$XZQWLmDCkdmiUWBsZnxhXO,customer,+1 (999) 251-2699,False,2004-06-13,False,https://cdn.biomedix.com/aleree121.png
yydoldm@outlook.com,Anthony,Butler,antbut909,$2b$12$GdbmYm9BohjLs09HkRG6yw,customer,+41 (245) 678-2100,True,1997-09-11,False,https://cdn.biomedix.com/antbut909.png
binrpbu@yahoo.com,Emilia,Ward,emiwar955,$2b$12$Pd5OigkvpbTYrQmrmttTA1,customer,+33 (536) 578-5392,False,1959-11-01,True,https://cdn.biomedix.com/emiwar955.png
wsexwtp@outlook.com,Sophia,Cote,sopcot574,$2b$12$jZ57UindDij9iEwVou14d1,customer,+81 (931) 440-7503,False,1968-12-04,False,https://cdn.biomedix.com/sopcot574.png
qqaandb@yahoo.com,Charles,Ray,charay547,$2b$12$SXbdQz8MMaK8CHQVmHm6Rk,customer,+49 (729) 615-8101,True,2006-02-05,True,https://cdn.biomedix.com/charay547.png
mwjptab@outlook.com,Justin,Nguyen,jusngu533,$2b$12$U2HP6wlNa0l1HuB4OnpICb,customer,+81 (710) 476-4795,False,1979-07-06,False,https://cdn.biomedix.com/jusngu533.png
mqyxplv@mail.com,Lucas,Nunez,lucnun593,$2b$12$cU7vHA9YswBZ6sh64nGoaT,admin,+44 (972) 913-3001,True,1992-06-27,False,https://cdn.biomedix.com/lucnun593.png
kxuilhw@gmail.com,Jace,Henry,jachen964,$2b$12$L4omjMjhfhyj0DgqSVYAkt,customer,+49 (823) 572-2909,False,1989-08-31,False,https://cdn.biomedix.com/jachen964.png
jfeagdo@gmail.com,Benjamin,Hicks,benhic531,$2b$12$uqUf3AnJyPg2mYD4LQOlt3,admin,+39 (661) 846-9951,False,1951-08-01,False,https://cdn.biomedix.com/benhic531.png
oldgpvi@outlook.com,Isaiah,Sanders,isasan238,$2b$12$ggsaeD0Q4MXulbuVtGtbve,customer,+44 (410) 340-7727,True,2010-06-02,True,https://cdn.biomedix.com/isasan238.png
ximdvyj@outlook.com,Genesis,Bonilla,genbon908,$2b$12$69ZR4ROWXJdGHvEwbkR3c3,customer,+33 (906) 482-3316,False,1979-02-25,True,https://cdn.biomedix.com/genbon908.png
ndywfep@yahoo.com,Grayson,Morales,gramor639,$2b$12$DHHOye4CMYjxNzFV2rtZ9O,customer,+49 (677) 597-7487,True,1986-09-13,True,https://cdn.biomedix.com/gramor639.png
pnfiozq@gmail.com,Piper,Ramos,pipram480,$2b$12$R7h827yYsFulMAGHFj1cYN,admin,+39 (376) 251-3814,False,1976-02-07,False,https://cdn.biomedix.com/pipram480.png
hkmbcua@gmail.com,Jack,Henderson,jachen872,$2b$12$SQTI0KS2HbiotG8SirF4U5,admin,+81 (224) 957-5966,True,2004-10-28,True,https://cdn.biomedix.com/jachen872.png
pslbzwy@outlook.com,Mateo,Schmidt,matsch667,$2b$12$UIStD9Mkk6cQPJtPSL1IqL,admin,+39 (820) 285-3026,False,2003-10-24,False,https://cdn.biomedix.com/matsch667.png
ixugnko@mail.com,Nicholas,Dominguez,nicdom982,$2b$12$E4F0R5uyc9pXYBzrC141R9,admin,+33 (703) 693-5411,True,2009-07-18,True,https://cdn.biomedix.com/nicdom982.png
eyamiti@outlook.com,Benjamin,Moreno,benmor320,$2b$12$fnqUl46jvsbW6JnuhiiaD9,customer,+81 (358) 371-6167,False,1961-09-30,False,https://cdn.biomedix.com/benmor320.png
xhtdral@outlook.com,Hannah,Ross,hanros242,$2b$12$rQIUuOrpf1yHqq0EzqlFCs,customer,+41 (141) 154-2546,False,1995-04-05,False,https://cdn.biomedix.com/hanros242.png
nnrtmzg@outlook.com,Madison,Mcintosh,madmci586,$2b$12$6pj3oavqryJo8kQfhIE1b4,customer,+41 (506) 176-8698,True,1993-09-23,False,https://cdn.biomedix.com/madmci586.png
pcjlibk@outlook.com,Jacob,Cox,jaccox443,$2b$12$PgE8fCL14m0hNaC776n8d3,admin,+33 (976) 422-1380,True,1988-10-13,True,https://cdn.biomedix.com/jaccox443.png
wqznjiw@mail.com,Nevaeh,Alvarado,nevalv246,$2b$12$hLYUI3EeFojp8mWLZPO0fG,customer,+1 (756) 886-2513,False,1998-12-21,True,https://cdn.biomedix.com/nevalv246.png
ekfwgpv@mail.com,Dominic,Dixon,domdix664,$2b$12$aQ7WKH1fa0gjmRiM3qgAqK,admin,+1 (588) 786-4064,True,1976-05-08,True,https://cdn.biomedix.com/domdix664.png
zfkglgw@yahoo.com,Savannah,Rich,savric680,$2b$12$0EAoCx54FpL5pqTqBe0I8X,customer,+49 (212) 426-3057,False,1972-05-13,False,https://cdn.biomedix.com/savric680.png
phncqrf@gmail.com,Emery,Jackson,emejac519,$2b$12$VMmhBrhwde67YGMhWPj0TQ,customer,+81 (472) 775-9541,False,2006-08-09,False,https://cdn.biomedix.com/emejac519.png
trsnwbc@outlook.com,Kennedy,Murray,kenmur932,$2b$12$junMajYCQeNt83UK86IN8z,admin,+49 (219) 503-2902,False,1997-11-07,False,https://cdn.biomedix.com/kenmur932.png
gnardcz@mail.com,David,Alexander,davale759,$2b$12$kWbd9rnRYtcj1Rq2QE4ID2,customer,+39 (416) 687-6220,False,1973-10-08,False,https://cdn.biomedix.com/davale759.png
zvzgqut@yahoo.com,Sofia,Combs,sofcom643,$2b$12$jeU59v7F9xO9g5Cx7Ati02,customer,+49 (694) 122-6820,True,2003-07-11,False,https://cdn.biomedix.com/sofcom643.png
yojjetr@gmail.com,Asher,Snyder,ashsny689,$2b$12$s5fnmnPGaAFeBRewUuJ4Rb,customer,+39 (477) 225-9530,False,1958-07-06,False,https://cdn.biomedix.com/ashsny689.png
cspsues@gmail.com,Ariana,Ballard,aribal101,$2b$12$jFL7axiCNlghwWddcmI5Kr,customer,+49 (925) 132-1801,True,1997-05-10,True,https://cdn.biomedix.com/aribal101.png
emgtfuq@yahoo.com,Charles,Hunt,chahun351,$2b$12$y9lvm6FOBlYpJMiJAxHClK,admin,+49 (270) 656-6556,True,1999-03-16,False,https://cdn.biomedix.com/chahun351.png
nlhiqwm@yahoo.com,Carl,Scott,carsco233,$2b$12$4jNQn95Vu7T1l3HASS6JVi,customer,+33 (297) 913-8582,True,1987-05-24,True,https://cdn.biomedix.com/carsco233.png
fkuwsxo@mail.com,Leo,Kennedy,leoken714,$2b$12$afVrVXYwhDgzQGT0jlYKf3,customer,+44 (239) 944-9211,False,2004-09-19,False,https://cdn.biomedix.com/leoken714.png
clxewdk@outlook.com,Bella,Watson,belwat254,$2b$12$LwD3gLtcI9sOkgu3QWPxTu,customer,+41 (958) 842-8412,False,1984-11-02,True,https://cdn.biomedix.com/belwat254.png
kbmussn@outlook.com,Mackenzie,Padilla,macpad468,$2b$12$GZdV5DfRQoWAXQvr5o1cJz,admin,+33 (570) 987-7704,True,1950-02-03,False,https://cdn.biomedix.com/macpad468.png
bkwlpac@mail.com,Isabella,Moore,isamoo461,$2b$12$35fmbmdDCRHqonkLo1GP4a,customer,+39 (121) 282-6022,False,1955-04-21,True,https://cdn.biomedix.com/isamoo461.png
yjkoxgm@gmail.com,David,Robertson,davrob924,$2b$12$qrYMMPgFug85LvBtrMFmPa,admin,+1 (106) 909-9621,True,1972-05-29,False,https://cdn.biomedix.com/davrob924.png
qgzunkm@mail.com,Layla,West,laywes746,$2b$12$9h2N5seK3GYHXPQTTqdnT3,customer,+39 (279) 335-2731,True,2001-02-22,False,https://cdn.biomedix.com/laywes746.png
ovjcydw@yahoo.com,Brandon,Cantrell,bracan685,$2b$12$o8I3CmOF1kB9i4LifMPKB1,customer,+1 (880) 107-6410,False,1950-05-26,True,https://cdn.biomedix.com/bracan685.png
qfyvdzd@gmail.com,Nora,Tucker,nortuc390,$2b$12$uaZh2KVHEXoCQu81ihRy9q,customer,+81 (147) 581-5723,False,1982-11-27,True,https://cdn.biomedix.com/nortuc390.png
lmpwtpd@gmail.com,Scarlett,Campbell,scacam261,$2b$12$BPwEUJoTOfsckGngv47tL1,customer,+34 (835) 675-2192,False,1963-02-18,False,https://cdn.biomedix.com/scacam261.png
xaboitu@mail.com,Ryan,Bennett,ryaben925,$2b$12$QY9vsVw5habaS21QPbMbq4,admin,+81 (477) 753-6941,False,1970-06-10,True,https://cdn.biomedix.com/ryaben925.png
ltiettg@mail.com,Justin,Gonzales,jusgon167,$2b$12$OhdRiDeoEJXc5K1lLPm8Jr,customer,+49 (536) 552-5910,False,1962-07-23,False,https://cdn.biomedix.com/jusgon167.png
jfvdxvz@mail.com,Jordan,Ferrell,jorfer305,$2b$12$x0CpSDQ45MBei5wvV7L4PO,customer,+39 (135) 336-8755,True,1963-05-01,False,https://cdn.biomedix.com/jorfer305.png
xnnthgs@gmail.com,Nathan,King,natkin445,$2b$12$WE9sTaZ9y9Xpvb4a5kO7mb,customer,+33 (459) 785-1950,False,1976-11-09,False,https://cdn.biomedix.com/natkin445.png
xunktjl@outlook.com,Elena,Mendez,elemen707,$2b$12$nhLjHHNPwszxEkJEQO6nRK,customer,+33 (391) 743-1604,True,2001-10-28,True,https://cdn.biomedix.com/elemen707.png
eyrvene@outlook.com,Khloe,Vasquez,khlvas917,$2b$12$l2F8gMDUruN7vOlx5650XC,customer,+39 (387) 938-9430,True,1988-04-04,True,https://cdn.biomedix.com/khlvas917.png
ebmxxzb@yahoo.com,Emilia,Medina,emimed425,$2b$12$30ERDM5klqaEi0sUMCAYDH,customer,+44 (886) 354-7038,False,1970-07-21,True,https://cdn.biomedix.com/emimed425.png
ndohvem@mail.com,Eleanor,Mclaughlin,elemcl988,$2b$12$skbX4iOEN5b9Fxm9nLwPI4,customer,+41 (253) 486-2166,False,1986-08-05,True,https://cdn.biomedix.com/elemcl988.png
sfdufrc@mail.com,Colton,Park,colpar117,$2b$12$YNNUjeb7fYaizXi3nPoNES,admin,+41 (638) 345-3931,True,1985-07-06,False,https://cdn.biomedix.com/colpar117.png
obelutd@mail.com,Kinsley,Pena,kinpen888,$2b$12$VuU3AvhcFdGUwSWI8rxZHe,admin,+1 (852) 362-8522,True,1966-07-05,False,https://cdn.biomedix.com/kinpen888.png
hqxazsk@yahoo.com,Jane,Schmidt,jansch796,$2b$12$oWIq2yY0owN1yWukYFVfTR,customer,+1 (457) 459-3315,False,2009-12-11,True,https://cdn.biomedix.com/jansch796.png
wzhfraw@mail.com,Olivia,Matthews,olimat819,$2b$12$RGQQI3V5NgYSRgF5jkl4Oh,customer,+41 (448) 862-4100,True,1954-01-23,True,https://cdn.biomedix.com/olimat819.png
tzusetv@mail.com,Eleanor,Stewart,eleste537,$2b$12$WkURrCDxdTDYZUCunjOJa8,customer,+41 (105) 822-8947,True,1958-06-05,False,https://cdn.biomedix.com/eleste537.png
iaevysf@yahoo.com,Jayden,Fernandez,jayfer966,$2b$12$yn3SywvfXIxJXfbgFmxQS7,customer,+33 (667) 250-1975,False,1989-04-07,True,https://cdn.biomedix.com/jayfer966.png
dyehalb@yahoo.com,Lily,White,lilwhi502,$2b$12$FYRfZiY5MKixh9Rx6QAwNO,customer,+1 (138) 142-8435,True,1995-02-14,False,https://cdn.biomedix.com/lilwhi502.png
kyltiau@outlook.com,Ariana,Matthews,arimat580,$2b$12$V0zQlhoykRoBS5gsxYFRlv,customer,+49 (319) 192-5736,False,2004-03-25,True,https://cdn.biomedix.com/arimat580.png
kbbtpbh@outlook.com,Brayden,Martin,bramar254,$2b$12$AsUVFqgCTqgt7o29H5rRAO,customer,+34 (132) 211-1191,True,1984-12-18,False,https://cdn.biomedix.com/bramar254.png
hdnfjft@outlook.com,Victoria,Palmer,vicpal182,$2b$12$SdFW3p68PFSfc68K32EoQT,customer,+33 (346) 830-6346,True,1993-06-13,True,https://cdn.biomedix.com/vicpal182.png
tflwgpw@gmail.com,Alex,Reed,aleree943,$2b$12$eVrRXb2HXCzmogMG75S9YV,customer,+41 (588) 724-6521,False,1967-12-04,True,https://cdn.biomedix.com/aleree943.png
trfnqjx@outlook.com,Serenity,Zimmerman,serzim780,$2b$12$I4UpX8B13niz3xV532pGTk,admin,+81 (647) 839-1089,False,1954-02-10,False,https://cdn.biomedix.com/serzim780.png
ijnelny@mail.com,Henry,Miller,henmil681,$2b$12$vVdII2p4qmDxOWI5ux3GTZ,admin,+1 (396) 219-3371,False,2004-10-22,True,https://cdn.biomedix.com/henmil681.png
bwoodkz@yahoo.com,Ethan,Andrews,ethand714,$2b$12$MiI1N0ruYLhyvQVB0bOWnn,customer,+34 (311) 584-3880,True,1978-01-16,False,https://cdn.biomedix.com/ethand714.png
khmkxuh@outlook.com,Alice,Hill,alihil727,$2b$12$023x26HoqYjdkl2lULncQz,admin,+33 (702) 575-2550,True,1973-03-22,False,https://cdn.biomedix.com/alihil727.png
qqmfsaw@gmail.com,Samantha,James,samjam500,$2b$12$mNy4SYJeEJKgz8drSWdFs6,customer,+39 (174) 920-2969,False,1995-04-27,False,https://cdn.biomedix.com/samjam500.png
fyljcpu@mail.com,Nathan,Warner,natwar722,$2b$12$XDneCgObv3zfzmMw5fiCQK,admin,+81 (659) 745-7149,True,1951-01-21,False,https://cdn.biomedix.com/natwar722.png
nygkvdj@mail.com,Grace,Morgan,gramor987,$2b$12$cDik5cAv0NmjDkll0Ov1kA,customer,+49 (952) 475-6301,False,1979-06-15,True,https://cdn.biomedix.com/gramor987.png
xpckqlr@yahoo.com,Mila,Willis,milwil430,$2b$12$Kp61YYmGACmfDG82gfKbuN,customer,+39 (400) 281-2193,True,1975-03-12,True,https://cdn.biomedix.com/milwil430.png
zxigfif@gmail.com,Easton,Kim,easkim126,$2b$12$ddJf1nhzNQsFuf1HKPiDUu,customer,+41 (510) 443-9132,True,1971-08-31,False,https://cdn.biomedix.com/easkim126.png
jupeadq@outlook.com,Victoria,Jackson,vicjac684,$2b$12$ievok0d0NYUojb0fvPJ5fS,admin,+33 (587) 332-4238,True,2002-12-21,True,https://cdn.biomedix.com/vicjac684.png
wylicip@mail.com,Elliana,Wells,ellwel529,$2b$12$QjBCiN93q0BruTsXOUyxVE,customer,+41 (176) 738-4302,True,1981-05-17,True,https://cdn.biomedix.com/ellwel529.png
hygpudi@gmail.com,Hannah,Fox,hanfox784,$2b$12$TM8vLPY33IfHMdO8lUsNOa,admin,+44 (937) 952-6468,False,1950-11-28,True,https://cdn.biomedix.com/hanfox784.png
rtkohkm@gmail.com,Laura,Turner,lautur420,$2b$12$UC1HcY8u2zVLPHg3mxYRyk,customer,+39 (425) 944-1795,True,2001-03-19,True,https://cdn.biomedix.com/lautur420.png
ytxltzl@gmail.com,Nathaniel,Bradley,natbra439,$2b$12$K5LsxvWFXa2rHzC2nqxRBt,customer,+34 (104) 291-1835,True,1979-02-13,True,https://cdn.biomedix.com/natbra439.png
sfehdbt@outlook.com,Willow,Gomez,wilgom919,$2b$12$ODGReJrt7keeDvYnHvh0BD,admin,+1 (484) 868-1091,True,1972-01-21,True,https://cdn.biomedix.com/wilgom919.png
flfvonw@yahoo.com,Mila,Baker,milbak703,$2b$12$9qrnvgUgtKFUp18L2xUA7v,customer,+39 (272) 893-1593,False,1991-08-05,True,https://cdn.biomedix.com/milbak703.png
fsqoupd@mail.com,Elizabeth,Robertson,elirob302,$2b$12$5Kbe6GWuJy7yrGjnh4ox5d,customer,+39 (759) 602-8928,False,2007-12-10,False,https://cdn.biomedix.com/elirob302.png
nhfzkfv@gmail.com,Naomi,Luna,naolun414,$2b$12$YSOYwyfciEUHtbz9uTFa8P,customer,+49 (939) 520-7967,True,2008-08-12,True,https://cdn.biomedix.com/naolun414.png
zihrkou@outlook.com,Dylan,Patel,dylpat122,$2b$12$6ArQKrZ32Xp3AyhWRTL51c,customer,+81 (957) 342-2903,True,1985-02-12,False,https://cdn.biomedix.com/dylpat122.png
ulohrev@outlook.com,Aubrey,Franco,aubfra526,$2b$12$PhEYTduTME3Jl5I08qyKWO,customer,+33 (105) 112-5879,False,1998-12-25,True,https://cdn.biomedix.com/aubfra526.png
utrwkmm@gmail.com,Elliana,Lee,elllee998,$2b$12$XsgTEuIgi6fDP28hn5xyJw,customer,+44 (765) 973-1203,True,2006-09-08,True,https://cdn.biomedix.com/elllee998.png
cjztytp@gmail.com,Camila,Gonzales,camgon775,$2b$12$1k4f7smsT8sgyCy1fIHgoZ,customer,+1 (328) 421-4087,True,1950-01-31,True,https://cdn.biomedix.com/camgon775.png
yrxujwd@yahoo.com,Nicholas,Nguyen,nicngu498,$2b$12$gYfrBxxgFuxLdUXw1BqEUH,customer,+44 (791) 106-2842,True,1954-06-14,False,https://cdn.biomedix.com/nicngu498.png
czumazc@gmail.com,Camila,Simpson,camsim994,$2b$12$trvh8Xb9E71JVOuJKzTFgj,customer,+44 (515) 494-1575,True,1981-03-01,True,https://cdn.biomedix.com/camsim994.png
pzetsng@gmail.com,Autumn,Riley,autril921,$2b$12$EAmey76YaBxgLEHDKAroAG,customer,+34 (708) 772-4293,False,1990-07-27,True,https://cdn.biomedix.com/autril921.png
pkgdgzx@gmail.com,Liliana,Navarro,lilnav263,$2b$12$dgbNLW6RwddGpxweNE02Ao,admin,+44 (761) 397-2536,True,1995-07-04,False,https://cdn.biomedix.com/lilnav263.png
dgbtotm@mail.com,Eleanor,Padilla,elepad880,$2b$12$utvnqlchyDtrpaXkyC6oAc,admin,+81 (320) 841-9994,False,1989-01-18,False,https://cdn.biomedix.com/elepad880.png
swvsksq@outlook.com,Luna,Duncan,lundun951,$2b$12$7POT6BifkENcBueclWJ7MD,customer,+41 (190) 962-5794,False,1973-08-18,False,https://cdn.biomedix.com/lundun951.png
gcrmect@gmail.com,Alice,Parker,alipar588,$2b$12$LequqmesaezLTMrtaGgv0f,customer,+44 (118) 534-8925,True,2000-10-14,True,https://cdn.biomedix.com/alipar588.png
asunsal@gmail.com,Isaiah,Davis,isadav618,$2b$12$usyXsB8TTvtLOQY0e1iDcz,customer,+33 (121) 652-9779,False,1992-12-01,False,https://cdn.biomedix.com/isadav618.png
wizmvjk@outlook.com,Asher,Aguilar,ashagu300,$2b$12$oRfEbLkY8BsuyDgD5Fdi5z,admin,+44 (647) 339-3390,False,1988-09-26,False,https://cdn.biomedix.com/ashagu300.png
aymwods@mail.com,Layla,Rich,layric151,$2b$12$K9CfdAthmW06h1ZrfjCyab,customer,+33 (328) 380-8367,True,1997-09-16,False,https://cdn.biomedix.com/layric151.png
bihfvgs@yahoo.com,David,Guerrero,davgue793,$2b$12$4l7cIMb6ID5beB4vRJQ07y,admin,+39 (451) 121-2016,False,1992-12-07,False,https://cdn.biomedix.com/davgue793.png
kbekbud@outlook.com,Alice,Gordon,aligor786,$2b$12$EtevW178itM1xLtzCPic0X,customer,+39 (581) 564-7725,False,1985-07-03,False,https://cdn.biomedix.com/aligor786.png
vgkstjb@yahoo.com,Alexander,Young,aleyou831,$2b$12$142Z8CgbMYWEu5svKftEzX,customer,+39 (468) 222-8620,False,1963-09-09,True,https://cdn.biomedix.com/aleyou831.png
ekpbyac@yahoo.com,Connor,Mcintosh,conmci199,$2b$12$qbxrsdUQjeNEPmG56y50nI,admin,+44 (631) 346-7736,False,1994-03-03,True,https://cdn.biomedix.com/conmci199.png
wbfjnyn@outlook.com,Jonathan,Franco,jonfra992,$2b$12$MCimsXia6z8QSQrbXqKEOr,customer,+44 (254) 555-8943,True,1962-06-02,False,https://cdn.biomedix.com/jonfra992.png
jcskdlw@yahoo.com,Hannah,Mills,hanmil935,$2b$12$oAHUEmNMyY9UQFQoyxJvq5,customer,+34 (476) 980-9091,False,1983-03-19,True,https://cdn.biomedix.com/hanmil935.png
uppbaqc@yahoo.com,Christopher,Herrera,chrher726,$2b$12$2f1rbO87Rs8D39oTW8Upyg,customer,+81 (152) 215-5896,False,1994-12-04,False,https://cdn.biomedix.com/chrher726.png
fzzeiqu@gmail.com,Brandon,Murray,bramur256,$2b$12$C3VCNgUfpxQ2Au4vPJVqqE,admin,+41 (491) 222-5381,False,1972-01-31,False,https://cdn.biomedix.com/bramur256.png
fyfaeyw@gmail.com,Maya,Butler,maybut511,$2b$12$7WVdcnCOxTlqhoEeFGPpwP,admin,+34 (426) 341-3455,True,2000-02-27,True,https://cdn.biomedix.com/maybut511.png
htxloof@yahoo.com,Violet,Fisher,viofis680,$2b$12$7lVZIkrEDySoTNvVmJNkoJ,customer,+33 (561) 202-1146,False,1957-09-29,False,https://cdn.biomedix.com/viofis680.png
rtqpqxc@gmail.com,Isaiah,Wagner,isawag895,$2b$12$x34vho2is08oaIqtNnNv24,customer,+49 (384) 648-9883,True,1954-04-16,False,https://cdn.biomedix.com/isawag895.png
xqzhjry@outlook.com,Ian,Goodman,iangoo520,$2b$12$VgYXRl42q4ZKZQGs9mTQZw,admin,+1 (459) 536-4886,True,1970-08-31,True,https://cdn.biomedix.com/iangoo520.png
bpovhxb@gmail.com,Nathaniel,Rivera,natriv528,$2b$12$nZaqGPbHjjrXdbxPk0qNBu,customer,+81 (621) 833-4637,False,1963-09-14,True,https://cdn.biomedix.com/natriv528.png
akbpszf@yahoo.com,Hudson,Moore,hudmoo799,$2b$12$F1AYTOglI5qjptxnY9WxXT,admin,+41 (977) 672-4098,True,1966-08-28,True,https://cdn.biomedix.com/hudmoo799.png
tqitnnf@gmail.com,Logan,Patel,logpat602,$2b$12$3YXe4YyGbYBQa9vVN5v766,admin,+1 (748) 997-4644,False,2000-02-14,True,https://cdn.biomedix.com/logpat602.png
fftopna@mail.com,Carter,Giles,cargil116,$2b$12$zPdgns1RiAz7UqbMbGjses,customer,+1 (579) 234-7283,False,1982-12-24,False,https://cdn.biomedix.com/cargil116.png
dvsswfw@gmail.com,Hailey,Diaz,haidia885,$2b$12$Zvw8LgnxG5nh4G3MDyyapw,customer,+44 (152) 809-3161,False,2004-03-19,True,https://cdn.biomedix.com/haidia885.png
bkqndzo@gmail.com,Joshua,Zimmerman,joszim318,$2b$12$gVhBDCL3ynzwlseoZF3BSX,customer,+39 (458) 820-2954,True,2003-02-05,True,https://cdn.biomedix.com/joszim318.png
xmtszun@yahoo.com,Caleb,Vaughn,calvau973,$2b$12$217QAjDpyUbGdXh0zSojFx,customer,+33 (706) 961-8831,False,1988-10-30,True,https://cdn.biomedix.com/calvau973.png
kqwmfvr@mail.com,Adrian,Brown,adrbro795,$2b$12$HDdMdsoMo4r6MP1R2XWMfF,customer,+1 (309) 535-7021,True,1986-08-15,True,https://cdn.biomedix.com/adrbro795.png
exgjrnn@mail.com,Kevin,Ryan,kevrya659,$2b$12$bcWbFBtScjAWBQ2EqEv9su,customer,+49 (320) 518-1926,False,1951-09-19,False,https://cdn.biomedix.com/kevrya659.png
xtrqopa@mail.com,Layla,Navarro,laynav872,$2b$12$LalMoSwax2TbCQUCWlJ0hk,customer,+41 (428) 473-4269,False,1997-01-31,True,https://cdn.biomedix.com/laynav872.png
uwlhtdi@yahoo.com,Anthony,Sandoval,antsan154,$2b$12$GVglLHswLezd8o4CbrENSw,customer,+49 (411) 617-5890,True,2002-05-22,False,https://cdn.biomedix.com/antsan154.png
xjkpsus@outlook.com,Anthony,Morales,antmor955,$2b$12$2938OIzxfKiU8j37n16u6Q,admin,+49 (303) 909-8353,False,1965-03-30,False,https://cdn.biomedix.com/antmor955.png
vzwabur@yahoo.com,Quinn,Henderson,quihen965,$2b$12$ir8WBczG2gUrFoCY8mS9QE,admin,+49 (719) 852-1598,True,2009-06-05,True,https://cdn.biomedix.com/quihen965.png
tlklpwd@mail.com,Charlotte,Tucker,chatuc371,$2b$12$Paf566SD4iqAcH7toLLaXy,customer,+33 (393) 535-4285,False,2005-09-07,False,https://cdn.biomedix.com/chatuc371.png
xbeltgk@gmail.com,Ellie,Powell,ellpow178,$2b$12$CswQljqu7HrT2wcY6AsOBD,customer,+49 (608) 722-2069,False,1966-08-25,True,https://cdn.biomedix.com/ellpow178.png
swmdzxg@outlook.com,Christian,Murphy,chrmur310,$2b$12$OYEZFBoCOqZZbRZTgQ46bu,customer,+44 (935) 134-5898,True,1957-02-24,False,https://cdn.biomedix.com/chrmur310.png
rmemcdl@yahoo.com,Genesis,Robertson,genrob210,$2b$12$qfDwZHjEi2e6HrwiS5qS77,customer,+33 (264) 610-6348,True,1952-06-09,True,https://cdn.biomedix.com/genrob210.png
trqujzm@gmail.com,Adam,Garcia,adagar447,$2b$12$FmZTlsrXmzOCAsCCbH5o0x,customer,+1 (372) 569-4577,False,1970-04-30,True,https://cdn.biomedix.com/adagar447.png
lsgygch@gmail.com,Hudson,Hamilton,hudham824,$2b$12$E4ZMyaou9ddKkv6VYk0MpS,customer,+33 (173) 342-3383,False,1983-11-16,True,https://cdn.biomedix.com/hudham824.png
arkamkv@gmail.com,Charles,Myers,chamye872,$2b$12$qJ1G3o8OC48GH85dXBnMS0,customer,+81 (578) 801-7532,True,1956-01-13,False,https://cdn.biomedix.com/chamye872.png
sjlgixi@yahoo.com,Aria,Peters,aripet373,$2b$12$1WdAD17596lYseuJblV9BO,customer,+33 (515) 670-8249,False,1950-12-06,True,https://cdn.biomedix.com/aripet373.png
vgmjqil@mail.com,Hannah,Stevens,hanste509,$2b$12$Cj49jNVmntjQbzfvzNeRvV,admin,+81 (151) 453-9300,True,1979-01-09,False,https://cdn.biomedix.com/hanste509.png
iosmdyg@outlook.com,Elliana,Thompson,elltho736,$2b$12$nRPCztGnMYWlsYl0QgScDe,customer,+39 (895) 356-5262,False,1979-12-31,True,https://cdn.biomedix.com/elltho736.png
pabxzrb@mail.com,Isaac,Washington,isawas396,$2b$12$K1t9fEJ2tFfzasIYSZfLnE,customer,+49 (972) 165-1683,True,2000-08-20,False,https://cdn.biomedix.com/isawas396.png
vzryrgb@mail.com,Charles,Harris,chahar111,$2b$12$FWO8wK9TRh8tVXlsSZXeQY,admin,+34 (195) 980-8116,False,1981-05-26,False,https://cdn.biomedix.com/chahar111.png
muyqbof@outlook.com,Zoey,Stevens,zoeste652,$2b$12$COwOBLhMlZudfFhLGI75kY,customer,+81 (606) 165-9056,False,1970-12-21,False,https://cdn.biomedix.com/zoeste652.png
jwtbodq@mail.com,Carter,Jackson,carjac647,$2b$12$QIhvxiSK040mBsC5Dxw72i,admin,+41 (709) 178-2400,False,1996-04-19,True,https://cdn.biomedix.com/carjac647.png
jlamdsr@gmail.com,Piper,Hawkins,piphaw957,$2b$12$9Hsn6MjYkEfa0f6JJ71Qmt,customer,+1 (249) 936-8018,True,1990-11-17,False,https://cdn.biomedix.com/piphaw957.png
vhwhhzp@outlook.com,Jaxon,Schmidt,jaxsch976,$2b$12$6z1Eui8KvvjgpfgZ2Eqltt,admin,+33 (244) 545-3669,False,1959-12-11,False,https://cdn.biomedix.com/jaxsch976.png
jxofzwu@gmail.com,Allison,Miles,allmil343,$2b$12$uvOzhl3xy6beQ1HErrCevK,admin,+41 (782) 988-6931,False,1990-12-18,False,https://cdn.biomedix.com/allmil343.png
afescir@mail.com,Elliana,English,elleng415,$2b$12$6Jvb9NDko6MMG33LyijSpU,customer,+41 (479) 222-9914,True,1985-02-28,True,https://cdn.biomedix.com/elleng415.png
kflqrsw@yahoo.com,Emma,Vargas,emmvar729,$2b$12$Mn1RZobWPV554aQKBbggUd,customer,+1 (538) 579-2561,False,1974-06-02,False,https://cdn.biomedix.com/emmvar729.png
blinhkm@gmail.com,Harper,Freeman,harfre623,$2b$12$UCzqbhsInU5mvOmAKx5f5j,customer,+41 (245) 345-7239,False,2004-05-15,False,https://cdn.biomedix.com/harfre623.png
ldafyxq@gmail.com,Autumn,Thornton,auttho787,$2b$12$6AViMZWFJQIEOcQd19OGZD,customer,+1 (127) 635-7954,True,1955-11-09,False,https://cdn.biomedix.com/auttho787.png
eycnlpc@mail.com,Nora,Knight,norkni943,$2b$12$boarG2VCbSeNFYUDX0SCSi,customer,+81 (135) 509-3635,False,2009-06-19,False,https://cdn.biomedix.com/norkni943.png
bjyaibt@yahoo.com,Dominic,Estrada,domest953,$2b$12$1ceAHVqbQGMeV34DsutOiF,customer,+33 (659) 181-9953,True,1967-04-12,True,https://cdn.biomedix.com/domest953.png
kplwrzi@gmail.com,David,Stone,davsto183,$2b$12$qQ1ReVapO6Whhck7HHksyp,customer,+44 (516) 626-7736,False,1966-03-08,False,https://cdn.biomedix.com/davsto183.png
wpxcedi@mail.com,Colton,Ryan,colrya433,$2b$12$tGhxQbWXrWRdl3Q0c6eLuV,admin,+1 (812) 431-4498,True,1995-12-29,True,https://cdn.biomedix.com/colrya433.png
rnbeiwz@mail.com,Emery,Knight,emekni994,$2b$12$ZUy9ig4FRfV6Fykf9CssSL,admin,+41 (782) 914-2983,True,1965-05-30,False,https://cdn.biomedix.com/emekni994.png
ddmamgu@gmail.com,Robert,Martin,robmar222,$2b$12$hdIHJymFKJtzw0VQDV8frg,customer,+41 (481) 600-2676,True,1962-03-13,True,https://cdn.biomedix.com/robmar222.png
dnopcbz@mail.com,Grace,Green,gragre556,$2b$12$WORrnmzF5iGsRpAjGqbYMo,admin,+33 (253) 120-9331,True,1989-12-03,False,https://cdn.biomedix.com/gragre556.png
lcatbim@outlook.com,Dylan,Rios,dylrio969,$2b$12$r1QdUu3gQM0fmiNa9Zyufe,customer,+1 (390) 180-3936,False,1995-11-18,True,https://cdn.biomedix.com/dylrio969.png
lksncjn@outlook.com,Bella,Adams,belada446,$2b$12$GFnfYCcqz5Rhp4vuuyVbU8,customer,+34 (536) 282-9815,False,1990-04-17,False,https://cdn.biomedix.com/belada446.png
noqspkk@gmail.com,Aaron,Gordon,aargor410,$2b$12$ybRr4WY2EEicwwsTvQ1CRQ,customer,+41 (402) 969-4879,True,1989-06-27,False,https://cdn.biomedix.com/aargor410.png
obuqyfr@outlook.com,Maya,Perry,mayper925,$2b$12$VHyyPUai8TkJHi3JkhxNWZ,customer,+33 (186) 432-1651,False,2008-03-15,True,https://cdn.biomedix.com/mayper925.png
eesewkd@mail.com,Parker,Rich,parric102,$2b$12$p0JSTS8JzgIPrgorQT5ffF,customer,+41 (133) 946-4123,True,1953-04-07,True,https://cdn.biomedix.com/parric102.png
dxatnil@mail.com,Isaac,Cunningham,isacun926,$2b$12$TuJhf4vYbJPSlZans9PEaG,customer,+34 (192) 461-2353,False,1996-05-03,False,https://cdn.biomedix.com/isacun926.png
ghrgfav@outlook.com,Evan,James,evajam510,$2b$12$XLSNcAUuSrsoNvLqYg0KEn,customer,+41 (259) 686-3387,True,1993-09-27,True,https://cdn.biomedix.com/evajam510.png
zgxczgd@mail.com,Charles,Miles,chamil908,$2b$12$PsmlEc1o97czCX2XnTTxIW,customer,+41 (615) 265-4161,False,2004-06-29,True,https://cdn.biomedix.com/chamil908.png
oglnjst@outlook.com,Alex,Fulton,aleful315,$2b$12$iJGWZtMsJGYVAkmZSCfphn,customer,+34 (971) 797-7638,False,1974-10-04,True,https://cdn.biomedix.com/aleful315.png
kvgcnfm@mail.com,Hailey,Sullivan,haisul102,$2b$12$lvSGk2NM91ZCQ291P4BUm4,customer,+1 (347) 946-3499,False,1977-04-20,False,https://cdn.biomedix.com/haisul102.png
ufoaacy@yahoo.com,Ryan,Soto,ryasot297,$2b$12$RaclDLU5lQTQQls21PFEwo,customer,+81 (522) 895-6127,True,1966-01-07,True,https://cdn.biomedix.com/ryasot297.png
rrzmdvu@gmail.com,Anthony,Guerrero,antgue129,$2b$12$vBvSPGOyma7LPTSEfNBkm8,admin,+81 (732) 393-6836,True,1990-05-01,False,https://cdn.biomedix.com/antgue129.png
kvruirh@mail.com,Ethan,Maddox,ethmad649,$2b$12$ENHjp903POHEX8GSjWqJWV,customer,+81 (165) 353-5097,True,1957-06-21,False,https://cdn.biomedix.com/ethmad649.png
mztbsdn@mail.com,Max,Shaw,maxsha492,$2b$12$z9ZEi94u3D4mxAhEqaI42V,customer,+41 (460) 293-5822,True,1958-05-08,False,https://cdn.biomedix.com/maxsha492.png
scguvbc@gmail.com,Isaiah,Owens,isaowe139,$2b$12$4wj6NCTvOddQUoLJnXemgQ,customer,+44 (136) 284-8377,True,1984-12-25,False,https://cdn.biomedix.com/isaowe139.png
pjpihhy@yahoo.com,Piper,Burnett,pipbur839,$2b$12$fg9wSKkmkXKlEKIITmuong,customer,+39 (534) 467-2047,True,1989-08-20,True,https://cdn.biomedix.com/pipbur839.png
gjsuhwo@gmail.com,Jeremiah,Green,jergre918,$2b$12$sPij19tTBgVSAjDpijCpJ6,customer,+49 (888) 329-2216,True,2010-10-27,False,https://cdn.biomedix.com/jergre918.png
ukrpthi@outlook.com,Alex,Clark,alecla580,$2b$12$4roI70G5u92u98oTmxkGsO,customer,+33 (393) 812-1589,True,1962-11-20,False,https://cdn.biomedix.com/alecla580.png
yfpuwpg@mail.com,Nathaniel,Bailey,natbai747,$2b$12$5l26ddxfaXqLC2YTIGjS9m,customer,+39 (528) 622-5604,True,1980-09-11,True,https://cdn.biomedix.com/natbai747.png
sksumoa@gmail.com,Mateo,Woods,matwoo923,$2b$12$6DrF60TPxfPllY3kSpgPTe,admin,+41 (167) 756-9435,True,1986-10-25,False,https://cdn.biomedix.com/matwoo923.png
rnmsqlk@outlook.com,Aaliyah,Porter,aalpor875,$2b$12$DUauCszN1XSMtAjDfHIF9n,admin,+33 (719) 720-6608,True,1992-03-06,False,https://cdn.biomedix.com/aalpor875.png
xbcxebl@mail.com,Skylar,Parsons,skypar252,$2b$12$fgdSIRpAqWrijOm99fksde,customer,+81 (575) 403-1724,True,1978-01-23,False,https://cdn.biomedix.com/skypar252.png
puvgsld@gmail.com,Wyatt,Price,wyapri767,$2b$12$16Nb4m6xHFxO9cj6F9UJGN,admin,+44 (201) 114-7674,False,1995-04-04,True,https://cdn.biomedix.com/wyapri767.png
vikpvvy@yahoo.com,Maria,Walker,marwal474,$2b$12$Eyw1ti28HzCyItyW5UrygW,admin,+33 (735) 494-8015,False,1953-01-09,False,https://cdn.biomedix.com/marwal474.png
eytwxqp@outlook.com,Harper,Foster,harfos379,$2b$12$IMCYfKHj7L2NvIRMIA6ZEe,admin,+39 (197) 713-2926,True,1996-11-28,False,https://cdn.biomedix.com/harfos379.png
aajqtru@mail.com,Nora,Peters,norpet247,$2b$12$lXZE7B4sdC2SDasfptYmqM,admin,+49 (180) 286-8669,True,1952-07-05,False,https://cdn.biomedix.com/norpet247.png
gaxnfjo@mail.com,Jordan,Wright,jorwri731,$2b$12$MuYr7YYlPQSoVr5ahtRtNa,customer,+1 (556) 673-6740,True,2006-02-20,False,https://cdn.biomedix.com/jorwri731.png
wvgdqxe@yahoo.com,Leo,Dunn,leodun774,$2b$12$MXc2EGy0meeBuoyF0WerEe,customer,+1 (417) 703-4262,True,1977-01-12,False,https://cdn.biomedix.com/leodun774.png
xivhqgd@mail.com,Max,Munoz,maxmun668,$2b$12$zMdL8HV2GZwkzVVSHBpAt1,customer,+49 (211) 823-6834,False,1972-10-29,True,https://cdn.biomedix.com/maxmun668.png
ocqufzg@yahoo.com,Kevin,Miller,kevmil629,$2b$12$g7PByes9gLVdFBrkXwsc91,customer,+1 (809) 373-9470,True,2009-10-04,True,https://cdn.biomedix.com/kevmil629.png
zkfpvav@gmail.com,Willow,Green,wilgre629,$2b$12$W9BTY48X4OyrnYBPQZ2T0z,customer,+44 (151) 638-3821,False,2002-02-26,True,https://cdn.biomedix.com/wilgre629.png
asosfsu@mail.com,John,Zimmerman,johzim335,$2b$12$5iPmTGVJeV3TmSoXKqwDxj,customer,+1 (798) 502-6725,False,2005-11-01,True,https://cdn.biomedix.com/johzim335.png
zciqniu@mail.com,Savannah,Jordan,savjor578,$2b$12$MTKfZFweBAgP9GbILI6ujO,admin,+81 (245) 854-1197,True,1972-03-12,False,https://cdn.biomedix.com/savjor578.png
boavlys@gmail.com,Dominic,Murphy,dommur558,$2b$12$4RNd8ABpIDf444yjlji6iM,admin,+1 (572) 466-5387,True,2002-12-03,True,https://cdn.biomedix.com/dommur558.png
hfvyacn@gmail.com,Quinn,Mendez,quimen681,$2b$12$ju6I7th1Im8jUYd7z01qa5,customer,+39 (613) 652-6154,False,2004-06-27,True,https://cdn.biomedix.com/quimen681.png
wifnjkd@gmail.com,Grace,Bryant,grabry970,$2b$12$ALBoczrZP2uEyqMqy91jIe,customer,+39 (951) 859-3915,True,1968-01-20,False,https://cdn.biomedix.com/grabry970.png
xgxaxpp@mail.com,Owen,Bowers,owebow883,$2b$12$fWYjc1xcRt8AA4c9gWGXlC,customer,+33 (362) 603-8053,True,2001-04-17,True,https://cdn.biomedix.com/owebow883.png
jiofcfk@outlook.com,Ruby,Brown,rubbro843,$2b$12$IYkBsbQDBrJR0VpQoYGRl3,admin,+81 (381) 890-6848,True,2002-08-19,True,https://cdn.biomedix.com/rubbro843.png
ozwzrci@outlook.com,Lily,Ferguson,lilfer276,$2b$12$lsqm6WHjAh1UKdvuCxy5aa,admin,+34 (580) 143-4507,False,1978-04-26,False,https://cdn.biomedix.com/lilfer276.png
hcizlbj@gmail.com,Christopher,Maddox,chrmad477,$2b$12$CpFxb9VG4zwzLM7t8KzKxO,admin,+39 (892) 993-6665,True,2006-07-16,False,https://cdn.biomedix.com/chrmad477.png
lqvzonq@gmail.com,James,Campos,jamcam104,$2b$12$hIj51McLRZ1Dmc4ZLBjTyJ,admin,+44 (412) 118-7302,True,1984-12-02,False,https://cdn.biomedix.com/jamcam104.png
yfyxhuk@yahoo.com,Parker,Sullivan,parsul192,$2b$12$qIRFXmw5abVUV7LXQsBhUe,admin,+33 (744) 500-2465,True,1955-11-29,False,https://cdn.biomedix.com/parsul192.png
fgnpwvv@mail.com,Noah,Duncan,noadun984,$2b$12$KgnQ9E2ToJKtbGnDhzwanq,admin,+44 (312) 448-8769,True,1992-08-05,False,https://cdn.biomedix.com/noadun984.png
gclklkz@gmail.com,Hazel,Ballard,hazbal885,$2b$12$ocEqh4wPVanDamnHCNbiVR,admin,+33 (263) 385-2163,False,1976-12-03,False,https://cdn.biomedix.com/hazbal885.png
rrczseu@yahoo.com,Luna,Pena,lunpen104,$2b$12$AWIohaizPuqXnllDdYRBal,customer,+39 (511) 826-4754,False,1971-05-17,False,https://cdn.biomedix.com/lunpen104.png
dkjqkqn@gmail.com,Nicholas,Gonzalez,nicgon358,$2b$12$KeQVYP7AhnFzNRYNK79Gmo,customer,+39 (423) 427-4507,False,1985-07-01,False,https://cdn.biomedix.com/nicgon358.png
kgwzzcp@mail.com,Connor,Griffin,congri807,$2b$12$let9fpbe5dYFAZrRChphhF,customer,+34 (273) 453-5149,False,2002-05-09,False,https://cdn.biomedix.com/congri807.png
vvnugoc@yahoo.com,Khloe,Guerrero,khlgue434,$2b$12$FdWd6XaB05rgOwWY0cHGZD,customer,+34 (837) 850-5772,False,2004-06-21,False,https://cdn.biomedix.com/khlgue434.png
crfaynm@yahoo.com,David,Anderson,davand190,$2b$12$ZAjZaLqprBHQJ3b8dIcFgj,customer,+49 (106) 518-6912,True,1978-02-12,False,https://cdn.biomedix.com/davand190.png
rwwbgcv@outlook.com,Logan,Nichols,lognic611,$2b$12$9BAAs6whNLMqNJUjaDhrmX,customer,+41 (942) 538-4044,False,2007-04-09,True,https://cdn.biomedix.com/lognic611.png
uzhofth@outlook.com,Addison,Wood,addwoo432,$2b$12$jG0GEx7bXCtwDWrHvvacgJ,admin,+39 (622) 129-1066,True,1991-08-06,True,https://cdn.biomedix.com/addwoo432.png
trthqga@yahoo.com,Chloe,Boyd,chlboy814,$2b$12$QJmzYAYnXFgCn3WBElDNd0,customer,+41 (199) 113-8829,True,2001-12-30,True,https://cdn.biomedix.com/chlboy814.png
fucihhz@gmail.com,Nathan,Rose,natros525,$2b$12$eqlQt25JpLV6eEMfwOL1hT,customer,+49 (989) 278-9184,True,1977-11-09,False,https://cdn.biomedix.com/natros525.png
loeekwp@yahoo.com,Colton,Lang,collan237,$2b$12$mOvSG6mf8SscXrwOEAi5Xu,customer,+1 (708) 220-6924,True,1964-11-06,True,https://cdn.biomedix.com/collan237.png
qyphznh@outlook.com,Laura,Nelson,launel495,$2b$12$wrUfCKuqpQRh8XHbg4Z9KB,admin,+39 (186) 130-6212,False,1993-01-31,True,https://cdn.biomedix.com/launel495.png
smgkgra@mail.com,Grace,Giles,gragil274,$2b$12$fv0eOjUTiWRdVbJ6OB0ocJ,admin,+81 (220) 668-8711,True,1950-03-22,True,https://cdn.biomedix.com/gragil274.png
tcepbdt@outlook.com,Colton,Hill,colhil290,$2b$12$mdi6fyLzoLooxESPP2QiEe,customer,+1 (702) 470-6338,True,1994-06-14,False,https://cdn.biomedix.com/colhil290.png
nxfelbx@yahoo.com,Owen,Lambert,owelam990,$2b$12$N0hI8yKVLHC4R6FQDe6esH,admin,+81 (355) 164-6121,False,1988-10-11,False,https://cdn.biomedix.com/owelam990.png
idgpitv@outlook.com,Kinsley,Munoz,kinmun911,$2b$12$ohWg1x0IGJwmGTrm6le0rA,customer,+33 (884) 854-5418,False,1965-12-08,True,https://cdn.biomedix.com/kinmun911.png
sxcoibq@gmail.com,Adrian,Bush,adrbus954,$2b$12$0U52TKszZqvX29GxISFLLJ,customer,+81 (393) 747-9362,False,1993-02-15,True,https://cdn.biomedix.com/adrbus954.png
kiigaks@mail.com,Jordan,Nunez,jornun788,$2b$12$g8oMR9eJ42Lt7egHlRx44o,customer,+39 (703) 647-5054,False,1958-09-28,False,https://cdn.biomedix.com/jornun788.png
icdlcam@outlook.com,Bella,Holmes,belhol116,$2b$12$sCd6H9jB7pK48RzvUFdOdA,admin,+41 (843) 487-5613,False,1988-10-09,True,https://cdn.biomedix.com/belhol116.png
faxaneb@yahoo.com,Quinn,Robertson,quirob672,$2b$12$RzVG0tfpBoQrGrnz6Vack3,customer,+49 (413) 854-1212,False,2007-12-03,True,https://cdn.biomedix.com/quirob672.png
dajotks@outlook.com,Ella,Spencer,ellspe509,$2b$12$ox08ChbRU0tg6HkLFNCkRo,customer,+41 (548) 586-8439,False,1999-01-11,True,https://cdn.biomedix.com/ellspe509.png
strcmeg@gmail.com,Addison,Griffin,addgri447,$2b$12$wJAhbJwqH9ObXOiyu1zRBq,admin,+81 (869) 439-3087,True,1972-01-11,False,https://cdn.biomedix.com/addgri447.png
vjmlexo@mail.com,Alice,Miles,alimil213,$2b$12$ACVpP3po7RKbz5RttEY3Rt,admin,+41 (342) 875-1466,True,1974-01-14,True,https://cdn.biomedix.com/alimil213.png
pppvouv@yahoo.com,Charlotte,Coleman,chacol634,$2b$12$0ycyEfveDXbe4jOPu00TDz,customer,+44 (601) 590-5635,False,1969-12-08,False,https://cdn.biomedix.com/chacol634.png
nhejmvf@outlook.com,Isabella,Jimenez,isajim584,$2b$12$pTeIDbr2J9m8ERnxVDmMuC,customer,+44 (174) 701-4350,True,1966-10-24,True,https://cdn.biomedix.com/isajim584.png
otwupgn@outlook.com,Peyton,Carter,peycar498,$2b$12$QkNHYmR7K9IhJFpIx2ANtL,customer,+33 (409) 545-1669,False,1968-01-21,True,https://cdn.biomedix.com/peycar498.png
mjufwwy@gmail.com,Elizabeth,Gomez,eligom284,$2b$12$6xjDptSkHWLNNRd9xtGLno,admin,+49 (494) 179-4298,True,1959-10-18,False,https://cdn.biomedix.com/eligom284.png
xwvbaye@gmail.com,Emily,Hicks,emihic182,$2b$12$kziiW5HvZmzRfchKYAZkIp,customer,+39 (927) 876-7058,False,1993-01-29,True,https://cdn.biomedix.com/emihic182.png
nzltuif@mail.com,Mia,Turner,miatur443,$2b$12$js5GkIOBuWd2hoTzdsmaTl,customer,+44 (339) 716-7739,True,1956-02-21,False,https://cdn.biomedix.com/miatur443.png
tnpzsud@yahoo.com,Charles,Ray,charay755,$2b$12$L3NvoExhtXr79t0yL77cl0,admin,+33 (960) 207-7315,True,1964-11-05,True,https://cdn.biomedix.com/charay755.png
obykkwk@yahoo.com,Sophia,Shaw,sopsha111,$2b$12$U6O3Y1DKxkA03DrzXk4nbK,customer,+33 (736) 189-4144,True,2000-07-02,True,https://cdn.biomedix.com/sopsha111.png
mrsukzu@outlook.com,Lillian,Holmes,lilhol278,$2b$12$18hW4oPHntYHGeHy4fYegD,admin,+1 (615) 786-1492,True,2005-02-07,True,https://cdn.biomedix.com/lilhol278.png
tzrftqc@outlook.com,Charles,Willis,chawil776,$2b$12$36YundenJrWSJ1Fpgo1JEH,customer,+49 (643) 392-3220,True,1952-07-19,True,https://cdn.biomedix.com/chawil776.png
vrkufew@yahoo.com,Naomi,Hood,naohoo159,$2b$12$11bmX8f55DyiV1j6D4I4lV,customer,+39 (829) 175-6748,True,1972-06-10,False,https://cdn.biomedix.com/naohoo159.png
ehyyohw@mail.com,Bella,Cantrell,belcan358,$2b$12$K1Z0m4wHhMHQ9qxmIYYxct,customer,+34 (574) 223-8578,True,1972-05-18,True,https://cdn.biomedix.com/belcan358.png
qyubhaa@outlook.com,Piper,Dixon,pipdix735,$2b$12$ASbjBfCAW2Kpwd5qYnz6vp,customer,+49 (805) 358-1034,True,2002-12-30,True,https://cdn.biomedix.com/pipdix735.png
llhefab@yahoo.com,Jacob,Ferguson,jacfer376,$2b$12$Ewp5SJ0l6QmluWS83rKJJ3,customer,+39 (330) 364-1722,False,1963-06-16,True,https://cdn.biomedix.com/jacfer376.png
vtlfipo@yahoo.com,Robert,Patterson,robpat974,$2b$12$v5eQVEIXqzwuvpJNzW5xOM,customer,+1 (868) 762-2955,False,2001-08-07,True,https://cdn.biomedix.com/robpat974.png
ukgqerw@mail.com,Grace,Simmons,grasim936,$2b$12$57PL58qBiYSpEy3h6Wi0GO,customer,+1 (798) 243-9107,True,2004-06-08,True,https://cdn.biomedix.com/grasim936.png
ulsegfz@yahoo.com,Jonathan,Delgado,jondel978,$2b$12$kjftEcG34qLcm30mB8eHxq,admin,+41 (459) 895-9686,False,1993-09-15,False,https://cdn.biomedix.com/jondel978.png
dfqhujx@yahoo.com,Jonathan,Campos,joncam415,$2b$12$Kky86dV8eEQZnbk1yplwgu,admin,+39 (895) 707-3720,False,1994-02-19,False,https://cdn.biomedix.com/joncam415.png
gpucsxp@gmail.com,Zoey,Pena,zoepen348,$2b$12$CqsyIHUTGjZneqA5M6cOgt,admin,+41 (213) 865-1283,True,1973-11-15,False,https://cdn.biomedix.com/zoepen348.png
acpepzz@outlook.com,Zoey,Bonilla,zoebon927,$2b$12$z8tIvr5ZTHeFwK5DPio2Ys,admin,+49 (398) 453-7679,True,1951-02-28,False,https://cdn.biomedix.com/zoebon927.png
zyiulfg@yahoo.com,Michael,Diaz,micdia909,$2b$12$a8WyF022GEvc3oZRRXVHXt,admin,+34 (627) 260-7739,False,1988-02-26,True,https://cdn.biomedix.com/micdia909.png
mbfeiau@mail.com,Brooklyn,Ramirez,broram380,$2b$12$wfXWMdpSgIErjOAPzGlu1D,admin,+81 (256) 630-8211,True,2005-06-22,True,https://cdn.biomedix.com/broram380.png
gbmlmwo@mail.com,Christian,Hart,chrhar621,$2b$12$ZSDnH8pnsnrXeioiejZxAE,customer,+44 (319) 255-3133,False,1967-03-21,True,https://cdn.biomedix.com/chrhar621.png
nogokwv@mail.com,Mackenzie,Garcia,macgar931,$2b$12$8mr6IDtlfByYZUaar37ISi,customer,+34 (430) 735-5865,True,1962-02-20,True,https://cdn.biomedix.com/macgar931.png
bgfkgcv@yahoo.com,Amelia,Boyd,ameboy892,$2b$12$ToSdfy5taUwmIidiVGtf0R,admin,+44 (503) 810-8323,True,1963-10-22,False,https://cdn.biomedix.com/ameboy892.png
aezlkni@outlook.com,Gabriel,Rose,gabros141,$2b$12$5ys8Cx2R9djydtPoiyyeKM,customer,+49 (760) 909-4286,False,1995-04-17,True,https://cdn.biomedix.com/gabros141.png
qbcymcl@gmail.com,Ellie,Nunez,ellnun114,$2b$12$zB0jRDv0OAh5EwXua1qdRm,customer,+39 (349) 567-9809,True,1962-06-17,False,https://cdn.biomedix.com/ellnun114.png
hmcarwl@outlook.com,Skylar,Armstrong,skyarm876,$2b$12$oEFNkYjdoEYIIgJrRd4G5t,customer,+39 (428) 895-8880,False,2000-11-09,True,https://cdn.biomedix.com/skyarm876.png
glqcydw@mail.com,Robert,Stone,robsto488,$2b$12$Jb6ijhOth0ARTKGT4lKNyU,admin,+39 (153) 366-3240,True,1991-06-16,False,https://cdn.biomedix.com/robsto488.png
niwzhcj@gmail.com,Zoey,Perkins,zoeper462,$2b$12$krY7JHYSmi3wWWpaZo9gs0,customer,+49 (398) 699-2155,True,1959-02-02,False,https://cdn.biomedix.com/zoeper462.png
ikqbevi@gmail.com,Elizabeth,Munoz,elimun772,$2b$12$rWtUPqxe8EgSbo6cRLUmL7,customer,+41 (439) 901-9728,True,1963-04-23,False,https://cdn.biomedix.com/elimun772.png
ogsanfg@yahoo.com,Jayden,Thompson,jaytho126,$2b$12$s1X0T3wRpXjqnci8eWltP1,customer,+33 (419) 753-6803,False,1983-02-06,False,https://cdn.biomedix.com/jaytho126.png
ynzkfyc@mail.com,Nathaniel,Ramos,natram808,$2b$12$dfZJ5RiKUGuWSdyxqwdzxG,customer,+34 (318) 752-7785,True,2006-02-11,False,https://cdn.biomedix.com/natram808.png
vlbfdhl@gmail.com,Serenity,Ross,serros837,$2b$12$RBmDMjmQcQ3t8b5dE9wXao,customer,+81 (649) 131-4359,False,1998-07-12,True,https://cdn.biomedix.com/serros837.png
ytfeyvq@yahoo.com,Hazel,Alvarez,hazalv480,$2b$12$5YCfSIUgAfZzxpxeABYIgC,customer,+41 (679) 402-8670,True,1996-01-24,False,https://cdn.biomedix.com/hazalv480.png
pkmankw@outlook.com,Adrian,Lopez,adrlop274,$2b$12$RdnCrjxmRrX7JSLoKg8KFp,customer,+33 (821) 163-3708,True,1979-05-01,False,https://cdn.biomedix.com/adrlop274.png
dexfhwy@yahoo.com,Elliana,Bonilla,ellbon366,$2b$12$4O7X79d3iSrCLGVikRfrvW,customer,+41 (669) 278-7157,True,1952-07-27,True,https://cdn.biomedix.com/ellbon366.png
eqmjbkz@mail.com,Eli,Allen,eliall378,$2b$12$dLEiFkoENtQZVw2AAB95L8,customer,+1 (859) 662-7527,True,1988-12-03,False,https://cdn.biomedix.com/eliall378.png
rhnqctk@outlook.com,Grace,Horn,grahor887,$2b$12$pP8EYerHH78n2PjwYy7tty,customer,+1 (426) 518-6281,False,1987-11-28,False,https://cdn.biomedix.com/grahor887.png
zeghism@yahoo.com,Amelia,Evans,ameeva702,$2b$12$2CIPZL9NQ4MdrgK5RySCbK,admin,+81 (237) 791-4786,False,1954-11-02,False,https://cdn.biomedix.com/ameeva702.png
lilfukm@mail.com,Nathaniel,Daniels,natdan664,$2b$12$4p0p1n9ZWpQepwSCapSJcr,customer,+33 (284) 739-8269,True,1966-04-09,True,https://cdn.biomedix.com/natdan664.png
wsltzoh@yahoo.com,Liam,Weaver,liawea529,$2b$12$hshjg4DFA9HIduVZjzGNY2,customer,+44 (180) 907-5142,False,1999-08-24,False,https://cdn.biomedix.com/liawea529.png
ljyxchw@mail.com,Elliana,Morales,ellmor998,$2b$12$NcOXzQFA8oVARZEPJUYrMv,customer,+49 (610) 389-8585,False,1961-10-10,True,https://cdn.biomedix.com/ellmor998.png
vvstqkm@gmail.com,Wyatt,Robinson,wyarob896,$2b$12$gIew3E9xL0ikOGTW0QwH4e,admin,+81 (976) 141-7469,True,2009-02-28,True,https://cdn.biomedix.com/wyarob896.png
ohzeirp@gmail.com,Benjamin,Gonzalez,bengon506,$2b$12$OE0b9nKKvKSbQDqHVMoqfQ,admin,+39 (292) 658-4057,False,1977-05-26,True,https://cdn.biomedix.com/bengon506.png
krqnhim@gmail.com,Hudson,Romero,hudrom501,$2b$12$Extk4Fq5DU1gey5UlVUeHi,customer,+41 (577) 820-1826,True,1955-07-14,True,https://cdn.biomedix.com/hudrom501.png
kompjot@mail.com,Bella,Jones,beljon906,$2b$12$fdYQExoZClZXT5mHqvChlb,admin,+49 (213) 813-8584,True,2002-08-02,False,https://cdn.biomedix.com/beljon906.png
svsfhpn@mail.com,Asher,Spencer,ashspe315,$2b$12$tTqMdBwuvZSocU3GG50q6R,admin,+41 (262) 292-4406,False,1975-02-09,True,https://cdn.biomedix.com/ashspe315.png
cpeyrji@gmail.com,Sadie,Cantrell,sadcan490,$2b$12$Z82Z8NXT2hIHsAfYlRMZmL,customer,+49 (624) 288-1626,False,1979-04-28,False,https://cdn.biomedix.com/sadcan490.png
zqydejf@gmail.com,Emma,Pierce,emmpie639,$2b$12$hq2jjfZFxwpB5sjKa99FdI,admin,+34 (636) 630-5250,False,1970-02-16,True,https://cdn.biomedix.com/emmpie639.png
ogfnhhs@gmail.com,Lily,Gardner,lilgar906,$2b$12$pKKSRLOpjvfwykTrslDO4u,customer,+33 (873) 908-7605,True,2007-02-15,True,https://cdn.biomedix.com/lilgar906.png
exzoiww@outlook.com,Aaron,Roberts,aarrob518,$2b$12$XdeLp521YtCWKZQsyrsQsE,admin,+49 (198) 273-4704,False,1960-07-21,True,https://cdn.biomedix.com/aarrob518.png
rxzsert@outlook.com,Zoey,Sullivan,zoesul853,$2b$12$NiGhBXNTo4kLTJ745GVnu7,admin,+41 (306) 746-2432,True,1997-09-08,True,https://cdn.biomedix.com/zoesul853.png
gfnaran@yahoo.com,Justin,Wilson,juswil324,$2b$12$EWgsPp65sTvJnt5z1RGncT,admin,+1 (336) 646-3746,True,1968-10-23,True,https://cdn.biomedix.com/juswil324.png
qoygyed@gmail.com,Robert,Arnold,robarn839,$2b$12$MMRlldUqtnSJtsvagWjR4Y,customer,+34 (373) 620-1866,True,1968-04-23,True,https://cdn.biomedix.com/robarn839.png
sfwjszk@yahoo.com,Emma,Snyder,emmsny943,$2b$12$fZLBKXqxbdf5qEuUwY2osb,customer,+34 (698) 489-8259,True,1984-12-19,True,https://cdn.biomedix.com/emmsny943.png
uqtlixc@gmail.com,Joseph,Kennedy,josken274,$2b$12$GvJ0ZpU6hSgcuXc2Ru9a3l,customer,+1 (357) 657-6143,True,1984-10-15,True,https://cdn.biomedix.com/josken274.png
ovkscnw@gmail.com,John,Marshall,johmar526,$2b$12$UYp0qu7ftmjqjQd39iU8OF,customer,+49 (604) 657-6202,True,2010-05-24,True,https://cdn.biomedix.com/johmar526.png
ccqgioj@mail.com,Addison,James,addjam818,$2b$12$csf4Qu0SJXcpAjgiInVEYA,customer,+41 (452) 519-8665,True,1961-07-14,False,https://cdn.biomedix.com/addjam818.png
yahdpbk@mail.com,Leah,Andrews,leaand823,$2b$12$6q0xoWCqVIMkDo7FMXPSjt,customer,+44 (789) 414-7063,False,1998-10-25,True,https://cdn.biomedix.com/leaand823.png
bdtevdm@yahoo.com,Jane,Warren,janwar132,$2b$12$qXi0HLXFaOnrsGXKi3DTtw,admin,+34 (685) 351-4851,True,1964-10-21,False,https://cdn.biomedix.com/janwar132.png
tsrshmr@yahoo.com,Isaiah,Glenn,isagle316,$2b$12$VzfVPUpoF2XpO3gpL7bEIG,customer,+41 (240) 353-3088,False,1990-11-21,False,https://cdn.biomedix.com/isagle316.png
yuvjyma@mail.com,Serenity,Bonilla,serbon414,$2b$12$17C1G74CPj7VK41lIeaGn7,admin,+49 (985) 860-9937,False,1998-06-17,True,https://cdn.biomedix.com/serbon414.png
fbnwife@yahoo.com,Harper,Stone,harsto705,$2b$12$FLNTOQYpIWV6ifI4FFFftL,admin,+49 (101) 887-5845,False,1954-11-18,True,https://cdn.biomedix.com/harsto705.png
msulbnw@yahoo.com,Isaiah,Peterson,isapet414,$2b$12$kuyXpHpnfKCoq0uJzN7144,customer,+33 (581) 983-2411,True,1958-11-23,True,https://cdn.biomedix.com/isapet414.png
zuiygii@outlook.com,Madison,Bowers,madbow294,$2b$12$9DxuEiY0tw0bqXdHD8OLCy,admin,+33 (448) 231-5381,True,1959-09-19,False,https://cdn.biomedix.com/madbow294.png
kagnmqv@outlook.com,Audrey,Ross,audros327,$2b$12$aF9VrxO1z691degwIyv8M7,customer,+34 (770) 944-3259,True,1973-04-15,False,https://cdn.biomedix.com/audros327.png
tgffsxo@mail.com,Victoria,Franco,vicfra431,$2b$12$pHjxRnrus7EgmsH5LOkA35,customer,+33 (907) 441-7536,False,1963-07-12,False,https://cdn.biomedix.com/vicfra431.png
cfxlcee@gmail.com,Nathaniel,Maddox,natmad471,$2b$12$xZgAtMyQ5ocNAa37QnyXsE,admin,+1 (758) 516-4385,True,2000-08-02,False,https://cdn.biomedix.com/natmad471.png
brvkrca@yahoo.com,Willow,Peterson,wilpet757,$2b$12$cDFGZZUztywjbNzszczfB1,admin,+44 (537) 130-7826,False,1987-02-06,True,https://cdn.biomedix.com/wilpet757.png
gniktvv@gmail.com,Leah,Mclaughlin,leamcl125,$2b$12$oBU3OJZG0F2BNPljE6N09V,customer,+44 (214) 583-4075,True,1985-01-16,True,https://cdn.biomedix.com/leamcl125.png
uvfupeo@outlook.com,Liam,West,liawes883,$2b$12$AFWW02y5klb2UC9SSqJ7l0,customer,+49 (315) 103-2544,True,1999-11-26,True,https://cdn.biomedix.com/liawes883.png
xymelze@outlook.com,Connor,Castro,concas796,$2b$12$mr5p3uB7sJjyf1BTi9Zh8t,customer,+44 (343) 142-3537,False,1955-05-24,True,https://cdn.biomedix.com/concas796.png
kxewjdr@yahoo.com,Olivia,King,olikin257,$2b$12$0AtjoMkOy3gTCS5zmOc82L,admin,+34 (955) 551-6788,True,2005-06-12,False,https://cdn.biomedix.com/olikin257.png
ayklqlo@yahoo.com,Caleb,Richardson,calric981,$2b$12$qB9KQMdHnDvQVL1yDFPrnB,customer,+34 (273) 243-1221,False,1998-07-11,False,https://cdn.biomedix.com/calric981.png
gnrkkmt@gmail.com,Owen,Wilson,owewil690,$2b$12$pqpV6v2fExbwGY62CBT1ow,admin,+81 (489) 201-7380,True,1971-02-07,True,https://cdn.biomedix.com/owewil690.png
hyibzlf@yahoo.com,Lincoln,Marshall,linmar789,$2b$12$XeA29THr8A3WK6agSc5zjp,customer,+49 (937) 329-1204,False,1963-06-28,True,https://cdn.biomedix.com/linmar789.png
jcjhdon@yahoo.com,Ariana,Parker,aripar494,$2b$12$LQXQ3widD1VyUp15dC9v2R,customer,+41 (905) 837-8152,False,1991-02-06,True,https://cdn.biomedix.com/aripar494.png
ssvbpwc@mail.com,Dominic,Scott,domsco149,$2b$12$KmwBLZniSpnLEnoKvKnAU1,admin,+49 (351) 768-8505,True,1956-04-12,True,https://cdn.biomedix.com/domsco149.png
eeswryz@outlook.com,Elizabeth,Chapman,elicha659,$2b$12$CKlrgCOEYdOkzZs7E1da7h,customer,+34 (194) 152-4588,False,1973-01-20,False,https://cdn.biomedix.com/elicha659.png
mgpxjrp@mail.com,Jonathan,Patterson,jonpat142,$2b$12$3TUNRSO5RgvPzVSy1sSQ0Z,customer,+39 (907) 774-8513,True,1972-07-18,False,https://cdn.biomedix.com/jonpat142.png
mscrijw@outlook.com,Levi,Palmer,levpal590,$2b$12$UTJKv0zuGISCIvFHSEy7I7,customer,+34 (490) 365-4976,False,2009-09-18,False,https://cdn.biomedix.com/levpal590.png
bxiouaq@gmail.com,Anthony,Tucker,anttuc465,$2b$12$FsxdqEiRANLpVoIX1fVr62,customer,+39 (167) 960-2520,True,1985-12-24,False,https://cdn.biomedix.com/anttuc465.png
flqbptq@mail.com,Bella,Dominguez,beldom612,$2b$12$D0ISlGKJaDIHZiObPobuzQ,customer,+41 (186) 553-1269,True,1959-08-24,False,https://cdn.biomedix.com/beldom612.png
ulyaiwr@gmail.com,Brayden,Davis,bradav982,$2b$12$1sglDNqlGlQlufLgxdINBj,admin,+33 (266) 169-1898,True,1976-01-03,True,https://cdn.biomedix.com/bradav982.png
lhushho@gmail.com,Stella,Vincent,stevin911,$2b$12$5CVBpfmQKb46neYSEUhhuF,admin,+34 (288) 378-3214,True,2005-04-16,True,https://cdn.biomedix.com/stevin911.png
fsbetql@outlook.com,Jonathan,Washington,jonwas518,$2b$12$YbOgOkTZyDePJpRSWDo1Z3,customer,+49 (305) 391-5777,False,2001-09-07,True,https://cdn.biomedix.com/jonwas518.png
qsygkvv@mail.com,Daniel,Vang,danvan306,$2b$12$N5CtGNyd9wIr5MrCbBoPZ1,admin,+1 (149) 844-3942,True,1954-07-30,True,https://cdn.biomedix.com/danvan306.png
ybsluud@mail.com,Serenity,Stone,sersto158,$2b$12$0oUfyOTLNbmCsImwQcu7NT,customer,+41 (287) 215-9422,False,1990-11-29,True,https://cdn.biomedix.com/sersto158.png
crckqdf@yahoo.com,Daniel,Wallace,danwal816,$2b$12$Sr7wXWfp2TjCb0Mx7gxjHi,customer,+49 (878) 872-6026,True,1980-01-15,True,https://cdn.biomedix.com/danwal816.png
nlrglim@yahoo.com,Samantha,Ruiz,samrui881,$2b$12$78wFuqYLVE41IMWLWtcXWf,admin,+39 (657) 766-5524,False,1955-07-30,False,https://cdn.biomedix.com/samrui881.png
nodyikx@mail.com,Levi,Vang,levvan203,$2b$12$3qiZQ6bMU6NsHXh3ThJ4V3,customer,+41 (150) 738-6232,True,1954-04-23,True,https://cdn.biomedix.com/levvan203.png
hxkotcr@mail.com,Noah,Patel,noapat670,$2b$12$eAPF07ZhehjfwBH8Jerk1k,customer,+81 (967) 504-7144,True,1960-02-07,False,https://cdn.biomedix.com/noapat670.png
lutkoky@gmail.com,Leah,Weaver,leawea691,$2b$12$HYxeApeCsu7RjozsJCvotf,customer,+44 (874) 979-8735,True,1976-04-01,False,https://cdn.biomedix.com/leawea691.png
ubnejof@outlook.com,Andrew,Mckinney,andmck475,$2b$12$lAn8PDEQN5TQHerEKQ1xTm,customer,+39 (952) 108-5353,True,2008-01-28,True,https://cdn.biomedix.com/andmck475.png
vymffeg@yahoo.com,Parker,Stone,parsto317,$2b$12$WPMioRkGibqKK1pz6kEmJ0,customer,+44 (110) 571-8597,False,1983-03-18,False,https://cdn.biomedix.com/parsto317.png
rluyqfg@yahoo.com,Hannah,Black,hanbla480,$2b$12$81orYJvnySaiwohuFxzBHH,customer,+41 (186) 370-2872,False,1952-09-01,True,https://cdn.biomedix.com/hanbla480.png
yokdedv@yahoo.com,Nicholas,Nguyen,nicngu193,$2b$12$Tj5GvLSdgorAW3sLfEVoLR,admin,+33 (566) 531-7289,False,1968-07-14,False,https://cdn.biomedix.com/nicngu193.png
yrihhjo@mail.com,Jaxon,James,jaxjam148,$2b$12$Rw8o07otbW7ocS9Vsg4qa4,customer,+39 (367) 297-7619,True,1964-07-15,False,https://cdn.biomedix.com/jaxjam148.png
rjprsxa@outlook.com,Charles,Edwards,chaedw275,$2b$12$BoHW1omaRBrGqaPeKZhZqt,admin,+49 (911) 662-2050,False,1977-05-07,False,https://cdn.biomedix.com/chaedw275.png
wnmymhy@outlook.com,Isaiah,Peters,isapet274,$2b$12$LYKOag3a7fmf0dDE3jSVU4,customer,+44 (374) 857-6151,False,2006-05-17,False,https://cdn.biomedix.com/isapet274.png
rriysnr@yahoo.com,Charlotte,Owens,chaowe180,$2b$12$Q3vNj2Nej4mQRkdvyvpzPL,customer,+33 (798) 210-6875,False,1963-02-26,False,https://cdn.biomedix.com/chaowe180.png
rqasiji@gmail.com,Leah,Howard,leahow903,$2b$12$44AqreZl0EbLfyDv3WCZ3M,admin,+34 (419) 461-4986,True,1955-01-31,False,https://cdn.biomedix.com/leahow903.png
uqbwrvd@gmail.com,Sofia,Duncan,sofdun689,$2b$12$VLEJnk345cA8GblbIhWGg4,customer,+81 (115) 359-7568,True,1969-01-12,False,https://cdn.biomedix.com/sofdun689.png
qvjygen@mail.com,Zoey,Moreno,zoemor950,$2b$12$RjntTmgYsr1bmlqvjKj0k6,customer,+34 (231) 578-1825,True,1957-02-21,True,https://cdn.biomedix.com/zoemor950.png
eoohwrb@yahoo.com,Jayden,Pierce,jaypie803,$2b$12$0nWgVuAe2RFeyvFw6PUK7v,customer,+81 (931) 388-1174,True,1986-12-09,True,https://cdn.biomedix.com/jaypie803.png
pvbttxq@outlook.com,Levi,Payne,levpay198,$2b$12$dtvjHdfCQkrjFNqhst5q8f,customer,+81 (538) 525-2946,True,1980-04-08,False,https://cdn.biomedix.com/levpay198.png
bjfffkz@mail.com,Khloe,Fisher,khlfis166,$2b$12$ddBg8BJt4HXtXFfdG2ZrrF,admin,+49 (669) 367-7654,False,2006-02-19,True,https://cdn.biomedix.com/khlfis166.png
nnovvvx@outlook.com,Eleanor,Maddox,elemad841,$2b$12$H38OXsJDtFlRcZAyZAZPNe,customer,+1 (102) 224-9537,False,2008-12-28,True,https://cdn.biomedix.com/elemad841.png
jviocul@mail.com,Parker,Vasquez,parvas187,$2b$12$eDbwuUWvaZ5J3CGFcb1bn5,admin,+41 (805) 117-6510,False,1963-01-13,True,https://cdn.biomedix.com/parvas187.png
gqtrsxo@yahoo.com,Colton,Davis,coldav920,$2b$12$l8diuSucrCPy3uKEOp1Cy0,admin,+1 (387) 331-7177,False,1953-12-15,False,https://cdn.biomedix.com/coldav920.png
ntxghdq@mail.com,Sophia,Soto,sopsot748,$2b$12$UdDeCDGZLnl9uZDKghnR1M,customer,+81 (581) 979-1983,False,1990-05-01,True,https://cdn.biomedix.com/sopsot748.png
nurdtbc@outlook.com,Evelyn,Phillips,evephi571,$2b$12$9z35LhQ3FEmkaNute1yG0j,customer,+34 (372) 720-9452,False,1960-05-19,False,https://cdn.biomedix.com/evephi571.png
iqhvjfs@mail.com,Aaron,Taylor,aartay963,$2b$12$ZoggV6eeqjXntElggpMQd9,admin,+39 (722) 328-4512,True,1983-10-29,False,https://cdn.biomedix.com/aartay963.png
lwcqhyw@gmail.com,Evan,Morales,evamor961,$2b$12$IdOw5XUgSUGofuwx8khY3m,admin,+41 (803) 520-8213,False,1951-08-20,True,https://cdn.biomedix.com/evamor961.png
rtpbidd@yahoo.com,Isaac,Hansen,isahan517,$2b$12$wxl5qV01JUngXFNPxzzUom,customer,+41 (257) 100-8965,True,1957-04-01,False,https://cdn.biomedix.com/isahan517.png
sjwrbql@yahoo.com,Chloe,Ford,chlfor168,$2b$12$0lGiNhxCqtp9UxbFOX5WUd,customer,+81 (868) 730-6777,False,1998-01-15,True,https://cdn.biomedix.com/chlfor168.png
iebysdz@gmail.com,Elena,Fernandez,elefer372,$2b$12$7fZVP6HH8rznlQq5OYtLc5,customer,+49 (132) 965-7128,False,1960-02-13,False,https://cdn.biomedix.com/elefer372.png
fhdtzsn@mail.com,Noah,Ferguson,noafer786,$2b$12$leH7Kt9LRynYtn8B8FaOez,customer,+34 (206) 826-2335,False,2007-12-13,True,https://cdn.biomedix.com/noafer786.png
exbpgwu@gmail.com,Christopher,Soto,chrsot132,$2b$12$W1XRPwS0dXlxURckJgOywX,customer,+41 (437) 209-3556,True,2006-05-16,False,https://cdn.biomedix.com/chrsot132.png
arpahvn@yahoo.com,Aaliyah,Horn,aalhor298,$2b$12$uDh4vS0scLvnsPkVelxjfM,customer,+44 (944) 503-7273,False,1997-02-13,False,https://cdn.biomedix.com/aalhor298.png
ffwvvni@outlook.com,Aaliyah,Morgan,aalmor627,$2b$12$DK2wh8X0icJHen7SY1vsZS,customer,+81 (167) 823-1204,True,1985-12-28,False,https://cdn.biomedix.com/aalmor627.png
laklqgo@outlook.com,Piper,Adams,pipada656,$2b$12$YAZMWhHKDVFc1lZpTfkjgl,customer,+49 (389) 194-8643,True,1968-12-21,False,https://cdn.biomedix.com/pipada656.png
wqgtlpk@yahoo.com,Piper,Romero,piprom603,$2b$12$wu03sG9GY37KjORK5NUy73,customer,+81 (299) 482-4406,False,2001-03-20,True,https://cdn.biomedix.com/piprom603.png
hkevyyd@yahoo.com,Easton,Sanchez,eassan639,$2b$12$7DcC8qd2HaVHpuxCqiBMlN,customer,+41 (658) 488-4697,False,1993-08-11,False,https://cdn.biomedix.com/eassan639.png
hcnspcz@gmail.com,Jacob,Atkinson,jacatk649,$2b$12$qZuU0cZl0A40F3KUzlWA4H,admin,+44 (997) 561-8836,True,1975-06-08,True,https://cdn.biomedix.com/jacatk649.png
riavfmx@mail.com,Layla,Lambert,laylam847,$2b$12$smgCmN6RHpfotqXVRqtk3A,customer,+33 (685) 884-7506,False,2003-03-08,True,https://cdn.biomedix.com/laylam847.png
uuyfdpv@gmail.com,Nathaniel,Castro,natcas235,$2b$12$ViknhdkuHOJ3BCpWctqQJ1,admin,+81 (294) 646-5558,True,1955-05-15,True,https://cdn.biomedix.com/natcas235.png
jnukdpj@yahoo.com,Jacob,Bonilla,jacbon346,$2b$12$FDsONumOfbQbfFraE1pgtS,customer,+34 (377) 183-5390,False,1998-08-06,False,https://cdn.biomedix.com/jacbon346.png
eyihsyd@outlook.com,Layla,Cook,laycoo784,$2b$12$9Ow1yIdfJQ9iQ6UTZ7cqjO,customer,+81 (410) 528-9622,False,1989-06-17,False,https://cdn.biomedix.com/laycoo784.png
qasrspn@outlook.com,Kevin,Elliott,kevell170,$2b$12$wOvun6xfrS719FoivC2gbw,customer,+49 (207) 360-3748,False,1950-01-16,True,https://cdn.biomedix.com/kevell170.png
kauxsvz@gmail.com,Hunter,Gomez,hungom996,$2b$12$kooMlNbwXOnP7PcXTKUxWj,customer,+49 (804) 747-4394,False,1979-07-06,False,https://cdn.biomedix.com/hungom996.png
bjovpek@gmail.com,Jordan,Murphy,jormur239,$2b$12$ZKrys2rk7n3jEasudwwBVw,customer,+44 (405) 469-9964,False,1951-02-07,True,https://cdn.biomedix.com/jormur239.png
rowaqua@yahoo.com,Victoria,Fernandez,vicfer136,$2b$12$YT9HFPYtWU6f10RdKRJ9jH,customer,+81 (220) 784-5366,False,1984-06-17,True,https://cdn.biomedix.com/vicfer136.png
ajlfspe@yahoo.com,Carl,Gutierrez,cargut200,$2b$12$bb2xs83XrfxO5Vxnjten7C,customer,+33 (415) 821-2302,True,2002-12-15,False,https://cdn.biomedix.com/cargut200.png
uzasupl@mail.com,Hudson,Perkins,hudper659,$2b$12$Fj65k5nzpfNCHoHh1ZeIjN,admin,+41 (141) 149-3164,False,1963-06-28,True,https://cdn.biomedix.com/hudper659.png
bnpawif@yahoo.com,Justin,Ward,juswar269,$2b$12$FaQqN08nq0q1T02JVKY29f,admin,+41 (139) 949-2028,False,1954-12-26,False,https://cdn.biomedix.com/juswar269.png
tuuuymq@yahoo.com,Olivia,Morales,olimor836,$2b$12$NF9rx3u2QdY0F1pDxWCFLP,customer,+34 (399) 235-7034,False,1999-06-16,False,https://cdn.biomedix.com/olimor836.png
ptwyyfn@outlook.com,Robert,Meyer,robmey723,$2b$12$CowJzZXriv3dgWkAQyHcH3,admin,+33 (774) 816-3746,True,1961-08-11,False,https://cdn.biomedix.com/robmey723.png
rdrmnxr@yahoo.com,Jace,Cox,jaccox542,$2b$12$ImPxC5JXd4nVkAsrp9MUyu,customer,+33 (496) 210-9145,False,2008-09-18,True,https://cdn.biomedix.com/jaccox542.png
djzndny@mail.com,Samantha,Carter,samcar714,$2b$12$g6lNfTLRowqqjydqFrlOaH,customer,+41 (959) 478-3425,False,1955-03-24,True,https://cdn.biomedix.com/samcar714.png
ixjkzvj@outlook.com,Ezra,Horn,ezrhor736,$2b$12$sA72SqkCG2pBTF68sRSJ4n,customer,+1 (657) 453-1600,False,1977-10-22,False,https://cdn.biomedix.com/ezrhor736.png
onnoqph@yahoo.com,Nathan,Evans,nateva710,$2b$12$gSeAiAEYVka8g0yFXFjLBN,customer,+44 (334) 420-7632,False,1952-09-04,True,https://cdn.biomedix.com/nateva710.png
tahzwhq@yahoo.com,James,Richardson,jamric903,$2b$12$9DMxLHOTHOUP0vXGCVFYET,admin,+49 (947) 151-9818,True,2000-10-23,True,https://cdn.biomedix.com/jamric903.png
mkbmoie@yahoo.com,Hannah,Perry,hanper472,$2b$12$4usGK2tSbxqkb1UNQDdETR,customer,+1 (952) 899-3947,False,1970-12-05,True,https://cdn.biomedix.com/hanper472.png
uizohqh@yahoo.com,Emery,Contreras,emecon222,$2b$12$P8eQLETiNYiHRb71PIsKYo,admin,+33 (823) 658-9875,True,1999-07-03,True,https://cdn.biomedix.com/emecon222.png
doccrhk@mail.com,Charles,Martin,chamar766,$2b$12$0132lYinQEBimxopqrjzCj,customer,+1 (136) 718-5267,True,1953-05-09,False,https://cdn.biomedix.com/chamar766.png
ckhrybp@yahoo.com,Jacob,Reed,jacree434,$2b$12$cDfb0tRMwZZTPgAgXxTgzx,customer,+41 (187) 383-9162,False,1975-03-04,False,https://cdn.biomedix.com/jacree434.png
gbvciue@yahoo.com,Poppy,Silva,popsil105,$2b$12$jAAszcuSirRUa7p3aPWmMR,customer,+81 (501) 495-7991,True,1965-09-23,True,https://cdn.biomedix.com/popsil105.png
jeawyry@gmail.com,Emery,Gamble,emegam771,$2b$12$CBgvdMlmraO53C2nyJRCUb,customer,+44 (809) 736-3432,True,1990-03-22,True,https://cdn.biomedix.com/emegam771.png
gbjdzhs@mail.com,Leah,Pena,leapen773,$2b$12$WBcBvIGRahG9oOhqeOZ1AR,customer,+39 (771) 500-5907,False,1975-01-03,False,https://cdn.biomedix.com/leapen773.png
hnexyvk@mail.com,Grayson,Cooley,gracoo608,$2b$12$l1eRT1ageDtMApQ1Dbd6ic,admin,+39 (951) 783-1533,True,1986-08-13,False,https://cdn.biomedix.com/gracoo608.png
jzrsmtt@mail.com,Joshua,Guzman,josguz273,$2b$12$v04aSRc5U4pHOLZE470Ty6,admin,+34 (262) 416-6530,False,2009-10-17,True,https://cdn.biomedix.com/josguz273.png
opcbils@mail.com,Charles,Kelly,chakel465,$2b$12$to6Exkxk2Ji62bGIhBghP3,admin,+41 (600) 586-7460,False,1989-10-30,False,https://cdn.biomedix.com/chakel465.png
uzgyyxb@mail.com,Aaron,Dominguez,aardom423,$2b$12$4ijnZHpTUxUcKWUgdlaUfO,customer,+33 (978) 880-1716,False,1999-07-05,True,https://cdn.biomedix.com/aardom423.png
erhjvie@gmail.com,Hazel,Cruz,hazcru869,$2b$12$9rjJWjZqcoJJx7uUvwKzX6,customer,+33 (758) 688-3164,False,1992-02-24,False,https://cdn.biomedix.com/hazcru869.png
rnymrhw@outlook.com,Victoria,Stephens,vicste615,$2b$12$uddvldiYXtmGqqSouBeJRU,customer,+41 (982) 928-4591,False,1961-07-27,True,https://cdn.biomedix.com/vicste615.png
ebhcdij@gmail.com,Jonathan,Howard,jonhow201,$2b$12$4tUHzcUrz3c5ti5F3NcOy6,admin,+39 (779) 953-4152,False,1991-03-06,True,https://cdn.biomedix.com/jonhow201.png
emogccp@gmail.com,Levi,Allen,levall138,$2b$12$b3dLpp5VIq91TtnIUb1z4O,admin,+1 (710) 950-4273,True,1988-01-29,False,https://cdn.biomedix.com/levall138.png
ezrbkct@outlook.com,Mackenzie,Parker,macpar332,$2b$12$nK7FxX2Drx2gjzptnkrOQk,customer,+44 (429) 949-3875,False,1974-09-06,True,https://cdn.biomedix.com/macpar332.png
inqmslr@yahoo.com,Mackenzie,Bryant,macbry341,$2b$12$m1gunsQTGEzNsxgfHUJuia,admin,+49 (709) 205-8392,False,1997-12-17,False,https://cdn.biomedix.com/macbry341.png
yktucly@mail.com,Andrew,Atkinson,andatk214,$2b$12$d5ljDqi5NGyK5r9l73zOmU,customer,+1 (957) 542-5092,False,1956-03-29,True,https://cdn.biomedix.com/andatk214.png
paoqktc@gmail.com,Olivia,Martinez,olimar493,$2b$12$BM2uaILfq9WC0oc2iQlmt5,admin,+34 (157) 602-9391,False,1960-12-31,False,https://cdn.biomedix.com/olimar493.png
ljklmzs@mail.com,Mateo,Hamilton,matham830,$2b$12$Jmp9UCAXdLPbSPnFeSiYuw,customer,+39 (274) 575-7330,False,1988-06-27,False,https://cdn.biomedix.com/matham830.png
tecdzjw@mail.com,Evan,Kim,evakim929,$2b$12$Uce4ScsZQ28E5rnx2FPydq,admin,+81 (952) 367-3924,False,1958-01-21,True,https://cdn.biomedix.com/evakim929.png
fjatyel@outlook.com,Cameron,Flores,camflo273,$2b$12$fdsXy3MX9GWghCy08uybDL,customer,+33 (537) 808-6856,False,1994-02-17,False,https://cdn.biomedix.com/camflo273.png
ocexgem@outlook.com,Kinsley,Murray,kinmur364,$2b$12$NpDpW3HooYC8WapNWpoJ7q,customer,+34 (631) 880-2933,False,1981-06-04,True,https://cdn.biomedix.com/kinmur364.png
ssldapa@gmail.com,Joseph,Riley,josril113,$2b$12$zFLfrdtcbI4zJJcdh6cquj,customer,+41 (829) 676-6010,True,1983-02-03,True,https://cdn.biomedix.com/josril113.png
anfpnbc@mail.com,Owen,Cunningham,owecun325,$2b$12$r1hTyBCBe0JSyHDyLwjT5M,customer,+33 (941) 354-6699,False,1970-01-03,False,https://cdn.biomedix.com/owecun325.png
jtcofas@mail.com,Brandon,Lawrence,bralaw743,$2b$12$2xmm6gLy7Lx6iEacN1hBV3,customer,+34 (983) 175-2501,False,2007-11-02,True,https://cdn.biomedix.com/bralaw743.png
tojfwby@gmail.com,Emily,Hudson,emihud148,$2b$12$2IdvdS0KfdCb2WjAJasN0s,admin,+81 (885) 570-8467,True,2007-06-19,True,https://cdn.biomedix.com/emihud148.png
xozztwb@outlook.com,Mateo,Silva,matsil202,$2b$12$f45hTARSm2FSNf4qIl3LFv,admin,+33 (481) 204-8776,True,1978-11-14,True,https://cdn.biomedix.com/matsil202.png
xfvxevg@gmail.com,Owen,Hunter,owehun179,$2b$12$qc34XDOnp5qalvy3J5wLuJ,admin,+34 (669) 462-2670,True,1989-01-23,False,https://cdn.biomedix.com/owehun179.png
pciczve@outlook.com,Ian,Scott,iansco683,$2b$12$PbmBj1wg0l74xh8jkVZF6A,admin,+34 (641) 982-3799,False,1962-05-26,False,https://cdn.biomedix.com/iansco683.png
